ratio,trial,C,s,val-acc,val-f,test-acc,test-f
0.0,0.0,625.0,-1.0,0.6990291262135923,0.6352941176470588,0.7115384615384616,0.6341463414634148
0.0,0.0,625.0,0.0,0.6796116504854369,0.6024096385542168,0.7019230769230769,0.5753424657534246
0.0,0.0,625.0,0.5,0.6601941747572816,0.5783132530120482,0.6730769230769231,0.5526315789473685
0.0,0.0,125.0,-1.0,0.6893203883495146,0.6190476190476191,0.7115384615384616,0.6428571428571429
0.0,0.0,125.0,0.0,0.6699029126213593,0.5952380952380952,0.7115384615384616,0.5945945945945945
0.0,0.0,125.0,0.5,0.6601941747572816,0.5783132530120482,0.6730769230769231,0.5526315789473685
0.0,0.0,25.0,-1.0,0.6796116504854369,0.611764705882353,0.7115384615384616,0.6428571428571429
0.0,0.0,25.0,0.0,0.6796116504854369,0.611764705882353,0.6923076923076923,0.5789473684210527
0.0,0.0,25.0,0.5,0.6601941747572816,0.5783132530120482,0.6730769230769231,0.5526315789473685
0.0,0.0,5.0,-1.0,0.6699029126213593,0.6046511627906976,0.7115384615384616,0.6428571428571429
0.0,0.0,5.0,0.0,0.6796116504854369,0.611764705882353,0.6826923076923077,0.5714285714285715
0.0,0.0,5.0,0.5,0.6893203883495146,0.6,0.6923076923076923,0.5675675675675677
0.0,0.0,1.0,-1.0,0.6116504854368932,0.5454545454545454,0.6923076923076923,0.6190476190476191
0.0,0.0,1.0,0.0,0.6796116504854369,0.5599999999999999,0.6730769230769231,0.5
0.0,0.0,1.0,0.5,0.6796116504854369,0.5352112676056338,0.6442307692307693,0.41269841269841273
0.0,0.0,0.2,-1.0,0.6601941747572816,0.5205479452054794,0.6634615384615384,0.4927536231884058
0.0,0.0,0.2,0.0,0.6504854368932039,0.3571428571428571,0.6057692307692307,0.2545454545454546
0.0,0.0,0.2,0.5,0.6213592233009708,0.45070422535211263,0.6153846153846154,0.3548387096774194
0.0,0.0,0.04,-1.0,0.5825242718446602,0.0,0.5769230769230769,0.0
0.0,0.0,0.04,0.0,0.0,0.0,0.0,0.0
0.0,0.0,0.04,0.5,0.0,0.0,0.0,0.0
0.0,0.0,0.008,-1.0,0.5825242718446602,0.0,0.5769230769230769,0.0
0.0,0.0,0.008,0.0,0.0,0.0,0.0,0.0
0.0,0.0,0.008,0.5,0.0,0.0,0.0,0.0
0.0,0.0,0.0016,-1.0,0.5825242718446602,0.0,0.5769230769230769,0.0
0.0,0.0,0.0016,0.0,0.0,0.0,0.0,0.0
0.0,0.0,0.0016,0.5,0.0,0.0,0.0,0.0
0.0,1.0,625.0,-1.0,0.6893203883495146,0.627906976744186,0.6923076923076923,0.6097560975609756
0.0,1.0,625.0,0.0,0.6893203883495146,0.5897435897435898,0.6826923076923077,0.5217391304347826
0.0,1.0,625.0,0.5,0.6504854368932039,0.45454545454545453,0.6442307692307693,0.3934426229508196
0.0,1.0,125.0,-1.0,0.6990291262135923,0.6436781609195402,0.7211538461538461,0.6419753086419752
0.0,1.0,125.0,0.0,0.6893203883495146,0.5897435897435898,0.6826923076923077,0.5217391304347826
0.0,1.0,125.0,0.5,0.6504854368932039,0.45454545454545453,0.6442307692307693,0.3934426229508196
0.0,1.0,25.0,-1.0,0.6796116504854369,0.6597938144329897,0.6153846153846154,0.5652173913043478
0.0,1.0,25.0,0.0,0.6796116504854369,0.6024096385542168,0.6826923076923077,0.547945205479452
0.0,1.0,25.0,0.5,0.6504854368932039,0.45454545454545453,0.6442307692307693,0.3934426229508196
0.0,1.0,5.0,-1.0,0.6893203883495146,0.6363636363636365,0.6826923076923077,0.5925925925925926
0.0,1.0,5.0,0.0,0.6310679611650486,0.5365853658536585,0.625,0.49350649350649345
0.0,1.0,5.0,0.5,0.6504854368932039,0.43750000000000006,0.6442307692307693,0.4126984126984127
0.0,1.0,1.0,-1.0,0.6796116504854369,0.5822784810126582,0.7019230769230769,0.5974025974025974
0.0,1.0,1.0,0.0,0.5825242718446602,0.21818181818181817,0.5769230769230769,0.15384615384615383
0.0,1.0,1.0,0.5,0.5533980582524272,0.20689655172413793,0.6057692307692307,0.25454545454545446
0.0,1.0,0.2,-1.0,0.5631067961165048,0.18181818181818182,0.6057692307692307,0.22641509433962262
0.0,1.0,0.2,0.0,0.0,0.0,0.0,0.0
0.0,1.0,0.2,0.5,0.0,0.0,0.0,0.0
0.0,1.0,0.04,-1.0,0.5339805825242718,0.0,0.5480769230769231,0.0
0.0,1.0,0.04,0.0,0.0,0.0,0.0,0.0
0.0,1.0,0.04,0.5,0.0,0.0,0.0,0.0
0.0,1.0,0.008,-1.0,0.5339805825242718,0.0,0.5480769230769231,0.0
0.0,1.0,0.008,0.0,0.0,0.0,0.0,0.0
0.0,1.0,0.008,0.5,0.0,0.0,0.0,0.0
0.0,1.0,0.0016,-1.0,0.5339805825242718,0.0,0.5480769230769231,0.0
0.0,1.0,0.0016,0.0,0.0,0.0,0.0,0.0
0.0,1.0,0.0016,0.5,0.0,0.0,0.0,0.0
0.0,2.0,625.0,-1.0,0.6504854368932039,0.5135135135135135,0.7307692307692307,0.631578947368421
0.0,2.0,625.0,0.0,0.6601941747572816,0.5783132530120482,0.6923076923076923,0.6
0.0,2.0,625.0,0.5,0.6893203883495146,0.5675675675675677,0.6923076923076923,0.5675675675675675
0.0,2.0,125.0,-1.0,0.6504854368932039,0.5263157894736842,0.7307692307692307,0.631578947368421
0.0,2.0,125.0,0.0,0.6893203883495146,0.5897435897435898,0.6923076923076923,0.5789473684210527
0.0,2.0,125.0,0.5,0.6893203883495146,0.5675675675675677,0.6923076923076923,0.5675675675675675
0.0,2.0,25.0,-1.0,0.6699029126213593,0.5526315789473685,0.7115384615384616,0.5945945945945945
0.0,2.0,25.0,0.0,0.6601941747572816,0.5679012345679012,0.7115384615384616,0.6153846153846153
0.0,2.0,25.0,0.5,0.6699029126213593,0.5526315789473685,0.6923076923076923,0.5675675675675675
0.0,2.0,5.0,-1.0,0.6699029126213593,0.5405405405405406,0.6826923076923077,0.5479452054794521
0.0,2.0,5.0,0.0,0.6504854368932039,0.5263157894736842,0.6826923076923077,0.5479452054794521
0.0,2.0,5.0,0.5,0.7281553398058253,0.6111111111111112,0.6538461538461539,0.5263157894736842
0.0,2.0,1.0,-1.0,0.6893203883495146,0.5789473684210527,0.6634615384615384,0.5454545454545454
0.0,2.0,1.0,0.0,0.6893203883495146,0.5,0.5769230769230769,0.2903225806451613
0.0,2.0,1.0,0.5,0.6699029126213593,0.5,0.6634615384615384,0.4776119402985074
0.0,2.0,0.2,-1.0,0.6796116504854369,0.5599999999999999,0.6538461538461539,0.5135135135135135
0.0,2.0,0.2,0.0,0.5922330097087378,0.04545454545454545,0.5673076923076923,0.0
0.0,2.0,0.2,0.5,0.5922330097087378,0.04545454545454545,0.5673076923076923,0.0
0.0,2.0,0.04,-1.0,0.6019417475728155,0.16326530612244897,0.5576923076923077,0.07999999999999999
0.0,2.0,0.04,0.0,0.0,0.0,0.0,0.0
0.0,2.0,0.04,0.5,0.0,0.0,0.0,0.0
0.0,2.0,0.008,-1.0,0.5825242718446602,0.0,0.5673076923076923,0.0
0.0,2.0,0.008,0.0,0.0,0.0,0.0,0.0
0.0,2.0,0.008,0.5,0.0,0.0,0.0,0.0
0.0,2.0,0.0016,-1.0,0.5825242718446602,0.0,0.5673076923076923,0.0
0.0,2.0,0.0016,0.0,0.0,0.0,0.0,0.0
0.0,2.0,0.0016,0.5,0.0,0.0,0.0,0.0
0.0,3.0,625.0,-1.0,0.6407766990291263,0.5432098765432098,0.6826923076923077,0.5714285714285715
0.0,3.0,625.0,0.0,0.6796116504854369,0.56,0.7115384615384616,0.6153846153846153
0.0,3.0,625.0,0.5,0.6019417475728155,0.45333333333333337,0.6923076923076923,0.6
0.0,3.0,125.0,-1.0,0.6699029126213593,0.5641025641025641,0.6923076923076923,0.5789473684210527
0.0,3.0,125.0,0.0,0.6699029126213593,0.5526315789473685,0.7019230769230769,0.5974025974025974
0.0,3.0,125.0,0.5,0.6019417475728155,0.45333333333333337,0.6923076923076923,0.6
0.0,3.0,25.0,-1.0,0.6407766990291263,0.5432098765432098,0.6730769230769231,0.5405405405405405
0.0,3.0,25.0,0.0,0.6699029126213593,0.575,0.7307692307692307,0.6585365853658537
0.0,3.0,25.0,0.5,0.6019417475728155,0.45333333333333337,0.6923076923076923,0.6
0.0,3.0,5.0,-1.0,0.6310679611650486,0.525,0.6923076923076923,0.6
0.0,3.0,5.0,0.0,0.6407766990291263,0.5747126436781609,0.7019230769230769,0.6352941176470588
0.0,3.0,5.0,0.5,0.6407766990291263,0.5194805194805195,0.7211538461538461,0.6329113924050633
0.0,3.0,1.0,-1.0,0.6601941747572816,0.5882352941176472,0.7115384615384616,0.6153846153846153
0.0,3.0,1.0,0.0,0.5533980582524272,0.20689655172413793,0.6442307692307693,0.3508771929824562
0.0,3.0,1.0,0.5,0.5339805825242718,0.1724137931034483,0.5673076923076923,0.11764705882352941
0.0,3.0,0.2,-1.0,0.5436893203883495,0.22950819672131148,0.6442307692307693,0.37288135593220334
0.0,3.0,0.2,0.0,0.5339805825242718,0.039999999999999994,0.5961538461538461,0.0
0.0,3.0,0.2,0.5,0.5242718446601942,0.0392156862745098,0.5961538461538461,0.08695652173913042
0.0,3.0,0.04,-1.0,0.5242718446601942,0.0,0.5961538461538461,0.0
0.0,3.0,0.04,0.0,0.0,0.0,0.0,0.0
0.0,3.0,0.04,0.5,0.0,0.0,0.0,0.0
0.0,3.0,0.008,-1.0,0.5339805825242718,0.0,0.5961538461538461,0.0
0.0,3.0,0.008,0.0,0.0,0.0,0.0,0.0
0.0,3.0,0.008,0.5,0.0,0.0,0.0,0.0
0.0,3.0,0.0016,-1.0,0.5339805825242718,0.0,0.5961538461538461,0.0
0.0,3.0,0.0016,0.0,0.0,0.0,0.0,0.0
0.0,3.0,0.0016,0.5,0.0,0.0,0.0,0.0
0.0,4.0,625.0,-1.0,0.6796116504854369,0.6373626373626373,0.6442307692307693,0.6105263157894736
0.0,4.0,625.0,0.0,0.6407766990291263,0.5647058823529412,0.6730769230769231,0.6046511627906976
0.0,4.0,625.0,0.5,0.6407766990291263,0.5316455696202531,0.6923076923076923,0.5897435897435898
0.0,4.0,125.0,-1.0,0.6796116504854369,0.6292134831460674,0.6346153846153846,0.6041666666666666
0.0,4.0,125.0,0.0,0.6407766990291263,0.5647058823529412,0.6538461538461539,0.6
0.0,4.0,125.0,0.5,0.6407766990291263,0.5316455696202531,0.6923076923076923,0.5897435897435898
0.0,4.0,25.0,-1.0,0.6699029126213593,0.6046511627906977,0.6442307692307693,0.5934065934065934
0.0,4.0,25.0,0.0,0.6310679611650486,0.5128205128205129,0.7403846153846154,0.6666666666666667
0.0,4.0,25.0,0.5,0.6407766990291263,0.5316455696202531,0.6826923076923077,0.5822784810126582
0.0,4.0,5.0,-1.0,0.6407766990291263,0.5432098765432098,0.6826923076923077,0.6117647058823529
0.0,4.0,5.0,0.0,0.6699029126213593,0.5853658536585366,0.7307692307692307,0.6585365853658538
0.0,4.0,5.0,0.5,0.6699029126213593,0.5641025641025642,0.6730769230769231,0.5952380952380952
0.0,4.0,1.0,-1.0,0.6407766990291263,0.5432098765432098,0.6730769230769231,0.6046511627906976
0.0,4.0,1.0,0.0,0.6699029126213593,0.575,0.7307692307692307,0.65
0.0,4.0,1.0,0.5,0.6504854368932039,0.5263157894736842,0.7115384615384616,0.625
0.0,4.0,0.2,-1.0,0.6601941747572816,0.4927536231884058,0.7115384615384616,0.5833333333333333
0.0,4.0,0.2,0.0,0.6019417475728155,0.3692307692307692,0.6730769230769231,0.4999999999999999
0.0,4.0,0.2,0.5,0.0,0.0,0.0,0.0
0.0,4.0,0.04,-1.0,0.5922330097087378,0.04545454545454545,0.5576923076923077,0.0
0.0,4.0,0.04,0.0,0.0,0.0,0.0,0.0
0.0,4.0,0.04,0.5,0.0,0.0,0.0,0.0
0.0,4.0,0.008,-1.0,0.5922330097087378,0.0,0.5576923076923077,0.0
0.0,4.0,0.008,0.0,0.0,0.0,0.0,0.0
0.0,4.0,0.008,0.5,0.0,0.0,0.0,0.0
0.0,4.0,0.0016,-1.0,0.5922330097087378,0.0,0.5576923076923077,0.0
0.0,4.0,0.0016,0.0,0.0,0.0,0.0,0.0
0.0,4.0,0.0016,0.5,0.0,0.0,0.0,0.0
0.0,5.0,625.0,-1.0,0.7087378640776699,0.6052631578947368,0.6346153846153846,0.5777777777777778
0.0,5.0,625.0,0.0,0.6990291262135923,0.5753424657534247,0.6730769230769231,0.6046511627906976
0.0,5.0,625.0,0.5,0.6796116504854369,0.547945205479452,0.6634615384615384,0.5679012345679012
0.0,5.0,125.0,-1.0,0.6796116504854369,0.5599999999999999,0.6057692307692307,0.5393258426966292
0.0,5.0,125.0,0.0,0.6990291262135923,0.5753424657534247,0.6826923076923077,0.611764705882353
0.0,5.0,125.0,0.5,0.6601941747572816,0.5205479452054794,0.6346153846153846,0.525
0.0,5.0,25.0,-1.0,0.6893203883495146,0.5789473684210528,0.6346153846153846,0.5681818181818183
0.0,5.0,25.0,0.0,0.7087378640776699,0.5833333333333334,0.6730769230769231,0.6046511627906976
0.0,5.0,25.0,0.5,0.6601941747572816,0.5205479452054794,0.6346153846153846,0.525
0.0,5.0,5.0,-1.0,0.6990291262135923,0.5866666666666667,0.6634615384615384,0.5882352941176471
0.0,5.0,5.0,0.0,0.6796116504854369,0.5714285714285715,0.6442307692307693,0.5747126436781609
0.0,5.0,5.0,0.5,0.6407766990291263,0.5066666666666667,0.6442307692307693,0.5647058823529412
0.0,5.0,1.0,-1.0,0.7087378640776699,0.5945945945945945,0.6826923076923077,0.611764705882353
0.0,5.0,1.0,0.0,0.6310679611650486,0.5128205128205128,0.6153846153846154,0.5454545454545454
0.0,5.0,1.0,0.5,0.6504854368932039,0.47058823529411764,0.6442307692307693,0.49315068493150693
0.0,5.0,0.2,-1.0,0.6504854368932039,0.5384615384615384,0.5865384615384616,0.4941176470588235
0.0,5.0,0.2,0.0,0.5533980582524272,0.14814814814814814,0.6057692307692307,0.22641509433962265
0.0,5.0,0.2,0.5,0.6213592233009708,0.1702127659574468,0.5961538461538461,0.08695652173913045
0.0,5.0,0.04,-1.0,0.5922330097087378,0.38235294117647056,0.5961538461538461,0.41666666666666663
0.0,5.0,0.04,0.0,0.0,0.0,0.0,0.0
0.0,5.0,0.04,0.5,0.5631067961165048,0.11764705882352941,0.6153846153846154,0.2592592592592593
0.0,5.0,0.008,-1.0,0.0,0.0,0.0,0.0
0.0,5.0,0.008,0.0,0.0,0.0,0.0,0.0
0.0,5.0,0.008,0.5,0.0,0.0,0.0,0.0
0.0,5.0,0.0016,-1.0,0.0,0.0,0.0,0.0
0.0,5.0,0.0016,0.0,0.0,0.0,0.0,0.0
0.0,5.0,0.0016,0.5,0.0,0.0,0.0,0.0
0.0,6.0,625.0,-1.0,0.6407766990291263,0.49315068493150693,0.6730769230769231,0.5142857142857142
0.0,6.0,625.0,0.0,0.6601941747572816,0.5679012345679012,0.7211538461538461,0.6233766233766235
0.0,6.0,625.0,0.5,0.6213592233009708,0.4657534246575343,0.6826923076923077,0.56
0.0,6.0,125.0,-1.0,0.6504854368932039,0.5000000000000001,0.6923076923076923,0.5555555555555555
0.0,6.0,125.0,0.0,0.6504854368932039,0.55,0.7211538461538461,0.6027397260273972
0.0,6.0,125.0,0.5,0.6213592233009708,0.4657534246575343,0.6826923076923077,0.56
0.0,6.0,25.0,-1.0,0.6796116504854369,0.5925925925925926,0.7115384615384616,0.6341463414634145
0.0,6.0,25.0,0.0,0.6990291262135923,0.5753424657534246,0.7019230769230769,0.5507246376811594
0.0,6.0,25.0,0.5,0.6601941747572816,0.5333333333333333,0.6826923076923077,0.56
0.0,6.0,5.0,-1.0,0.6796116504854369,0.5352112676056339,0.7403846153846154,0.6197183098591549
0.0,6.0,5.0,0.0,0.6893203883495146,0.5428571428571428,0.7307692307692307,0.6000000000000001
0.0,6.0,5.0,0.5,0.6601941747572816,0.5205479452054794,0.6730769230769231,0.5277777777777777
0.0,6.0,1.0,-1.0,0.6310679611650486,0.5,0.7115384615384616,0.5714285714285714
0.0,6.0,1.0,0.0,0.6893203883495146,0.5428571428571428,0.6730769230769231,0.5142857142857142
0.0,6.0,1.0,0.5,0.6796116504854369,0.5217391304347826,0.6442307692307693,0.4477611940298507
0.0,6.0,0.2,-1.0,0.6504854368932039,0.4375,0.6346153846153846,0.3448275862068966
0.0,6.0,0.2,0.0,0.5922330097087378,0.08695652173913045,0.5673076923076923,0.0816326530612245
0.0,6.0,0.2,0.5,0.0,0.0,0.0,0.0
0.0,6.0,0.04,-1.0,0.5825242718446602,0.044444444444444446,0.5769230769230769,0.04347826086956522
0.0,6.0,0.04,0.0,0.0,0.0,0.0,0.0
0.0,6.0,0.04,0.5,0.0,0.0,0.0,0.0
0.0,6.0,0.008,-1.0,0.5728155339805825,0.0,0.5673076923076923,0.0
0.0,6.0,0.008,0.0,0.0,0.0,0.0,0.0
0.0,6.0,0.008,0.5,0.0,0.0,0.0,0.0
0.0,6.0,0.0016,-1.0,0.5728155339805825,0.0,0.5673076923076923,0.0
0.0,6.0,0.0016,0.0,0.0,0.0,0.0,0.0
0.0,6.0,0.0016,0.5,0.0,0.0,0.0,0.0
0.0,7.0,625.0,-1.0,0.7087378640776699,0.4444444444444444,0.6346153846153846,0.4571428571428571
0.0,7.0,625.0,0.0,0.6893203883495146,0.5555555555555556,0.6826923076923077,0.6292134831460675
0.0,7.0,625.0,0.5,0.7087378640776699,0.5,0.7307692307692307,0.65
0.0,7.0,125.0,-1.0,0.7087378640776699,0.4444444444444444,0.6634615384615384,0.5205479452054794
0.0,7.0,125.0,0.0,0.6796116504854369,0.4923076923076923,0.6826923076923077,0.6206896551724138
0.0,7.0,125.0,0.5,0.7087378640776699,0.5,0.7307692307692307,0.65
0.0,7.0,25.0,-1.0,0.6990291262135923,0.49180327868852464,0.7211538461538461,0.6666666666666667
0.0,7.0,25.0,0.0,0.6990291262135923,0.41509433962264153,0.6346153846153846,0.4571428571428571
0.0,7.0,25.0,0.5,0.6990291262135923,0.47457627118644075,0.7307692307692307,0.65
0.0,7.0,5.0,-1.0,0.6893203883495146,0.40740740740740744,0.6826923076923077,0.5599999999999999
0.0,7.0,5.0,0.0,0.7087378640776699,0.5,0.7115384615384616,0.6341463414634146
0.0,7.0,5.0,0.5,0.6893203883495146,0.4482758620689656,0.6923076923076923,0.6097560975609756
0.0,7.0,1.0,-1.0,0.6990291262135923,0.41509433962264153,0.6634615384615384,0.5070422535211268
0.0,7.0,1.0,0.0,0.6990291262135923,0.41509433962264153,0.6538461538461539,0.5
0.0,7.0,1.0,0.5,0.6310679611650486,0.32142857142857145,0.6538461538461539,0.5
0.0,7.0,0.2,-1.0,0.6699029126213593,0.3703703703703704,0.6538461538461539,0.4705882352941176
0.0,7.0,0.2,0.0,0.7184466019417476,0.45283018867924524,0.6634615384615384,0.4776119402985074
0.0,7.0,0.2,0.5,0.5436893203883495,0.22950819672131148,0.5576923076923077,0.39473684210526316
0.0,7.0,0.04,-1.0,0.6504854368932039,0.0,0.5576923076923077,0.0
0.0,7.0,0.04,0.0,0.0,0.0,0.0,0.0
0.0,7.0,0.04,0.5,0.0,0.0,0.0,0.0
0.0,7.0,0.008,-1.0,0.6504854368932039,0.0,0.5576923076923077,0.0
0.0,7.0,0.008,0.0,0.0,0.0,0.0,0.0
0.0,7.0,0.008,0.5,0.0,0.0,0.0,0.0
0.0,7.0,0.0016,-1.0,0.6504854368932039,0.0,0.5576923076923077,0.0
0.0,7.0,0.0016,0.0,0.0,0.0,0.0,0.0
0.0,7.0,0.0016,0.5,0.0,0.0,0.0,0.0
0.0,8.0,625.0,-1.0,0.7184466019417476,0.6506024096385543,0.5576923076923077,0.46511627906976744
0.0,8.0,625.0,0.0,0.6796116504854369,0.6373626373626373,0.5576923076923077,0.5106382978723404
0.0,8.0,625.0,0.5,0.6310679611650486,0.6041666666666667,0.5576923076923077,0.5106382978723404
0.0,8.0,125.0,-1.0,0.7184466019417476,0.6419753086419753,0.5673076923076923,0.4578313253012048
0.0,8.0,125.0,0.0,0.6990291262135923,0.6436781609195403,0.5673076923076923,0.49438202247191015
0.0,8.0,125.0,0.5,0.6310679611650486,0.6041666666666667,0.5576923076923077,0.5106382978723404
0.0,8.0,25.0,-1.0,0.6893203883495146,0.6097560975609756,0.5865384615384616,0.4819277108433735
0.0,8.0,25.0,0.0,0.6796116504854369,0.6373626373626373,0.5769230769230769,0.5111111111111111
0.0,8.0,25.0,0.5,0.6310679611650486,0.6041666666666667,0.5576923076923077,0.5106382978723404
0.0,8.0,5.0,-1.0,0.6990291262135923,0.6172839506172839,0.5961538461538461,0.4878048780487805
0.0,8.0,5.0,0.0,0.6796116504854369,0.611764705882353,0.5576923076923077,0.45238095238095233
0.0,8.0,5.0,0.5,0.6601941747572816,0.6236559139784946,0.5480769230769231,0.4946236559139785
0.0,8.0,1.0,-1.0,0.6990291262135923,0.6172839506172839,0.6057692307692307,0.49382716049382713
0.0,8.0,1.0,0.0,0.7087378640776699,0.6428571428571428,0.5865384615384616,0.5057471264367817
0.0,8.0,1.0,0.5,0.6019417475728155,0.6095238095238095,0.4519230769230769,0.4466019417475728
0.0,8.0,0.2,-1.0,0.6601941747572816,0.631578947368421,0.5192307692307693,0.46808510638297873
0.0,8.0,0.2,0.0,0.5728155339805825,0.5769230769230769,0.46153846153846156,0.4509803921568628
0.0,8.0,0.2,0.5,0.6116504854368932,0.5454545454545454,0.5192307692307693,0.4318181818181818
0.0,8.0,0.04,-1.0,0.6504854368932039,0.5813953488372092,0.5576923076923077,0.46511627906976744
0.0,8.0,0.04,0.0,0.0,0.0,0.0,0.0
0.0,8.0,0.04,0.5,0.0,0.0,0.0,0.0
0.0,8.0,0.008,-1.0,0.0,0.0,0.0,0.0
0.0,8.0,0.008,0.0,0.0,0.0,0.0,0.0
0.0,8.0,0.008,0.5,0.0,0.0,0.0,0.0
0.0,8.0,0.0016,-1.0,0.0,0.0,0.0,0.0
0.0,8.0,0.0016,0.0,0.0,0.0,0.0,0.0
0.0,8.0,0.0016,0.5,0.0,0.0,0.0,0.0
0.0,9.0,625.0,-1.0,0.6990291262135923,0.6352941176470588,0.7115384615384616,0.5833333333333334
0.0,9.0,625.0,0.0,0.6990291262135923,0.617283950617284,0.6923076923076923,0.515151515151515
0.0,9.0,625.0,0.5,0.5728155339805825,0.3529411764705882,0.6346153846153846,0.3448275862068965
0.0,9.0,125.0,-1.0,0.6990291262135923,0.6352941176470588,0.7115384615384616,0.5833333333333334
0.0,9.0,125.0,0.0,0.6990291262135923,0.617283950617284,0.7019230769230769,0.537313432835821
0.0,9.0,125.0,0.5,0.5728155339805825,0.3529411764705882,0.6346153846153846,0.3448275862068965
0.0,9.0,25.0,-1.0,0.6699029126213593,0.5952380952380952,0.7115384615384616,0.5714285714285714
0.0,9.0,25.0,0.0,0.6796116504854369,0.5822784810126582,0.6826923076923077,0.5217391304347826
0.0,9.0,25.0,0.5,0.5728155339805825,0.3529411764705882,0.6346153846153846,0.3448275862068965
0.0,9.0,5.0,-1.0,0.6601941747572816,0.5783132530120482,0.7115384615384616,0.5714285714285714
0.0,9.0,5.0,0.0,0.6699029126213593,0.5750000000000001,0.6826923076923077,0.5074626865671641
0.0,9.0,5.0,0.5,0.5728155339805825,0.3529411764705882,0.6346153846153846,0.3448275862068965
0.0,9.0,1.0,-1.0,0.6407766990291263,0.5066666666666667,0.6634615384615384,0.4615384615384615
0.0,9.0,1.0,0.0,0.5825242718446602,0.27118644067796605,0.6634615384615384,0.36363636363636365
0.0,9.0,1.0,0.5,0.5533980582524272,0.28125,0.6442307692307693,0.3728813559322034
0.0,9.0,0.2,-1.0,0.5631067961165048,0.21052631578947364,0.6057692307692307,0.19607843137254902
0.0,9.0,0.2,0.0,0.5339805825242718,0.039999999999999994,0.5769230769230769,0.0
0.0,9.0,0.2,0.5,0.5339805825242718,0.07692307692307691,0.5769230769230769,0.08333333333333334
0.0,9.0,0.04,-1.0,0.5242718446601942,0.0,0.5769230769230769,0.0
0.0,9.0,0.04,0.0,0.0,0.0,0.0,0.0
0.0,9.0,0.04,0.5,0.0,0.0,0.0,0.0
0.0,9.0,0.008,-1.0,0.5242718446601942,0.0,0.5769230769230769,0.0
0.0,9.0,0.008,0.0,0.0,0.0,0.0,0.0
0.0,9.0,0.008,0.5,0.0,0.0,0.0,0.0
0.0,9.0,0.0016,-1.0,0.5242718446601942,0.0,0.5769230769230769,0.0
0.0,9.0,0.0016,0.0,0.0,0.0,0.0,0.0
0.0,9.0,0.0016,0.5,0.0,0.0,0.0,0.0
0.03,0.0,625.0,-1.0,0.6893203883495146,0.6363636363636364,0.5961538461538461,0.4878048780487805
0.03,0.0,625.0,0.0,0.6893203883495146,0.6363636363636364,0.6057692307692307,0.5060240963855422
0.03,0.0,625.0,0.5,0.6893203883495146,0.6363636363636364,0.5769230769230769,0.45
0.03,0.0,125.0,-1.0,0.6893203883495146,0.6363636363636364,0.6057692307692307,0.5060240963855422
0.03,0.0,125.0,0.0,0.6796116504854369,0.6292134831460675,0.5961538461538461,0.5
0.03,0.0,125.0,0.5,0.6893203883495146,0.6363636363636364,0.5769230769230769,0.45
0.03,0.0,25.0,-1.0,0.6601941747572816,0.6153846153846154,0.5865384615384616,0.49411764705882355
0.03,0.0,25.0,0.0,0.6796116504854369,0.6292134831460675,0.5865384615384616,0.49411764705882355
0.03,0.0,25.0,0.5,0.6893203883495146,0.6363636363636364,0.5769230769230769,0.45
0.03,0.0,5.0,-1.0,0.6601941747572816,0.5783132530120482,0.5769230769230769,0.46341463414634143
0.03,0.0,5.0,0.0,0.6796116504854369,0.6292134831460675,0.5673076923076923,0.48275862068965514
0.03,0.0,5.0,0.5,0.6699029126213593,0.6046511627906977,0.5769230769230769,0.46341463414634143
0.03,0.0,1.0,-1.0,0.6504854368932039,0.5714285714285713,0.5673076923076923,0.43037974683544306
0.03,0.0,1.0,0.0,0.6504854368932039,0.6086956521739131,0.5961538461538461,0.5227272727272727
0.03,0.0,1.0,0.5,0.6796116504854369,0.6451612903225806,0.5769230769230769,0.5
0.03,0.0,0.2,-1.0,0.6504854368932039,0.5714285714285713,0.5192307692307693,0.3902439024390244
0.03,0.0,0.2,0.0,0.5825242718446602,0.4556962025316455,0.5480769230769231,0.3896103896103896
0.03,0.0,0.2,0.5,0.5631067961165048,0.5054945054945055,0.5096153846153846,0.3999999999999999
0.03,0.0,0.04,-1.0,0.6213592233009708,0.38095238095238093,0.5673076923076923,0.1176470588235294
0.03,0.0,0.04,0.0,0.5728155339805825,0.0,0.6153846153846154,0.0
0.03,0.0,0.04,0.5,0.5631067961165048,0.0,0.6153846153846154,0.0
0.03,0.0,0.008,-1.0,0.5728155339805825,0.0,0.6153846153846154,0.0
0.03,0.0,0.008,0.0,0.0,0.0,0.0,0.0
0.03,0.0,0.008,0.5,0.0,0.0,0.0,0.0
0.03,0.0,0.0016,-1.0,0.5728155339805825,0.0,0.6153846153846154,0.0
0.03,0.0,0.0016,0.0,0.0,0.0,0.0,0.0
0.03,0.0,0.0016,0.5,0.0,0.0,0.0,0.0
0.03,1.0,625.0,-1.0,0.6699029126213593,0.5277777777777778,0.7307692307692307,0.65
0.03,1.0,625.0,0.0,0.6796116504854369,0.5074626865671641,0.75,0.6666666666666667
0.03,1.0,625.0,0.5,0.6990291262135923,0.5373134328358209,0.75,0.6486486486486486
0.03,1.0,125.0,-1.0,0.6699029126213593,0.5277777777777778,0.7307692307692307,0.65
0.03,1.0,125.0,0.0,0.6699029126213593,0.5,0.7596153846153846,0.6835443037974683
0.03,1.0,125.0,0.5,0.6990291262135923,0.5373134328358209,0.75,0.6486486486486486
0.03,1.0,25.0,-1.0,0.6310679611650486,0.5128205128205128,0.7307692307692307,0.6744186046511628
0.03,1.0,25.0,0.0,0.6310679611650486,0.48648648648648646,0.7596153846153846,0.6835443037974683
0.03,1.0,25.0,0.5,0.6893203883495146,0.5294117647058824,0.7307692307692307,0.631578947368421
0.03,1.0,5.0,-1.0,0.6504854368932039,0.5135135135135135,0.75,0.6666666666666667
0.03,1.0,5.0,0.0,0.6504854368932039,0.4545454545454546,0.7403846153846154,0.6301369863013699
0.03,1.0,5.0,0.5,0.6504854368932039,0.4375,0.7115384615384616,0.5714285714285714
0.03,1.0,1.0,-1.0,0.6990291262135923,0.523076923076923,0.7692307692307693,0.6842105263157896
0.03,1.0,1.0,0.0,0.6893203883495146,0.4482758620689655,0.7403846153846154,0.6301369863013699
0.03,1.0,1.0,0.5,0.7087378640776699,0.4999999999999999,0.7596153846153846,0.6575342465753425
0.03,1.0,0.2,-1.0,0.6601941747572816,0.339622641509434,0.7019230769230769,0.4918032786885246
0.03,1.0,0.2,0.0,0.5922330097087378,0.0,0.5769230769230769,0.0
0.03,1.0,0.2,0.5,0.5825242718446602,0.0,0.5769230769230769,0.0
0.03,1.0,0.04,-1.0,0.6116504854368932,0.047619047619047616,0.5769230769230769,0.0
0.03,1.0,0.04,0.0,0.5825242718446602,0.0,0.5769230769230769,0.0
0.03,1.0,0.04,0.5,0.5825242718446602,0.0,0.5769230769230769,0.0
0.03,1.0,0.008,-1.0,0.6019417475728155,0.0,0.5769230769230769,0.0
0.03,1.0,0.008,0.0,0.0,0.0,0.0,0.0
0.03,1.0,0.008,0.5,0.0,0.0,0.0,0.0
0.03,1.0,0.0016,-1.0,0.6019417475728155,0.0,0.5769230769230769,0.0
0.03,1.0,0.0016,0.0,0.0,0.0,0.0,0.0
0.03,1.0,0.0016,0.5,0.0,0.0,0.0,0.0
0.03,2.0,625.0,-1.0,0.6504854368932039,0.5000000000000001,0.7307692307692307,0.5483870967741935
0.03,2.0,625.0,0.0,0.5631067961165048,0.04255319148936171,0.6538461538461539,0.18181818181818182
0.03,2.0,625.0,0.5,0.5825242718446602,0.044444444444444446,0.6346153846153846,0.05
0.03,2.0,125.0,-1.0,0.6504854368932039,0.5000000000000001,0.75,0.5666666666666667
0.03,2.0,125.0,0.0,0.5631067961165048,0.04255319148936171,0.6538461538461539,0.18181818181818182
0.03,2.0,125.0,0.5,0.5825242718446602,0.044444444444444446,0.6346153846153846,0.05
0.03,2.0,25.0,-1.0,0.6796116504854369,0.5599999999999999,0.7307692307692307,0.5625
0.03,2.0,25.0,0.0,0.5631067961165048,0.04255319148936171,0.6538461538461539,0.18181818181818182
0.03,2.0,25.0,0.5,0.5825242718446602,0.044444444444444446,0.6346153846153846,0.05
0.03,2.0,5.0,-1.0,0.6601941747572816,0.5333333333333333,0.7307692307692307,0.5882352941176471
0.03,2.0,5.0,0.0,0.5728155339805825,0.21428571428571427,0.6538461538461539,0.21739130434782608
0.03,2.0,5.0,0.5,0.5825242718446602,0.044444444444444446,0.6346153846153846,0.05
0.03,2.0,1.0,-1.0,0.6407766990291263,0.5066666666666667,0.7211538461538461,0.5797101449275363
0.03,2.0,1.0,0.0,0.5728155339805825,0.21428571428571427,0.6442307692307693,0.21276595744680848
0.03,2.0,1.0,0.5,0.5825242718446602,0.044444444444444446,0.625,0.0
0.03,2.0,0.2,-1.0,0.6407766990291263,0.463768115942029,0.7115384615384616,0.53125
0.03,2.0,0.2,0.0,0.5728155339805825,0.0,0.625,0.0
0.03,2.0,0.2,0.5,0.5825242718446602,0.044444444444444446,0.625,0.0
0.03,2.0,0.04,-1.0,0.5631067961165048,0.0,0.625,0.0
0.03,2.0,0.04,0.0,0.5728155339805825,0.0,0.625,0.0
0.03,2.0,0.04,0.5,0.5728155339805825,0.0,0.625,0.0
0.03,2.0,0.008,-1.0,0.5728155339805825,0.0,0.625,0.0
0.03,2.0,0.008,0.0,0.0,0.0,0.0,0.0
0.03,2.0,0.008,0.5,0.0,0.0,0.0,0.0
0.03,2.0,0.0016,-1.0,0.5728155339805825,0.0,0.625,0.0
0.03,2.0,0.0016,0.0,0.0,0.0,0.0,0.0
0.03,2.0,0.0016,0.5,0.0,0.0,0.0,0.0
0.03,3.0,625.0,-1.0,0.6990291262135923,0.6075949367088608,0.7403846153846154,0.674698795180723
0.03,3.0,625.0,0.0,0.5922330097087378,0.15999999999999998,0.5865384615384616,0.2181818181818182
0.03,3.0,625.0,0.5,0.5533980582524272,0.0,0.5480769230769231,0.0
0.03,3.0,125.0,-1.0,0.6796116504854369,0.56,0.6923076923076923,0.5999999999999999
0.03,3.0,125.0,0.0,0.5922330097087378,0.15999999999999998,0.5865384615384616,0.2181818181818182
0.03,3.0,125.0,0.5,0.5533980582524272,0.0,0.5480769230769231,0.0
0.03,3.0,25.0,-1.0,0.6893203883495146,0.5897435897435898,0.7019230769230769,0.617283950617284
0.03,3.0,25.0,0.0,0.5922330097087378,0.15999999999999998,0.5865384615384616,0.2181818181818182
0.03,3.0,25.0,0.5,0.5533980582524272,0.0,0.5480769230769231,0.0
0.03,3.0,5.0,-1.0,0.6893203883495146,0.5789473684210527,0.7403846153846154,0.6666666666666666
0.03,3.0,5.0,0.0,0.5728155339805825,0.08333333333333334,0.5673076923076923,0.1509433962264151
0.03,3.0,5.0,0.5,0.5533980582524272,0.0,0.5480769230769231,0.0
0.03,3.0,1.0,-1.0,0.6990291262135923,0.5866666666666667,0.7211538461538461,0.6329113924050632
0.03,3.0,1.0,0.0,0.5533980582524272,0.0,0.5480769230769231,0.0
0.03,3.0,1.0,0.5,0.5533980582524272,0.0,0.5480769230769231,0.0
0.03,3.0,0.2,-1.0,0.5825242718446602,0.18867924528301885,0.5673076923076923,0.21052631578947367
0.03,3.0,0.2,0.0,0.5533980582524272,0.0,0.5480769230769231,0.0
0.03,3.0,0.2,0.5,0.0,0.0,0.0,0.0
0.03,3.0,0.04,-1.0,0.5631067961165048,0.0,0.5480769230769231,0.0
0.03,3.0,0.04,0.0,0.0,0.0,0.0,0.0
0.03,3.0,0.04,0.5,0.0,0.0,0.0,0.0
0.03,3.0,0.008,-1.0,0.5631067961165048,0.0,0.5480769230769231,0.0
0.03,3.0,0.008,0.0,0.0,0.0,0.0,0.0
0.03,3.0,0.008,0.5,0.0,0.0,0.0,0.0
0.03,3.0,0.0016,-1.0,0.5631067961165048,0.0,0.5480769230769231,0.0
0.03,3.0,0.0016,0.0,0.0,0.0,0.0,0.0
0.03,3.0,0.0016,0.5,0.0,0.0,0.0,0.0
0.03,4.0,625.0,-1.0,0.7087378640776699,0.6511627906976745,0.6153846153846154,0.4444444444444444
0.03,4.0,625.0,0.0,0.6796116504854369,0.5217391304347825,0.6057692307692307,0.3050847457627119
0.03,4.0,625.0,0.5,0.6019417475728155,0.2807017543859649,0.5673076923076923,0.042553191489361694
0.03,4.0,125.0,-1.0,0.7281553398058253,0.6744186046511628,0.6057692307692307,0.4383561643835616
0.03,4.0,125.0,0.0,0.6796116504854369,0.5217391304347825,0.6057692307692307,0.3050847457627119
0.03,4.0,125.0,0.5,0.6019417475728155,0.2807017543859649,0.5673076923076923,0.042553191489361694
0.03,4.0,25.0,-1.0,0.7087378640776699,0.6428571428571429,0.625,0.4657534246575342
0.03,4.0,25.0,0.0,0.6893203883495146,0.5428571428571428,0.625,0.3157894736842105
0.03,4.0,25.0,0.5,0.6019417475728155,0.2807017543859649,0.5673076923076923,0.042553191489361694
0.03,4.0,5.0,-1.0,0.7669902912621359,0.7333333333333334,0.6442307692307693,0.5066666666666666
0.03,4.0,5.0,0.0,0.6990291262135923,0.5974025974025974,0.5961538461538461,0.3225806451612903
0.03,4.0,5.0,0.5,0.6116504854368932,0.2857142857142857,0.5673076923076923,0.042553191489361694
0.03,4.0,1.0,-1.0,0.6116504854368932,0.5,0.625,0.43478260869565216
0.03,4.0,1.0,0.0,0.5242718446601942,0.14035087719298245,0.5384615384615384,0.04
0.03,4.0,1.0,0.5,0.5145631067961165,0.13793103448275862,0.5384615384615384,0.04
0.03,4.0,0.2,-1.0,0.6019417475728155,0.4057971014492754,0.6153846153846154,0.3103448275862069
0.03,4.0,0.2,0.0,0.0,0.0,0.0,0.0
0.03,4.0,0.2,0.5,0.0,0.0,0.0,0.0
0.03,4.0,0.04,-1.0,0.5436893203883495,0.04081632653061225,0.5576923076923077,0.0
0.03,4.0,0.04,0.0,0.0,0.0,0.0,0.0
0.03,4.0,0.04,0.5,0.0,0.0,0.0,0.0
0.03,4.0,0.008,-1.0,0.5339805825242718,0.0,0.5576923076923077,0.0
0.03,4.0,0.008,0.0,0.0,0.0,0.0,0.0
0.03,4.0,0.008,0.5,0.0,0.0,0.0,0.0
0.03,4.0,0.0016,-1.0,0.5339805825242718,0.0,0.5576923076923077,0.0
0.03,4.0,0.0016,0.0,0.0,0.0,0.0,0.0
0.03,4.0,0.0016,0.5,0.0,0.0,0.0,0.0
0.03,5.0,625.0,-1.0,0.6699029126213593,0.66,0.6057692307692307,0.5176470588235295
0.03,5.0,625.0,0.0,0.5728155339805825,0.5416666666666667,0.49038461538461536,0.3614457831325302
0.03,5.0,625.0,0.5,0.6213592233009708,0.5894736842105264,0.5480769230769231,0.41975308641975306
0.03,5.0,125.0,-1.0,0.6601941747572816,0.6534653465346535,0.6057692307692307,0.5287356321839081
0.03,5.0,125.0,0.0,0.5728155339805825,0.5416666666666667,0.49038461538461536,0.3614457831325302
0.03,5.0,125.0,0.5,0.6213592233009708,0.5894736842105264,0.5480769230769231,0.41975308641975306
0.03,5.0,25.0,-1.0,0.6601941747572816,0.6534653465346535,0.6153846153846154,0.5348837209302325
0.03,5.0,25.0,0.0,0.6116504854368932,0.574468085106383,0.46153846153846156,0.36363636363636365
0.03,5.0,25.0,0.5,0.6213592233009708,0.5894736842105264,0.5480769230769231,0.41975308641975306
0.03,5.0,5.0,-1.0,0.6699029126213593,0.6666666666666666,0.6057692307692307,0.5176470588235295
0.03,5.0,5.0,0.0,0.5922330097087378,0.5625000000000001,0.5288461538461539,0.39506172839506176
0.03,5.0,5.0,0.5,0.5922330097087378,0.58,0.5096153846153846,0.39999999999999997
0.03,5.0,1.0,-1.0,0.5728155339805825,0.5925925925925927,0.5096153846153846,0.4742268041237114
0.03,5.0,1.0,0.0,0.5825242718446602,0.5981308411214953,0.5,0.44680851063829785
0.03,5.0,1.0,0.5,0.6116504854368932,0.6226415094339622,0.47115384615384615,0.3956043956043956
0.03,5.0,0.2,-1.0,0.5825242718446602,0.5376344086021505,0.49038461538461536,0.3614457831325302
0.03,5.0,0.2,0.0,0.5922330097087378,0.5714285714285714,0.5,0.43478260869565216
0.03,5.0,0.2,0.5,0.5825242718446602,0.5274725274725274,0.5,0.33333333333333337
0.03,5.0,0.04,-1.0,0.5145631067961165,0.038461538461538464,0.6057692307692307,0.0
0.03,5.0,0.04,0.0,0.5339805825242718,0.07692307692307693,0.6057692307692307,0.0
0.03,5.0,0.04,0.5,0.5339805825242718,0.07692307692307693,0.6057692307692307,0.0
0.03,5.0,0.008,-1.0,0.5145631067961165,0.0,0.6057692307692307,0.0
0.03,5.0,0.008,0.0,0.0,0.0,0.0,0.0
0.03,5.0,0.008,0.5,0.0,0.0,0.0,0.0
0.03,5.0,0.0016,-1.0,0.5145631067961165,0.0,0.6057692307692307,0.0
0.03,5.0,0.0016,0.0,0.0,0.0,0.0,0.0
0.03,5.0,0.0016,0.5,0.0,0.0,0.0,0.0
0.03,6.0,625.0,-1.0,0.6504854368932039,0.45454545454545453,0.625,0.5714285714285715
0.03,6.0,625.0,0.0,0.6990291262135923,0.49180327868852464,0.6442307692307693,0.5747126436781609
0.03,6.0,625.0,0.5,0.6796116504854369,0.4590163934426229,0.5673076923076923,0.4943820224719101
0.03,6.0,125.0,-1.0,0.6893203883495146,0.5,0.6538461538461539,0.5999999999999999
0.03,6.0,125.0,0.0,0.6990291262135923,0.49180327868852464,0.6442307692307693,0.5747126436781609
0.03,6.0,125.0,0.5,0.6796116504854369,0.4590163934426229,0.5673076923076923,0.4943820224719101
0.03,6.0,25.0,-1.0,0.6893203883495146,0.5,0.6730769230769231,0.6136363636363636
0.03,6.0,25.0,0.0,0.6990291262135923,0.49180327868852464,0.6826923076923077,0.6117647058823529
0.03,6.0,25.0,0.5,0.6796116504854369,0.4590163934426229,0.5673076923076923,0.4943820224719101
0.03,6.0,5.0,-1.0,0.6990291262135923,0.5079365079365079,0.6538461538461539,0.5999999999999999
0.03,6.0,5.0,0.0,0.6893203883495146,0.4666666666666667,0.6153846153846154,0.5348837209302325
0.03,6.0,5.0,0.5,0.6699029126213593,0.4516129032258065,0.5865384615384616,0.5057471264367817
0.03,6.0,1.0,-1.0,0.6796116504854369,0.49230769230769234,0.6442307692307693,0.5934065934065933
0.03,6.0,1.0,0.0,0.6699029126213593,0.4516129032258065,0.5865384615384616,0.4691358024691358
0.03,6.0,1.0,0.5,0.6893203883495146,0.4666666666666667,0.6057692307692307,0.5393258426966293
0.03,6.0,0.2,-1.0,0.6310679611650486,0.40625000000000006,0.5769230769230769,0.5000000000000001
0.03,6.0,0.2,0.0,0.6504854368932039,0.1,0.5096153846153846,0.0
0.03,6.0,0.2,0.5,0.6504854368932039,0.14285714285714285,0.5096153846153846,0.03773584905660377
0.03,6.0,0.04,-1.0,0.6893203883495146,0.3846153846153846,0.5,0.10344827586206895
0.03,6.0,0.04,0.0,0.6310679611650486,0.0,0.5096153846153846,0.0
0.03,6.0,0.04,0.5,0.6310679611650486,0.0,0.5096153846153846,0.0
0.03,6.0,0.008,-1.0,0.6310679611650486,0.0,0.5096153846153846,0.0
0.03,6.0,0.008,0.0,0.0,0.0,0.0,0.0
0.03,6.0,0.008,0.5,0.0,0.0,0.0,0.0
0.03,6.0,0.0016,-1.0,0.6310679611650486,0.0,0.5096153846153846,0.0
0.03,6.0,0.0016,0.0,0.0,0.0,0.0,0.0
0.03,6.0,0.0016,0.5,0.0,0.0,0.0,0.0
0.03,7.0,625.0,-1.0,0.6407766990291263,0.5316455696202532,0.625,0.5063291139240507
0.03,7.0,625.0,0.0,0.6019417475728155,0.4225352112676057,0.5096153846153846,0.16393442622950818
0.03,7.0,625.0,0.5,0.5825242718446602,0.2456140350877193,0.5384615384615384,0.1111111111111111
0.03,7.0,125.0,-1.0,0.6504854368932039,0.5384615384615384,0.6442307692307693,0.5194805194805194
0.03,7.0,125.0,0.0,0.6019417475728155,0.4225352112676057,0.5096153846153846,0.16393442622950818
0.03,7.0,125.0,0.5,0.5825242718446602,0.2456140350877193,0.5384615384615384,0.1111111111111111
0.03,7.0,25.0,-1.0,0.6601941747572816,0.5454545454545454,0.6923076923076923,0.6097560975609756
0.03,7.0,25.0,0.0,0.6019417475728155,0.4225352112676057,0.5096153846153846,0.16393442622950818
0.03,7.0,25.0,0.5,0.5825242718446602,0.2456140350877193,0.5384615384615384,0.1111111111111111
0.03,7.0,5.0,-1.0,0.6796116504854369,0.5714285714285715,0.6923076923076923,0.5897435897435898
0.03,7.0,5.0,0.0,0.5922330097087378,0.39999999999999997,0.5288461538461539,0.1694915254237288
0.03,7.0,5.0,0.5,0.5825242718446602,0.2456140350877193,0.5384615384615384,0.1111111111111111
0.03,7.0,1.0,-1.0,0.6796116504854369,0.5352112676056339,0.6634615384615384,0.5333333333333333
0.03,7.0,1.0,0.0,0.5631067961165048,0.23728813559322037,0.5480769230769231,0.11320754716981131
0.03,7.0,1.0,0.5,0.5922330097087378,0.1923076923076923,0.5673076923076923,0.11764705882352941
0.03,7.0,0.2,-1.0,0.5922330097087378,0.41666666666666663,0.5480769230769231,0.27692307692307694
0.03,7.0,0.2,0.0,0.5728155339805825,0.12000000000000001,0.5673076923076923,0.08163265306122448
0.03,7.0,0.2,0.5,0.5728155339805825,0.0,0.5480769230769231,0.0
0.03,7.0,0.04,-1.0,0.5728155339805825,0.0,0.5480769230769231,0.0
0.03,7.0,0.04,0.0,0.0,0.0,0.0,0.0
0.03,7.0,0.04,0.5,0.0,0.0,0.0,0.0
0.03,7.0,0.008,-1.0,0.5728155339805825,0.0,0.5480769230769231,0.0
0.03,7.0,0.008,0.0,0.0,0.0,0.0,0.0
0.03,7.0,0.008,0.5,0.0,0.0,0.0,0.0
0.03,7.0,0.0016,-1.0,0.5728155339805825,0.0,0.5480769230769231,0.0
0.03,7.0,0.0016,0.0,0.0,0.0,0.0,0.0
0.03,7.0,0.0016,0.5,0.0,0.0,0.0,0.0
0.03,8.0,625.0,-1.0,0.6893203883495146,0.5428571428571428,0.6923076923076923,0.6190476190476191
0.03,8.0,625.0,0.0,0.6990291262135923,0.5507246376811594,0.7115384615384616,0.6511627906976745
0.03,8.0,625.0,0.5,0.6601941747572816,0.4776119402985074,0.7211538461538461,0.6588235294117647
0.03,8.0,125.0,-1.0,0.7087378640776699,0.5833333333333334,0.7019230769230769,0.6352941176470589
0.03,8.0,125.0,0.0,0.7281553398058253,0.6216216216216216,0.6923076923076923,0.6
0.03,8.0,125.0,0.5,0.6601941747572816,0.4776119402985074,0.7211538461538461,0.6588235294117647
0.03,8.0,25.0,-1.0,0.7087378640776699,0.6052631578947368,0.7115384615384616,0.6590909090909091
0.03,8.0,25.0,0.0,0.7378640776699029,0.6301369863013698,0.7307692307692307,0.6744186046511628
0.03,8.0,25.0,0.5,0.6601941747572816,0.4776119402985074,0.7211538461538461,0.6588235294117647
0.03,8.0,5.0,-1.0,0.7184466019417476,0.6133333333333334,0.6730769230769231,0.6222222222222223
0.03,8.0,5.0,0.0,0.6796116504854369,0.4923076923076923,0.6826923076923077,0.5822784810126583
0.03,8.0,5.0,0.5,0.7184466019417476,0.5797101449275363,0.7019230769230769,0.6075949367088607
0.03,8.0,1.0,-1.0,0.6796116504854369,0.4923076923076923,0.7019230769230769,0.6075949367088607
0.03,8.0,1.0,0.0,0.5533980582524272,0.04166666666666667,0.5192307692307693,0.07407407407407407
0.03,8.0,1.0,0.5,0.5533980582524272,0.0,0.5096153846153846,0.03773584905660377
0.03,8.0,0.2,-1.0,0.5825242718446602,0.12244897959183675,0.5769230769230769,0.26666666666666666
0.03,8.0,0.2,0.0,0.5631067961165048,0.0,0.5096153846153846,0.0
0.03,8.0,0.2,0.5,0.5631067961165048,0.0,0.5096153846153846,0.0
0.03,8.0,0.04,-1.0,0.5631067961165048,0.0,0.5096153846153846,0.0
0.03,8.0,0.04,0.0,0.5631067961165048,0.0,0.5096153846153846,0.0
0.03,8.0,0.04,0.5,0.5631067961165048,0.0,0.5096153846153846,0.0
0.03,8.0,0.008,-1.0,0.5631067961165048,0.0,0.5096153846153846,0.0
0.03,8.0,0.008,0.0,0.0,0.0,0.0,0.0
0.03,8.0,0.008,0.5,0.0,0.0,0.0,0.0
0.03,8.0,0.0016,-1.0,0.5631067961165048,0.0,0.5096153846153846,0.0
0.03,8.0,0.0016,0.0,0.0,0.0,0.0,0.0
0.03,8.0,0.0016,0.5,0.0,0.0,0.0,0.0
0.03,9.0,625.0,-1.0,0.6407766990291263,0.6021505376344087,0.6634615384615384,0.5882352941176471
0.03,9.0,625.0,0.0,0.6116504854368932,0.5555555555555555,0.7019230769230769,0.6172839506172839
0.03,9.0,625.0,0.5,0.5436893203883495,0.5523809523809524,0.5865384615384616,0.5376344086021505
0.03,9.0,125.0,-1.0,0.6504854368932039,0.6170212765957446,0.6634615384615384,0.5882352941176471
0.03,9.0,125.0,0.0,0.6116504854368932,0.5555555555555555,0.7019230769230769,0.6172839506172839
0.03,9.0,125.0,0.5,0.5436893203883495,0.5523809523809524,0.5865384615384616,0.5376344086021505
0.03,9.0,25.0,-1.0,0.6504854368932039,0.6170212765957446,0.6634615384615384,0.5882352941176471
0.03,9.0,25.0,0.0,0.5922330097087378,0.5434782608695652,0.6634615384615384,0.5679012345679012
0.03,9.0,25.0,0.5,0.5436893203883495,0.5523809523809524,0.5865384615384616,0.5376344086021505
0.03,9.0,5.0,-1.0,0.6407766990291263,0.6185567010309277,0.6346153846153846,0.5777777777777778
0.03,9.0,5.0,0.0,0.5825242718446602,0.5376344086021505,0.6634615384615384,0.5783132530120482
0.03,9.0,5.0,0.5,0.5533980582524272,0.5660377358490566,0.5961538461538461,0.553191489361702
0.03,9.0,1.0,-1.0,0.6601941747572816,0.6391752577319588,0.6442307692307693,0.5647058823529412
0.03,9.0,1.0,0.0,0.6213592233009708,0.5411764705882354,0.6057692307692307,0.4675324675324675
0.03,9.0,1.0,0.5,0.6213592233009708,0.5894736842105263,0.5961538461538461,0.5
0.03,9.0,0.2,-1.0,0.5825242718446602,0.5656565656565656,0.6057692307692307,0.5176470588235293
0.03,9.0,0.2,0.0,0.5631067961165048,0.5360824742268042,0.5865384615384616,0.49411764705882355
0.03,9.0,0.2,0.5,0.5436893203883495,0.5523809523809524,0.5576923076923077,0.5106382978723405
0.03,9.0,0.04,-1.0,0.5533980582524272,0.5208333333333334,0.5961538461538461,0.4473684210526316
0.03,9.0,0.04,0.0,0.5339805825242718,0.48936170212765956,0.5961538461538461,0.4166666666666667
0.03,9.0,0.04,0.5,0.6019417475728155,0.4383561643835616,0.5769230769230769,0.26666666666666666
0.03,9.0,0.008,-1.0,0.5825242718446602,0.0,0.6153846153846154,0.0
0.03,9.0,0.008,0.0,0.0,0.0,0.0,0.0
0.03,9.0,0.008,0.5,0.0,0.0,0.0,0.0
0.03,9.0,0.0016,-1.0,0.5825242718446602,0.0,0.6153846153846154,0.0
0.03,9.0,0.0016,0.0,0.0,0.0,0.0,0.0
0.03,9.0,0.0016,0.5,0.0,0.0,0.0,0.0
0.05,0.0,625.0,-1.0,0.6116504854368932,0.5652173913043478,0.6153846153846154,0.5833333333333334
0.05,0.0,625.0,0.0,0.5728155339805825,0.46341463414634143,0.6153846153846154,0.5555555555555556
0.05,0.0,625.0,0.5,0.5242718446601942,0.4096385542168674,0.5480769230769231,0.44705882352941173
0.05,0.0,125.0,-1.0,0.6116504854368932,0.5652173913043478,0.6153846153846154,0.5833333333333334
0.05,0.0,125.0,0.0,0.5631067961165048,0.4578313253012048,0.6153846153846154,0.5555555555555556
0.05,0.0,125.0,0.5,0.5242718446601942,0.4096385542168674,0.5480769230769231,0.44705882352941173
0.05,0.0,25.0,-1.0,0.6213592233009708,0.5714285714285714,0.6057692307692307,0.5684210526315789
0.05,0.0,25.0,0.0,0.5922330097087378,0.4878048780487805,0.6057692307692307,0.5393258426966293
0.05,0.0,25.0,0.5,0.5242718446601942,0.4096385542168674,0.5480769230769231,0.44705882352941173
0.05,0.0,5.0,-1.0,0.6019417475728155,0.568421052631579,0.6153846153846154,0.5833333333333334
0.05,0.0,5.0,0.0,0.5825242718446602,0.4556962025316456,0.6153846153846154,0.5238095238095238
0.05,0.0,5.0,0.5,0.5242718446601942,0.4096385542168674,0.5865384615384616,0.5168539325842696
0.05,0.0,1.0,-1.0,0.5825242718446602,0.5473684210526316,0.5961538461538461,0.553191489361702
0.05,0.0,1.0,0.0,0.5631067961165048,0.4155844155844156,0.6057692307692307,0.4675324675324675
0.05,0.0,1.0,0.5,0.5242718446601942,0.26865671641791045,0.6538461538461539,0.4193548387096774
0.05,0.0,0.2,-1.0,0.6019417475728155,0.5494505494505494,0.625,0.5714285714285715
0.05,0.0,0.2,0.0,0.5242718446601942,0.16949152542372883,0.6057692307692307,0.2545454545454545
0.05,0.0,0.2,0.5,0.5436893203883495,0.1754385964912281,0.6057692307692307,0.196078431372549
0.05,0.0,0.04,-1.0,0.5436893203883495,0.2985074626865672,0.6153846153846154,0.4285714285714286
0.05,0.0,0.04,0.0,0.5825242718446602,0.0,0.625,0.0
0.05,0.0,0.04,0.5,0.5825242718446602,0.0,0.625,0.0
0.05,0.0,0.008,-1.0,0.5533980582524272,0.0,0.6442307692307693,0.09756097560975609
0.05,0.0,0.008,0.0,0.0,0.0,0.0,0.0
0.05,0.0,0.008,0.5,0.0,0.0,0.0,0.0
0.05,0.0,0.0016,-1.0,0.5922330097087378,0.0,0.625,0.0
0.05,0.0,0.0016,0.0,0.0,0.0,0.0,0.0
0.05,0.0,0.0016,0.5,0.0,0.0,0.0,0.0
0.05,1.0,625.0,-1.0,0.6213592233009708,0.4657534246575342,0.5769230769230769,0.4054054054054054
0.05,1.0,625.0,0.0,0.6213592233009708,0.5063291139240506,0.5769230769230769,0.43589743589743596
0.05,1.0,625.0,0.5,0.6504854368932039,0.5263157894736842,0.6153846153846154,0.48717948717948717
0.05,1.0,125.0,-1.0,0.5825242718446602,0.4819277108433735,0.6153846153846154,0.5
0.05,1.0,125.0,0.0,0.6213592233009708,0.5063291139240506,0.5769230769230769,0.43589743589743596
0.05,1.0,125.0,0.5,0.6504854368932039,0.5263157894736842,0.6153846153846154,0.48717948717948717
0.05,1.0,25.0,-1.0,0.5825242718446602,0.4819277108433735,0.6153846153846154,0.5
0.05,1.0,25.0,0.0,0.6310679611650486,0.5128205128205129,0.5961538461538461,0.4473684210526316
0.05,1.0,25.0,0.5,0.6893203883495146,0.5555555555555556,0.6153846153846154,0.48717948717948717
0.05,1.0,5.0,-1.0,0.6116504854368932,0.48717948717948717,0.6057692307692307,0.48101265822784806
0.05,1.0,5.0,0.0,0.6213592233009708,0.4347826086956522,0.6153846153846154,0.48717948717948717
0.05,1.0,5.0,0.5,0.6213592233009708,0.417910447761194,0.6153846153846154,0.48717948717948717
0.05,1.0,1.0,-1.0,0.5728155339805825,0.45,0.5961538461538461,0.4750000000000001
0.05,1.0,1.0,0.0,0.6019417475728155,0.4057971014492754,0.5961538461538461,0.4166666666666667
0.05,1.0,1.0,0.5,0.6504854368932039,0.47058823529411764,0.5769230769230769,0.37142857142857144
0.05,1.0,0.2,-1.0,0.6407766990291263,0.3934426229508196,0.5673076923076923,0.3835616438356165
0.05,1.0,0.2,0.0,0.6213592233009708,0.04878048780487806,0.5192307692307693,0.0
0.05,1.0,0.2,0.5,0.6116504854368932,0.0,0.5192307692307693,0.0
0.05,1.0,0.04,-1.0,0.6116504854368932,0.0,0.5192307692307693,0.0
0.05,1.0,0.04,0.0,0.6116504854368932,0.0,0.5192307692307693,0.0
0.05,1.0,0.04,0.5,0.6116504854368932,0.0,0.5192307692307693,0.0
0.05,1.0,0.008,-1.0,0.6116504854368932,0.0,0.5192307692307693,0.0
0.05,1.0,0.008,0.0,0.0,0.0,0.0,0.0
0.05,1.0,0.008,0.5,0.0,0.0,0.0,0.0
0.05,1.0,0.0016,-1.0,0.6116504854368932,0.0,0.5192307692307693,0.0
0.05,1.0,0.0016,0.0,0.0,0.0,0.0,0.0
0.05,1.0,0.0016,0.5,0.0,0.0,0.0,0.0
0.05,2.0,625.0,-1.0,0.6116504854368932,0.5121951219512195,0.625,0.5063291139240507
0.05,2.0,625.0,0.0,0.5436893203883495,0.0,0.5480769230769231,0.0
0.05,2.0,625.0,0.5,0.5436893203883495,0.0,0.5480769230769231,0.0
0.05,2.0,125.0,-1.0,0.6213592233009708,0.5301204819277109,0.6057692307692307,0.48101265822784806
0.05,2.0,125.0,0.0,0.5436893203883495,0.0,0.5480769230769231,0.0
0.05,2.0,125.0,0.5,0.5436893203883495,0.0,0.5480769230769231,0.0
0.05,2.0,25.0,-1.0,0.6310679611650486,0.5476190476190476,0.6057692307692307,0.48101265822784806
0.05,2.0,25.0,0.0,0.5436893203883495,0.0,0.5480769230769231,0.0
0.05,2.0,25.0,0.5,0.5436893203883495,0.0,0.5480769230769231,0.0
0.05,2.0,5.0,-1.0,0.6116504854368932,0.5,0.625,0.49350649350649345
0.05,2.0,5.0,0.0,0.5436893203883495,0.0,0.5480769230769231,0.0
0.05,2.0,5.0,0.5,0.5436893203883495,0.0,0.5480769230769231,0.0
0.05,2.0,1.0,-1.0,0.6019417475728155,0.4675324675324675,0.6153846153846154,0.4594594594594595
0.05,2.0,1.0,0.0,0.5436893203883495,0.0,0.5480769230769231,0.0
0.05,2.0,1.0,0.5,0.5436893203883495,0.0,0.5480769230769231,0.0
0.05,2.0,0.2,-1.0,0.5728155339805825,0.3125,0.5576923076923077,0.14814814814814814
0.05,2.0,0.2,0.0,0.5436893203883495,0.0,0.5480769230769231,0.0
0.05,2.0,0.2,0.5,0.5436893203883495,0.0,0.5480769230769231,0.0
0.05,2.0,0.04,-1.0,0.5436893203883495,0.0,0.5480769230769231,0.0
0.05,2.0,0.04,0.0,0.0,0.0,0.0,0.0
0.05,2.0,0.04,0.5,0.0,0.0,0.0,0.0
0.05,2.0,0.008,-1.0,0.5436893203883495,0.0,0.5480769230769231,0.0
0.05,2.0,0.008,0.0,0.0,0.0,0.0,0.0
0.05,2.0,0.008,0.5,0.0,0.0,0.0,0.0
0.05,2.0,0.0016,-1.0,0.5436893203883495,0.0,0.5480769230769231,0.0
0.05,2.0,0.0016,0.0,0.0,0.0,0.0,0.0
0.05,2.0,0.0016,0.5,0.0,0.0,0.0,0.0
0.05,3.0,625.0,-1.0,0.6116504854368932,0.4444444444444444,0.7307692307692307,0.5757575757575758
0.05,3.0,625.0,0.0,0.5631067961165048,0.15094339622641512,0.5865384615384616,0.04444444444444445
0.05,3.0,625.0,0.5,0.5631067961165048,0.11764705882352941,0.625,0.04878048780487806
0.05,3.0,125.0,-1.0,0.6116504854368932,0.4444444444444444,0.7403846153846154,0.5846153846153846
0.05,3.0,125.0,0.0,0.5631067961165048,0.15094339622641512,0.5865384615384616,0.04444444444444445
0.05,3.0,125.0,0.5,0.5631067961165048,0.11764705882352941,0.625,0.04878048780487806
0.05,3.0,25.0,-1.0,0.6310679611650486,0.4864864864864865,0.7403846153846154,0.5970149253731343
0.05,3.0,25.0,0.0,0.5631067961165048,0.15094339622641512,0.5865384615384616,0.04444444444444445
0.05,3.0,25.0,0.5,0.5631067961165048,0.11764705882352941,0.625,0.04878048780487806
0.05,3.0,5.0,-1.0,0.6310679611650486,0.4864864864864865,0.7307692307692307,0.588235294117647
0.05,3.0,5.0,0.0,0.5631067961165048,0.1818181818181818,0.5769230769230769,0.04347826086956522
0.05,3.0,5.0,0.5,0.5631067961165048,0.11764705882352941,0.625,0.04878048780487806
0.05,3.0,1.0,-1.0,0.6310679611650486,0.4864864864864865,0.75,0.6060606060606061
0.05,3.0,1.0,0.0,0.5533980582524272,0.14814814814814817,0.5865384615384616,0.04444444444444445
0.05,3.0,1.0,0.5,0.5631067961165048,0.11764705882352941,0.625,0.04878048780487806
0.05,3.0,0.2,-1.0,0.5728155339805825,0.18518518518518517,0.5865384615384616,0.0
0.05,3.0,0.2,0.0,0.5631067961165048,0.11764705882352941,0.5961538461538461,0.0
0.05,3.0,0.2,0.5,0.5631067961165048,0.11764705882352941,0.5961538461538461,0.0
0.05,3.0,0.04,-1.0,0.5631067961165048,0.11764705882352941,0.6057692307692307,0.0
0.05,3.0,0.04,0.0,0.0,0.0,0.0,0.0
0.05,3.0,0.04,0.5,0.0,0.0,0.0,0.0
0.05,3.0,0.008,-1.0,0.0,0.0,0.0,0.0
0.05,3.0,0.008,0.0,0.0,0.0,0.0,0.0
0.05,3.0,0.008,0.5,0.0,0.0,0.0,0.0
0.05,3.0,0.0016,-1.0,0.0,0.0,0.0,0.0
0.05,3.0,0.0016,0.0,0.0,0.0,0.0,0.0
0.05,3.0,0.0016,0.5,0.0,0.0,0.0,0.0
0.05,4.0,625.0,-1.0,0.6504854368932039,0.5,0.625,0.5185185185185185
0.05,4.0,625.0,0.0,0.0,0.0,0.0,0.0
0.05,4.0,625.0,0.5,0.0,0.0,0.0,0.0
0.05,4.0,125.0,-1.0,0.6504854368932039,0.5,0.625,0.5185185185185185
0.05,4.0,125.0,0.0,0.0,0.0,0.0,0.0
0.05,4.0,125.0,0.5,0.0,0.0,0.0,0.0
0.05,4.0,25.0,-1.0,0.6893203883495146,0.5555555555555556,0.6923076923076923,0.6363636363636365
0.05,4.0,25.0,0.0,0.0,0.0,0.0,0.0
0.05,4.0,25.0,0.5,0.0,0.0,0.0,0.0
0.05,4.0,5.0,-1.0,0.6699029126213593,0.5405405405405405,0.7019230769230769,0.6516853932584269
0.05,4.0,5.0,0.0,0.0,0.0,0.0,0.0
0.05,4.0,5.0,0.5,0.0,0.0,0.0,0.0
0.05,4.0,1.0,-1.0,0.6601941747572816,0.5333333333333333,0.6442307692307693,0.5747126436781609
0.05,4.0,1.0,0.0,0.0,0.0,0.0,0.0
0.05,4.0,1.0,0.5,0.0,0.0,0.0,0.0
0.05,4.0,0.2,-1.0,0.6213592233009708,0.04878048780487806,0.5384615384615384,0.0
0.05,4.0,0.2,0.0,0.0,0.0,0.0,0.0
0.05,4.0,0.2,0.5,0.0,0.0,0.0,0.0
0.05,4.0,0.04,-1.0,0.6116504854368932,0.047619047619047616,0.5384615384615384,0.0
0.05,4.0,0.04,0.0,0.0,0.0,0.0,0.0
0.05,4.0,0.04,0.5,0.0,0.0,0.0,0.0
0.05,4.0,0.008,-1.0,0.6116504854368932,0.0,0.5384615384615384,0.0
0.05,4.0,0.008,0.0,0.0,0.0,0.0,0.0
0.05,4.0,0.008,0.5,0.0,0.0,0.0,0.0
0.05,4.0,0.0016,-1.0,0.6116504854368932,0.0,0.5384615384615384,0.0
0.05,4.0,0.0016,0.0,0.0,0.0,0.0,0.0
0.05,4.0,0.0016,0.5,0.0,0.0,0.0,0.0
0.05,5.0,625.0,-1.0,0.6019417475728155,0.5287356321839081,0.6923076923076923,0.5897435897435898
0.05,5.0,625.0,0.0,0.5339805825242718,0.0,0.5673076923076923,0.0
0.05,5.0,625.0,0.5,0.5242718446601942,0.0,0.5673076923076923,0.0
0.05,5.0,125.0,-1.0,0.5825242718446602,0.48192771084337355,0.6538461538461539,0.5135135135135135
0.05,5.0,125.0,0.0,0.5339805825242718,0.0,0.5673076923076923,0.0
0.05,5.0,125.0,0.5,0.5242718446601942,0.0,0.5673076923076923,0.0
0.05,5.0,25.0,-1.0,0.6019417475728155,0.5176470588235293,0.6730769230769231,0.5526315789473684
0.05,5.0,25.0,0.0,0.5339805825242718,0.0,0.5673076923076923,0.0
0.05,5.0,25.0,0.5,0.5242718446601942,0.0,0.5673076923076923,0.0
0.05,5.0,5.0,-1.0,0.5339805825242718,0.2,0.6057692307692307,0.3050847457627119
0.05,5.0,5.0,0.0,0.5339805825242718,0.0,0.5673076923076923,0.0
0.05,5.0,5.0,0.5,0.5242718446601942,0.0,0.5673076923076923,0.0
0.05,5.0,1.0,-1.0,0.5631067961165048,0.2622950819672131,0.625,0.2909090909090909
0.05,5.0,1.0,0.0,0.5339805825242718,0.0,0.5673076923076923,0.0
0.05,5.0,1.0,0.5,0.5242718446601942,0.0,0.5673076923076923,0.0
0.05,5.0,0.2,-1.0,0.5242718446601942,0.0392156862745098,0.5865384615384616,0.12244897959183675
0.05,5.0,0.2,0.0,0.5339805825242718,0.0,0.5673076923076923,0.0
0.05,5.0,0.2,0.5,0.5242718446601942,0.0,0.5673076923076923,0.0
0.05,5.0,0.04,-1.0,0.5339805825242718,0.0,0.5673076923076923,0.0
0.05,5.0,0.04,0.0,0.5339805825242718,0.0,0.5673076923076923,0.0
0.05,5.0,0.04,0.5,0.5339805825242718,0.0,0.5673076923076923,0.0
0.05,5.0,0.008,-1.0,0.5339805825242718,0.0,0.5673076923076923,0.0
0.05,5.0,0.008,0.0,0.0,0.0,0.0,0.0
0.05,5.0,0.008,0.5,0.0,0.0,0.0,0.0
0.05,5.0,0.0016,-1.0,0.5436893203883495,0.0,0.5673076923076923,0.0
0.05,5.0,0.0016,0.0,0.0,0.0,0.0,0.0
0.05,5.0,0.0016,0.5,0.0,0.0,0.0,0.0
0.05,6.0,625.0,-1.0,0.6407766990291263,0.6021505376344085,0.7115384615384616,0.6341463414634148
0.05,6.0,625.0,0.0,0.5339805825242718,0.0,0.5769230769230769,0.0
0.05,6.0,625.0,0.5,0.5339805825242718,0.0,0.5769230769230769,0.0
0.05,6.0,125.0,-1.0,0.6213592233009708,0.5714285714285714,0.7211538461538461,0.6419753086419754
0.05,6.0,125.0,0.0,0.5339805825242718,0.0,0.5769230769230769,0.0
0.05,6.0,125.0,0.5,0.5339805825242718,0.0,0.5769230769230769,0.0
0.05,6.0,25.0,-1.0,0.6310679611650486,0.5957446808510638,0.7019230769230769,0.6265060240963856
0.05,6.0,25.0,0.0,0.5339805825242718,0.0,0.5769230769230769,0.0
0.05,6.0,25.0,0.5,0.5339805825242718,0.0,0.5769230769230769,0.0
0.05,6.0,5.0,-1.0,0.6407766990291263,0.5647058823529412,0.7019230769230769,0.5753424657534246
0.05,6.0,5.0,0.0,0.5339805825242718,0.0,0.5769230769230769,0.0
0.05,6.0,5.0,0.5,0.5339805825242718,0.0,0.5769230769230769,0.0
0.05,6.0,1.0,-1.0,0.6213592233009708,0.49350649350649356,0.6923076923076923,0.515151515151515
0.05,6.0,1.0,0.0,0.5339805825242718,0.0,0.5769230769230769,0.0
0.05,6.0,1.0,0.5,0.5339805825242718,0.0,0.5769230769230769,0.0
0.05,6.0,0.2,-1.0,0.5533980582524272,0.20689655172413793,0.6634615384615384,0.38596491228070173
0.05,6.0,0.2,0.0,0.5339805825242718,0.0,0.5769230769230769,0.0
0.05,6.0,0.2,0.5,0.5339805825242718,0.0,0.5769230769230769,0.0
0.05,6.0,0.04,-1.0,0.5242718446601942,0.0,0.5865384615384616,0.044444444444444446
0.05,6.0,0.04,0.0,0.5339805825242718,0.0,0.5769230769230769,0.0
0.05,6.0,0.04,0.5,0.5339805825242718,0.0,0.5769230769230769,0.0
0.05,6.0,0.008,-1.0,0.5339805825242718,0.0,0.5769230769230769,0.0
0.05,6.0,0.008,0.0,0.0,0.0,0.0,0.0
0.05,6.0,0.008,0.5,0.0,0.0,0.0,0.0
0.05,6.0,0.0016,-1.0,0.5339805825242718,0.0,0.5769230769230769,0.0
0.05,6.0,0.0016,0.0,0.0,0.0,0.0,0.0
0.05,6.0,0.0016,0.5,0.0,0.0,0.0,0.0
0.05,7.0,625.0,-1.0,0.6407766990291263,0.5316455696202531,0.7115384615384616,0.6808510638297872
0.05,7.0,625.0,0.0,0.5825242718446602,0.5057471264367817,0.6153846153846154,0.6153846153846153
0.05,7.0,625.0,0.5,0.6019417475728155,0.4810126582278481,0.6538461538461539,0.64
0.05,7.0,125.0,-1.0,0.6601941747572816,0.5205479452054794,0.7019230769230769,0.6666666666666666
0.05,7.0,125.0,0.0,0.5922330097087378,0.4473684210526316,0.6442307692307693,0.6407766990291263
0.05,7.0,125.0,0.5,0.6019417475728155,0.4810126582278481,0.6538461538461539,0.64
0.05,7.0,25.0,-1.0,0.6504854368932039,0.5263157894736842,0.6923076923076923,0.6666666666666667
0.05,7.0,25.0,0.0,0.6116504854368932,0.45945945945945943,0.6730769230769231,0.6530612244897959
0.05,7.0,25.0,0.5,0.6019417475728155,0.4810126582278481,0.6538461538461539,0.64
0.05,7.0,5.0,-1.0,0.6601941747572816,0.5070422535211268,0.7115384615384616,0.6739130434782609
0.05,7.0,5.0,0.0,0.5922330097087378,0.47500000000000003,0.6442307692307693,0.6336633663366337
0.05,7.0,5.0,0.5,0.6019417475728155,0.4810126582278481,0.6538461538461539,0.6326530612244898
0.05,7.0,1.0,-1.0,0.6407766990291263,0.47887323943661964,0.7307692307692307,0.6956521739130435
0.05,7.0,1.0,0.0,0.6019417475728155,0.4810126582278481,0.6634615384615384,0.6464646464646464
0.05,7.0,1.0,0.5,0.5728155339805825,0.5217391304347826,0.6153846153846154,0.6296296296296297
0.05,7.0,0.2,-1.0,0.6019417475728155,0.4810126582278481,0.6153846153846154,0.5918367346938775
0.05,7.0,0.2,0.0,0.5922330097087378,0.2222222222222222,0.5769230769230769,0.26666666666666666
0.05,7.0,0.2,0.5,0.5922330097087378,0.2222222222222222,0.5576923076923077,0.23333333333333334
0.05,7.0,0.04,-1.0,0.6796116504854369,0.4,0.6923076923076923,0.4666666666666667
0.05,7.0,0.04,0.0,0.6019417475728155,0.0,0.5769230769230769,0.0
0.05,7.0,0.04,0.5,0.6019417475728155,0.0,0.5769230769230769,0.0
0.05,7.0,0.008,-1.0,0.6019417475728155,0.0,0.5769230769230769,0.0
0.05,7.0,0.008,0.0,0.6019417475728155,0.0,0.5769230769230769,0.0
0.05,7.0,0.008,0.5,0.0,0.0,0.0,0.0
0.05,7.0,0.0016,-1.0,0.6116504854368932,0.0,0.5769230769230769,0.0
0.05,7.0,0.0016,0.0,0.0,0.0,0.0,0.0
0.05,7.0,0.0016,0.5,0.0,0.0,0.0,0.0
0.05,8.0,625.0,-1.0,0.6310679611650486,0.42424242424242425,0.6634615384615384,0.38596491228070173
0.05,8.0,625.0,0.0,0.5339805825242718,0.19999999999999998,0.6442307692307693,0.0975609756097561
0.05,8.0,625.0,0.5,0.5436893203883495,0.1754385964912281,0.6346153846153846,0.09523809523809523
0.05,8.0,125.0,-1.0,0.6310679611650486,0.42424242424242425,0.6730769230769231,0.39285714285714285
0.05,8.0,125.0,0.0,0.5339805825242718,0.19999999999999998,0.6442307692307693,0.0975609756097561
0.05,8.0,125.0,0.5,0.5436893203883495,0.1754385964912281,0.6346153846153846,0.09523809523809523
0.05,8.0,25.0,-1.0,0.6310679611650486,0.4411764705882353,0.6826923076923077,0.4210526315789474
0.05,8.0,25.0,0.0,0.5339805825242718,0.19999999999999998,0.6442307692307693,0.0975609756097561
0.05,8.0,25.0,0.5,0.5436893203883495,0.1754385964912281,0.6346153846153846,0.09523809523809523
0.05,8.0,5.0,-1.0,0.5922330097087378,0.4,0.6442307692307693,0.39344262295081966
0.05,8.0,5.0,0.0,0.5339805825242718,0.19999999999999998,0.6442307692307693,0.0975609756097561
0.05,8.0,5.0,0.5,0.5436893203883495,0.1754385964912281,0.6346153846153846,0.09523809523809523
0.05,8.0,1.0,-1.0,0.6407766990291263,0.463768115942029,0.6538461538461539,0.4193548387096775
0.05,8.0,1.0,0.0,0.5436893203883495,0.14545454545454545,0.6538461538461539,0.1
0.05,8.0,1.0,0.5,0.5242718446601942,0.0392156862745098,0.6346153846153846,0.0
0.05,8.0,0.2,-1.0,0.6504854368932039,0.47058823529411764,0.6923076923076923,0.42857142857142855
0.05,8.0,0.2,0.0,0.5339805825242718,0.07692307692307693,0.6538461538461539,0.052631578947368425
0.05,8.0,0.2,0.5,0.5242718446601942,0.0392156862745098,0.6442307692307693,0.0
0.05,8.0,0.04,-1.0,0.5436893203883495,0.1754385964912281,0.625,0.04878048780487805
0.05,8.0,0.04,0.0,0.5145631067961165,0.0,0.6442307692307693,0.0
0.05,8.0,0.04,0.5,0.5145631067961165,0.0,0.6442307692307693,0.0
0.05,8.0,0.008,-1.0,0.5145631067961165,0.0,0.6442307692307693,0.0
0.05,8.0,0.008,0.0,0.0,0.0,0.0,0.0
0.05,8.0,0.008,0.5,0.0,0.0,0.0,0.0
0.05,8.0,0.0016,-1.0,0.5145631067961165,0.0,0.6442307692307693,0.0
0.05,8.0,0.0016,0.0,0.0,0.0,0.0,0.0
0.05,8.0,0.0016,0.5,0.0,0.0,0.0,0.0
0.05,9.0,625.0,-1.0,0.6796116504854369,0.6024096385542169,0.7403846153846154,0.5970149253731343
0.05,9.0,625.0,0.0,0.5145631067961165,0.0,0.6442307692307693,0.0
0.05,9.0,625.0,0.5,0.5145631067961165,0.0,0.6442307692307693,0.0
0.05,9.0,125.0,-1.0,0.6699029126213593,0.5853658536585366,0.7211538461538461,0.5538461538461539
0.05,9.0,125.0,0.0,0.5145631067961165,0.0,0.6442307692307693,0.0
0.05,9.0,125.0,0.5,0.5145631067961165,0.0,0.6442307692307693,0.0
0.05,9.0,25.0,-1.0,0.6601941747572816,0.5569620253164557,0.7211538461538461,0.5396825396825398
0.05,9.0,25.0,0.0,0.5145631067961165,0.0,0.6442307692307693,0.0
0.05,9.0,25.0,0.5,0.5145631067961165,0.0,0.6442307692307693,0.0
0.05,9.0,5.0,-1.0,0.6796116504854369,0.5925925925925926,0.7307692307692307,0.5757575757575758
0.05,9.0,5.0,0.0,0.5145631067961165,0.0,0.6442307692307693,0.0
0.05,9.0,5.0,0.5,0.5145631067961165,0.0,0.6442307692307693,0.0
0.05,9.0,1.0,-1.0,0.6504854368932039,0.5499999999999999,0.7115384615384616,0.53125
0.05,9.0,1.0,0.0,0.5145631067961165,0.0,0.6442307692307693,0.0
0.05,9.0,1.0,0.5,0.5145631067961165,0.0,0.6442307692307693,0.0
0.05,9.0,0.2,-1.0,0.6116504854368932,0.4117647058823529,0.6826923076923077,0.2978723404255319
0.05,9.0,0.2,0.0,0.5145631067961165,0.0,0.6442307692307693,0.0
0.05,9.0,0.2,0.5,0.5145631067961165,0.0,0.6442307692307693,0.0
0.05,9.0,0.04,-1.0,0.5242718446601942,0.0392156862745098,0.6442307692307693,0.0
0.05,9.0,0.04,0.0,0.0,0.0,0.0,0.0
0.05,9.0,0.04,0.5,0.0,0.0,0.0,0.0
0.05,9.0,0.008,-1.0,0.5145631067961165,0.0,0.6442307692307693,0.0
0.05,9.0,0.008,0.0,0.0,0.0,0.0,0.0
0.05,9.0,0.008,0.5,0.0,0.0,0.0,0.0
0.05,9.0,0.0016,-1.0,0.5145631067961165,0.0,0.6442307692307693,0.0
0.05,9.0,0.0016,0.0,0.0,0.0,0.0,0.0
0.05,9.0,0.0016,0.5,0.0,0.0,0.0,0.0
0.1,0.0,625.0,-1.0,0.4174757281553398,0.4230769230769231,0.49038461538461536,0.46464646464646464
0.1,0.0,625.0,0.0,0.5339805825242718,0.4,0.5480769230769231,0.31884057971014496
0.1,0.0,625.0,0.5,0.5728155339805825,0.24137931034482765,0.6346153846153846,0.2962962962962963
0.1,0.0,125.0,-1.0,0.4174757281553398,0.4230769230769231,0.49038461538461536,0.46464646464646464
0.1,0.0,125.0,0.0,0.5339805825242718,0.4,0.5480769230769231,0.31884057971014496
0.1,0.0,125.0,0.5,0.5728155339805825,0.24137931034482765,0.6346153846153846,0.2962962962962963
0.1,0.0,25.0,-1.0,0.4174757281553398,0.4230769230769231,0.5,0.4693877551020409
0.1,0.0,25.0,0.0,0.5533980582524272,0.425,0.5480769230769231,0.31884057971014496
0.1,0.0,25.0,0.5,0.5728155339805825,0.24137931034482765,0.6346153846153846,0.2962962962962963
0.1,0.0,5.0,-1.0,0.4174757281553398,0.4230769230769231,0.5,0.4693877551020409
0.1,0.0,5.0,0.0,0.5436893203883495,0.38961038961038963,0.5384615384615384,0.27272727272727276
0.1,0.0,5.0,0.5,0.5728155339805825,0.24137931034482765,0.6346153846153846,0.2962962962962963
0.1,0.0,1.0,-1.0,0.42718446601941745,0.4271844660194174,0.5096153846153846,0.4631578947368421
0.1,0.0,1.0,0.0,0.5048543689320388,0.38554216867469876,0.5961538461538461,0.4324324324324324
0.1,0.0,1.0,0.5,0.5145631067961165,0.13793103448275862,0.6153846153846154,0.23076923076923075
0.1,0.0,0.2,-1.0,0.47572815533980584,0.38636363636363635,0.5288461538461539,0.37974683544303806
0.1,0.0,0.2,0.0,0.5339805825242718,0.38461538461538464,0.6057692307692307,0.3692307692307692
0.1,0.0,0.2,0.5,0.5242718446601942,0.16949152542372883,0.6442307692307693,0.17777777777777778
0.1,0.0,0.04,-1.0,0.5145631067961165,0.16666666666666666,0.6346153846153846,0.17391304347826086
0.1,0.0,0.04,0.0,0.5631067961165048,0.0425531914893617,0.625,0.0
0.1,0.0,0.04,0.5,0.5728155339805825,0.04347826086956522,0.625,0.0
0.1,0.0,0.008,-1.0,0.5631067961165048,0.0425531914893617,0.625,0.0
0.1,0.0,0.008,0.0,0.5825242718446602,0.0,0.625,0.0
0.1,0.0,0.008,0.5,0.0,0.0,0.0,0.0
0.1,0.0,0.0016,-1.0,0.5825242718446602,0.0,0.625,0.0
0.1,0.0,0.0016,0.0,0.0,0.0,0.0,0.0
0.1,0.0,0.0016,0.5,0.0,0.0,0.0,0.0
0.1,1.0,625.0,-1.0,0.6407766990291263,0.3508771929824562,0.5673076923076923,0.28571428571428575
0.1,1.0,625.0,0.0,0.6116504854368932,0.13043478260869565,0.5673076923076923,0.0425531914893617
0.1,1.0,625.0,0.5,0.6116504854368932,0.13043478260869565,0.5673076923076923,0.0
0.1,1.0,125.0,-1.0,0.6504854368932039,0.3793103448275862,0.5576923076923077,0.20689655172413796
0.1,1.0,125.0,0.0,0.6116504854368932,0.13043478260869565,0.5673076923076923,0.0425531914893617
0.1,1.0,125.0,0.5,0.6116504854368932,0.13043478260869565,0.5673076923076923,0.0
0.1,1.0,25.0,-1.0,0.6504854368932039,0.3793103448275862,0.5673076923076923,0.23728813559322035
0.1,1.0,25.0,0.0,0.6116504854368932,0.13043478260869565,0.5673076923076923,0.0425531914893617
0.1,1.0,25.0,0.5,0.6116504854368932,0.13043478260869565,0.5673076923076923,0.0
0.1,1.0,5.0,-1.0,0.6504854368932039,0.3793103448275862,0.5576923076923077,0.20689655172413796
0.1,1.0,5.0,0.0,0.6116504854368932,0.13043478260869565,0.5673076923076923,0.0425531914893617
0.1,1.0,5.0,0.5,0.6116504854368932,0.13043478260869565,0.5673076923076923,0.0
0.1,1.0,1.0,-1.0,0.6601941747572816,0.4067796610169491,0.5673076923076923,0.28571428571428575
0.1,1.0,1.0,0.0,0.6116504854368932,0.13043478260869565,0.5673076923076923,0.0425531914893617
0.1,1.0,1.0,0.5,0.6116504854368932,0.13043478260869565,0.5673076923076923,0.0
0.1,1.0,0.2,-1.0,0.6310679611650486,0.2692307692307693,0.5576923076923077,0.11538461538461539
0.1,1.0,0.2,0.0,0.6019417475728155,0.08888888888888888,0.5673076923076923,0.0
0.1,1.0,0.2,0.5,0.6116504854368932,0.13043478260869565,0.5673076923076923,0.0
0.1,1.0,0.04,-1.0,0.6019417475728155,0.08888888888888888,0.5673076923076923,0.0
0.1,1.0,0.04,0.0,0.6019417475728155,0.08888888888888888,0.5673076923076923,0.0
0.1,1.0,0.04,0.5,0.6116504854368932,0.13043478260869565,0.5673076923076923,0.0
0.1,1.0,0.008,-1.0,0.6019417475728155,0.08888888888888888,0.5673076923076923,0.0
0.1,1.0,0.008,0.0,0.0,0.0,0.0,0.0
0.1,1.0,0.008,0.5,0.0,0.0,0.0,0.0
0.1,1.0,0.0016,-1.0,0.5825242718446602,0.0,0.5673076923076923,0.0
0.1,1.0,0.0016,0.0,0.0,0.0,0.0,0.0
0.1,1.0,0.0016,0.5,0.0,0.0,0.0,0.0
0.1,2.0,625.0,-1.0,0.5533980582524272,0.17857142857142858,0.5576923076923077,0.2068965517241379
0.1,2.0,625.0,0.0,0.6116504854368932,0.047619047619047616,0.5865384615384616,0.0
0.1,2.0,625.0,0.5,0.6116504854368932,0.047619047619047616,0.5865384615384616,0.0
0.1,2.0,125.0,-1.0,0.5533980582524272,0.17857142857142858,0.5576923076923077,0.2068965517241379
0.1,2.0,125.0,0.0,0.6116504854368932,0.047619047619047616,0.5865384615384616,0.0
0.1,2.0,125.0,0.5,0.6116504854368932,0.047619047619047616,0.5865384615384616,0.0
0.1,2.0,25.0,-1.0,0.5533980582524272,0.17857142857142858,0.5480769230769231,0.1754385964912281
0.1,2.0,25.0,0.0,0.6116504854368932,0.047619047619047616,0.5865384615384616,0.0
0.1,2.0,25.0,0.5,0.6116504854368932,0.047619047619047616,0.5865384615384616,0.0
0.1,2.0,5.0,-1.0,0.5631067961165048,0.1818181818181818,0.5673076923076923,0.1818181818181818
0.1,2.0,5.0,0.0,0.6116504854368932,0.047619047619047616,0.5865384615384616,0.0
0.1,2.0,5.0,0.5,0.6116504854368932,0.047619047619047616,0.5865384615384616,0.0
0.1,2.0,1.0,-1.0,0.5533980582524272,0.20689655172413793,0.5384615384615384,0.1724137931034483
0.1,2.0,1.0,0.0,0.6116504854368932,0.047619047619047616,0.5865384615384616,0.0
0.1,2.0,1.0,0.5,0.6116504854368932,0.047619047619047616,0.5865384615384616,0.0
0.1,2.0,0.2,-1.0,0.6504854368932039,0.28,0.5865384615384616,0.18867924528301888
0.1,2.0,0.2,0.0,0.6116504854368932,0.047619047619047616,0.5865384615384616,0.0
0.1,2.0,0.2,0.5,0.6116504854368932,0.047619047619047616,0.5865384615384616,0.0
0.1,2.0,0.04,-1.0,0.6310679611650486,0.13636363636363635,0.5865384615384616,0.0851063829787234
0.1,2.0,0.04,0.0,0.6116504854368932,0.047619047619047616,0.5865384615384616,0.0
0.1,2.0,0.04,0.5,0.6310679611650486,0.05,0.5865384615384616,0.0
0.1,2.0,0.008,-1.0,0.6213592233009708,0.048780487804878044,0.5865384615384616,0.0
0.1,2.0,0.008,0.0,0.0,0.0,0.0,0.0
0.1,2.0,0.008,0.5,0.0,0.0,0.0,0.0
0.1,2.0,0.0016,-1.0,0.6213592233009708,0.0,0.5865384615384616,0.0
0.1,2.0,0.0016,0.0,0.0,0.0,0.0,0.0
0.1,2.0,0.0016,0.5,0.0,0.0,0.0,0.0
0.1,3.0,625.0,-1.0,0.6407766990291263,0.5066666666666667,0.6538461538461539,0.5135135135135135
0.1,3.0,625.0,0.0,0.5728155339805825,0.37142857142857144,0.6634615384615384,0.5454545454545454
0.1,3.0,625.0,0.5,0.5048543689320388,0.2153846153846154,0.6346153846153846,0.4864864864864864
0.1,3.0,125.0,-1.0,0.5631067961165048,0.4943820224719101,0.625,0.5617977528089887
0.1,3.0,125.0,0.0,0.5728155339805825,0.37142857142857144,0.6634615384615384,0.5454545454545454
0.1,3.0,125.0,0.5,0.5048543689320388,0.2153846153846154,0.6346153846153846,0.4864864864864864
0.1,3.0,25.0,-1.0,0.5631067961165048,0.4943820224719101,0.6153846153846154,0.5454545454545454
0.1,3.0,25.0,0.0,0.5145631067961165,0.2647058823529412,0.6346153846153846,0.5
0.1,3.0,25.0,0.5,0.5048543689320388,0.2153846153846154,0.6346153846153846,0.4864864864864864
0.1,3.0,5.0,-1.0,0.5631067961165048,0.47058823529411764,0.625,0.5063291139240507
0.1,3.0,5.0,0.0,0.5631067961165048,0.43037974683544306,0.6634615384615384,0.5679012345679013
0.1,3.0,5.0,0.5,0.5048543689320388,0.2153846153846154,0.6346153846153846,0.4864864864864864
0.1,3.0,1.0,-1.0,0.5825242718446602,0.4819277108433735,0.6153846153846154,0.4871794871794871
0.1,3.0,1.0,0.0,0.5631067961165048,0.3835616438356164,0.6346153846153846,0.5128205128205129
0.1,3.0,1.0,0.5,0.4854368932038835,0.208955223880597,0.6346153846153846,0.4864864864864864
0.1,3.0,0.2,-1.0,0.5533980582524272,0.4390243902439024,0.625,0.5185185185185186
0.1,3.0,0.2,0.0,0.5533980582524272,0.04166666666666667,0.5961538461538461,0.1923076923076923
0.1,3.0,0.2,0.5,0.49514563106796117,0.07142857142857144,0.6634615384615384,0.42622950819672134
0.1,3.0,0.04,-1.0,0.5048543689320388,0.2608695652173913,0.6442307692307693,0.5194805194805195
0.1,3.0,0.04,0.0,0.0,0.0,0.0,0.0
0.1,3.0,0.04,0.5,0.0,0.0,0.0,0.0
0.1,3.0,0.008,-1.0,0.6116504854368932,0.0,0.5961538461538461,0.0
0.1,3.0,0.008,0.0,0.0,0.0,0.0,0.0
0.1,3.0,0.008,0.5,0.0,0.0,0.0,0.0
0.1,3.0,0.0016,-1.0,0.6116504854368932,0.0,0.5961538461538461,0.0
0.1,3.0,0.0016,0.0,0.0,0.0,0.0,0.0
0.1,3.0,0.0016,0.5,0.0,0.0,0.0,0.0
0.1,4.0,625.0,-1.0,0.6407766990291263,0.5542168674698795,0.6538461538461539,0.55
0.1,4.0,625.0,0.0,0.0,0.0,0.0,0.0
0.1,4.0,625.0,0.5,0.0,0.0,0.0,0.0
0.1,4.0,125.0,-1.0,0.6504854368932039,0.5813953488372093,0.6538461538461539,0.5609756097560975
0.1,4.0,125.0,0.0,0.0,0.0,0.0,0.0
0.1,4.0,125.0,0.5,0.0,0.0,0.0,0.0
0.1,4.0,25.0,-1.0,0.6407766990291263,0.5542168674698795,0.6923076923076923,0.6190476190476191
0.1,4.0,25.0,0.0,0.0,0.0,0.0,0.0
0.1,4.0,25.0,0.5,0.0,0.0,0.0,0.0
0.1,4.0,5.0,-1.0,0.6407766990291263,0.5542168674698795,0.6923076923076923,0.5999999999999999
0.1,4.0,5.0,0.0,0.0,0.0,0.0,0.0
0.1,4.0,5.0,0.5,0.0,0.0,0.0,0.0
0.1,4.0,1.0,-1.0,0.5825242718446602,0.0,0.5480769230769231,0.0
0.1,4.0,1.0,0.0,0.0,0.0,0.0,0.0
0.1,4.0,1.0,0.5,0.0,0.0,0.0,0.0
0.1,4.0,0.2,-1.0,0.5631067961165048,0.0,0.5384615384615384,0.0
0.1,4.0,0.2,0.0,0.0,0.0,0.0,0.0
0.1,4.0,0.2,0.5,0.0,0.0,0.0,0.0
0.1,4.0,0.04,-1.0,0.5728155339805825,0.0,0.5480769230769231,0.0
0.1,4.0,0.04,0.0,0.0,0.0,0.0,0.0
0.1,4.0,0.04,0.5,0.0,0.0,0.0,0.0
0.1,4.0,0.008,-1.0,0.5825242718446602,0.0,0.5480769230769231,0.0
0.1,4.0,0.008,0.0,0.0,0.0,0.0,0.0
0.1,4.0,0.008,0.5,0.0,0.0,0.0,0.0
0.1,4.0,0.0016,-1.0,0.5825242718446602,0.0,0.5480769230769231,0.0
0.1,4.0,0.0016,0.0,0.0,0.0,0.0,0.0
0.1,4.0,0.0016,0.5,0.0,0.0,0.0,0.0
0.1,5.0,625.0,-1.0,0.6990291262135923,0.651685393258427,0.6923076923076923,0.6444444444444444
0.1,5.0,625.0,0.0,0.5728155339805825,0.12000000000000001,0.5384615384615384,0.0
0.1,5.0,625.0,0.5,0.5922330097087378,0.125,0.5384615384615384,0.0
0.1,5.0,125.0,-1.0,0.7087378640776699,0.6250000000000001,0.7115384615384616,0.6428571428571429
0.1,5.0,125.0,0.0,0.5728155339805825,0.12000000000000001,0.5384615384615384,0.0
0.1,5.0,125.0,0.5,0.5922330097087378,0.125,0.5384615384615384,0.0
0.1,5.0,25.0,-1.0,0.7184466019417476,0.6588235294117647,0.7115384615384616,0.6428571428571429
0.1,5.0,25.0,0.0,0.5728155339805825,0.12000000000000001,0.5384615384615384,0.0
0.1,5.0,25.0,0.5,0.5922330097087378,0.125,0.5384615384615384,0.0
0.1,5.0,5.0,-1.0,0.6990291262135923,0.6172839506172839,0.6634615384615384,0.5679012345679013
0.1,5.0,5.0,0.0,0.5922330097087378,0.125,0.5384615384615384,0.0
0.1,5.0,5.0,0.5,0.5922330097087378,0.125,0.5384615384615384,0.0
0.1,5.0,1.0,-1.0,0.7184466019417476,0.6329113924050633,0.6730769230769231,0.5853658536585366
0.1,5.0,1.0,0.0,0.5922330097087378,0.125,0.5384615384615384,0.0
0.1,5.0,1.0,0.5,0.5922330097087378,0.125,0.5384615384615384,0.0
0.1,5.0,0.2,-1.0,0.5825242718446602,0.12244897959183675,0.5384615384615384,0.0
0.1,5.0,0.2,0.0,0.0,0.0,0.0,0.0
0.1,5.0,0.2,0.5,0.0,0.0,0.0,0.0
0.1,5.0,0.04,-1.0,0.5922330097087378,0.125,0.5384615384615384,0.0
0.1,5.0,0.04,0.0,0.0,0.0,0.0,0.0
0.1,5.0,0.04,0.5,0.0,0.0,0.0,0.0
0.1,5.0,0.008,-1.0,0.5631067961165048,0.0,0.5384615384615384,0.0
0.1,5.0,0.008,0.0,0.0,0.0,0.0,0.0
0.1,5.0,0.008,0.5,0.0,0.0,0.0,0.0
0.1,5.0,0.0016,-1.0,0.5631067961165048,0.0,0.5384615384615384,0.0
0.1,5.0,0.0016,0.0,0.0,0.0,0.0,0.0
0.1,5.0,0.0016,0.5,0.0,0.0,0.0,0.0
0.1,6.0,625.0,-1.0,0.6796116504854369,0.5352112676056338,0.6923076923076923,0.48387096774193544
0.1,6.0,625.0,0.0,0.0,0.0,0.0,0.0
0.1,6.0,625.0,0.5,0.0,0.0,0.0,0.0
0.1,6.0,125.0,-1.0,0.6796116504854369,0.5217391304347826,0.6826923076923077,0.4590163934426229
0.1,6.0,125.0,0.0,0.0,0.0,0.0,0.0
0.1,6.0,125.0,0.5,0.0,0.0,0.0,0.0
0.1,6.0,25.0,-1.0,0.6699029126213593,0.5142857142857143,0.6923076923076923,0.5
0.1,6.0,25.0,0.0,0.0,0.0,0.0,0.0
0.1,6.0,25.0,0.5,0.0,0.0,0.0,0.0
0.1,6.0,5.0,-1.0,0.7184466019417476,0.6233766233766234,0.6826923076923077,0.547945205479452
0.1,6.0,5.0,0.0,0.0,0.0,0.0,0.0
0.1,6.0,5.0,0.5,0.0,0.0,0.0,0.0
0.1,6.0,1.0,-1.0,0.6504854368932039,0.5,0.6634615384615384,0.4615384615384615
0.1,6.0,1.0,0.0,0.0,0.0,0.0,0.0
0.1,6.0,1.0,0.5,0.0,0.0,0.0,0.0
0.1,6.0,0.2,-1.0,0.6407766990291263,0.4788732394366197,0.6442307692307693,0.39344262295081966
0.1,6.0,0.2,0.0,0.0,0.0,0.0,0.0
0.1,6.0,0.2,0.5,0.0,0.0,0.0,0.0
0.1,6.0,0.04,-1.0,0.5631067961165048,0.0,0.5961538461538461,0.0
0.1,6.0,0.04,0.0,0.0,0.0,0.0,0.0
0.1,6.0,0.04,0.5,0.0,0.0,0.0,0.0
0.1,6.0,0.008,-1.0,0.5825242718446602,0.0,0.5961538461538461,0.0
0.1,6.0,0.008,0.0,0.0,0.0,0.0,0.0
0.1,6.0,0.008,0.5,0.0,0.0,0.0,0.0
0.1,6.0,0.0016,-1.0,0.5825242718446602,0.0,0.5961538461538461,0.0
0.1,6.0,0.0016,0.0,0.0,0.0,0.0,0.0
0.1,6.0,0.0016,0.5,0.0,0.0,0.0,0.0
0.1,7.0,625.0,-1.0,0.7184466019417476,0.5671641791044776,0.6634615384615384,0.5977011494252874
0.1,7.0,625.0,0.0,0.6213592233009708,0.13333333333333336,0.5673076923076923,0.15094339622641506
0.1,7.0,625.0,0.5,0.6407766990291263,0.09756097560975609,0.5480769230769231,0.07843137254901959
0.1,7.0,125.0,-1.0,0.7184466019417476,0.5671641791044776,0.6634615384615384,0.5977011494252874
0.1,7.0,125.0,0.0,0.6213592233009708,0.13333333333333336,0.5673076923076923,0.15094339622641506
0.1,7.0,125.0,0.5,0.6407766990291263,0.09756097560975609,0.5480769230769231,0.07843137254901959
0.1,7.0,25.0,-1.0,0.7184466019417476,0.5671641791044776,0.6634615384615384,0.5977011494252874
0.1,7.0,25.0,0.0,0.6213592233009708,0.13333333333333336,0.5673076923076923,0.15094339622641506
0.1,7.0,25.0,0.5,0.6407766990291263,0.09756097560975609,0.5480769230769231,0.07843137254901959
0.1,7.0,5.0,-1.0,0.6893203883495146,0.5428571428571428,0.6730769230769231,0.6136363636363635
0.1,7.0,5.0,0.0,0.6213592233009708,0.13333333333333336,0.5673076923076923,0.15094339622641506
0.1,7.0,5.0,0.5,0.6407766990291263,0.09756097560975609,0.5480769230769231,0.07843137254901959
0.1,7.0,1.0,-1.0,0.7087378640776699,0.53125,0.625,0.5063291139240507
0.1,7.0,1.0,0.0,0.6310679611650486,0.13636363636363635,0.5384615384615384,0.039999999999999994
0.1,7.0,1.0,0.5,0.6407766990291263,0.09756097560975609,0.5480769230769231,0.07843137254901959
0.1,7.0,0.2,-1.0,0.6310679611650486,0.20833333333333334,0.5576923076923077,0.23333333333333328
0.1,7.0,0.2,0.0,0.6310679611650486,0.05,0.5288461538461539,0.0
0.1,7.0,0.2,0.5,0.6213592233009708,0.0,0.5288461538461539,0.0
0.1,7.0,0.04,-1.0,0.6407766990291263,0.13953488372093026,0.5384615384615384,0.07692307692307691
0.1,7.0,0.04,0.0,0.0,0.0,0.0,0.0
0.1,7.0,0.04,0.5,0.0,0.0,0.0,0.0
0.1,7.0,0.008,-1.0,0.6213592233009708,0.0,0.5288461538461539,0.0
0.1,7.0,0.008,0.0,0.0,0.0,0.0,0.0
0.1,7.0,0.008,0.5,0.0,0.0,0.0,0.0
0.1,7.0,0.0016,-1.0,0.6213592233009708,0.0,0.5288461538461539,0.0
0.1,7.0,0.0016,0.0,0.0,0.0,0.0,0.0
0.1,7.0,0.0016,0.5,0.0,0.0,0.0,0.0
0.1,8.0,625.0,-1.0,0.5048543689320388,0.03773584905660377,0.6057692307692307,0.0
0.1,8.0,625.0,0.0,0.0,0.0,0.0,0.0
0.1,8.0,625.0,0.5,0.0,0.0,0.0,0.0
0.1,8.0,125.0,-1.0,0.5048543689320388,0.03773584905660377,0.6057692307692307,0.0
0.1,8.0,125.0,0.0,0.0,0.0,0.0,0.0
0.1,8.0,125.0,0.5,0.0,0.0,0.0,0.0
0.1,8.0,25.0,-1.0,0.49514563106796117,0.07142857142857142,0.6153846153846154,0.047619047619047616
0.1,8.0,25.0,0.0,0.0,0.0,0.0,0.0
0.1,8.0,25.0,0.5,0.0,0.0,0.0,0.0
0.1,8.0,5.0,-1.0,0.46601941747572817,0.09836065573770492,0.625,0.13333333333333333
0.1,8.0,5.0,0.0,0.0,0.0,0.0,0.0
0.1,8.0,5.0,0.5,0.0,0.0,0.0,0.0
0.1,8.0,1.0,-1.0,0.5922330097087378,0.5116279069767442,0.7019230769230769,0.5079365079365079
0.1,8.0,1.0,0.0,0.0,0.0,0.0,0.0
0.1,8.0,1.0,0.5,0.0,0.0,0.0,0.0
0.1,8.0,0.2,-1.0,0.5242718446601942,0.14035087719298245,0.6153846153846154,0.047619047619047616
0.1,8.0,0.2,0.0,0.0,0.0,0.0,0.0
0.1,8.0,0.2,0.5,0.0,0.0,0.0,0.0
0.1,8.0,0.04,-1.0,0.49514563106796117,0.0,0.6057692307692307,0.0
0.1,8.0,0.04,0.0,0.0,0.0,0.0,0.0
0.1,8.0,0.04,0.5,0.0,0.0,0.0,0.0
0.1,8.0,0.008,-1.0,0.5048543689320388,0.0,0.6057692307692307,0.0
0.1,8.0,0.008,0.0,0.0,0.0,0.0,0.0
0.1,8.0,0.008,0.5,0.0,0.0,0.0,0.0
0.1,8.0,0.0016,-1.0,0.5048543689320388,0.0,0.6057692307692307,0.0
0.1,8.0,0.0016,0.0,0.0,0.0,0.0,0.0
0.1,8.0,0.0016,0.5,0.0,0.0,0.0,0.0
0.1,9.0,625.0,-1.0,0.6019417475728155,0.4675324675324676,0.6826923076923077,0.5074626865671642
0.1,9.0,625.0,0.0,0.5728155339805825,0.3714285714285714,0.6442307692307693,0.3272727272727273
0.1,9.0,625.0,0.5,0.5242718446601942,0.0392156862745098,0.6346153846153846,0.0
0.1,9.0,125.0,-1.0,0.6213592233009708,0.4800000000000001,0.6923076923076923,0.5
0.1,9.0,125.0,0.0,0.5728155339805825,0.3714285714285714,0.6442307692307693,0.3272727272727273
0.1,9.0,125.0,0.5,0.5242718446601942,0.0392156862745098,0.6346153846153846,0.0
0.1,9.0,25.0,-1.0,0.6019417475728155,0.4938271604938272,0.6634615384615384,0.47761194029850745
0.1,9.0,25.0,0.0,0.6019417475728155,0.4057971014492754,0.6538461538461539,0.3076923076923077
0.1,9.0,25.0,0.5,0.5242718446601942,0.0392156862745098,0.6346153846153846,0.0
0.1,9.0,5.0,-1.0,0.6019417475728155,0.5287356321839081,0.6634615384615384,0.5333333333333333
0.1,9.0,5.0,0.0,0.5825242718446602,0.39436619718309857,0.6346153846153846,0.2692307692307692
0.1,9.0,5.0,0.5,0.5242718446601942,0.0392156862745098,0.6346153846153846,0.0
0.1,9.0,1.0,-1.0,0.6116504854368932,0.5121951219512195,0.7019230769230769,0.5633802816901409
0.1,9.0,1.0,0.0,0.5242718446601942,0.0392156862745098,0.6346153846153846,0.0
0.1,9.0,1.0,0.5,0.5242718446601942,0.0392156862745098,0.6346153846153846,0.0
0.1,9.0,0.2,-1.0,0.6213592233009708,0.5185185185185185,0.6634615384615384,0.47761194029850745
0.1,9.0,0.2,0.0,0.5242718446601942,0.0392156862745098,0.6346153846153846,0.0
0.1,9.0,0.2,0.5,0.5242718446601942,0.0392156862745098,0.6346153846153846,0.0
0.1,9.0,0.04,-1.0,0.5048543689320388,0.03773584905660377,0.6346153846153846,0.0
0.1,9.0,0.04,0.0,0.5242718446601942,0.0392156862745098,0.6346153846153846,0.0
0.1,9.0,0.04,0.5,0.5145631067961165,0.038461538461538464,0.6346153846153846,0.0
0.1,9.0,0.008,-1.0,0.5339805825242718,0.0,0.6346153846153846,0.0
0.1,9.0,0.008,0.0,0.0,0.0,0.0,0.0
0.1,9.0,0.008,0.5,0.0,0.0,0.0,0.0
0.1,9.0,0.0016,-1.0,0.5339805825242718,0.0,0.6346153846153846,0.0
0.1,9.0,0.0016,0.0,0.0,0.0,0.0,0.0
0.1,9.0,0.0016,0.5,0.0,0.0,0.0,0.0
0.15,0.0,625.0,-1.0,0.6019417475728155,0.40579710144927533,0.5673076923076923,0.28571428571428575
0.15,0.0,625.0,0.0,0.6019417475728155,0.046511627906976744,0.5769230769230769,0.0
0.15,0.0,625.0,0.5,0.6019417475728155,0.046511627906976744,0.5769230769230769,0.0
0.15,0.0,125.0,-1.0,0.6019417475728155,0.40579710144927533,0.5673076923076923,0.28571428571428575
0.15,0.0,125.0,0.0,0.6019417475728155,0.046511627906976744,0.5769230769230769,0.0
0.15,0.0,125.0,0.5,0.6019417475728155,0.046511627906976744,0.5769230769230769,0.0
0.15,0.0,25.0,-1.0,0.6019417475728155,0.40579710144927533,0.5673076923076923,0.28571428571428575
0.15,0.0,25.0,0.0,0.6019417475728155,0.046511627906976744,0.5769230769230769,0.0
0.15,0.0,25.0,0.5,0.6019417475728155,0.046511627906976744,0.5769230769230769,0.0
0.15,0.0,5.0,-1.0,0.6019417475728155,0.40579710144927533,0.5673076923076923,0.28571428571428575
0.15,0.0,5.0,0.0,0.6019417475728155,0.046511627906976744,0.5769230769230769,0.0
0.15,0.0,5.0,0.5,0.6019417475728155,0.046511627906976744,0.5769230769230769,0.0
0.15,0.0,1.0,-1.0,0.5922330097087378,0.3823529411764706,0.5576923076923077,0.2580645161290322
0.15,0.0,1.0,0.0,0.6019417475728155,0.046511627906976744,0.5769230769230769,0.0
0.15,0.0,1.0,0.5,0.6019417475728155,0.046511627906976744,0.5769230769230769,0.0
0.15,0.0,0.2,-1.0,0.5825242718446602,0.35820895522388063,0.5576923076923077,0.20689655172413793
0.15,0.0,0.2,0.0,0.5922330097087378,0.04545454545454545,0.5769230769230769,0.0
0.15,0.0,0.2,0.5,0.0,0.0,0.0,0.0
0.15,0.0,0.04,-1.0,0.6019417475728155,0.1276595744680851,0.5769230769230769,0.0
0.15,0.0,0.04,0.0,0.0,0.0,0.0,0.0
0.15,0.0,0.04,0.5,0.0,0.0,0.0,0.0
0.15,0.0,0.008,-1.0,0.5922330097087378,0.04545454545454545,0.5769230769230769,0.0
0.15,0.0,0.008,0.0,0.0,0.0,0.0,0.0
0.15,0.0,0.008,0.5,0.0,0.0,0.0,0.0
0.15,0.0,0.0016,-1.0,0.6019417475728155,0.0,0.5769230769230769,0.0
0.15,0.0,0.0016,0.0,0.0,0.0,0.0,0.0
0.15,0.0,0.0016,0.5,0.0,0.0,0.0,0.0
0.15,1.0,625.0,-1.0,0.5242718446601942,0.4731182795698925,0.6346153846153846,0.5777777777777777
0.15,1.0,625.0,0.0,0.5145631067961165,0.21875,0.5673076923076923,0.1818181818181818
0.15,1.0,625.0,0.5,0.49514563106796117,0.037037037037037035,0.5769230769230769,0.08333333333333334
0.15,1.0,125.0,-1.0,0.5242718446601942,0.4731182795698925,0.6346153846153846,0.5777777777777777
0.15,1.0,125.0,0.0,0.5145631067961165,0.21875,0.5673076923076923,0.1818181818181818
0.15,1.0,125.0,0.5,0.49514563106796117,0.037037037037037035,0.5769230769230769,0.08333333333333334
0.15,1.0,25.0,-1.0,0.5242718446601942,0.4731182795698925,0.6346153846153846,0.5777777777777777
0.15,1.0,25.0,0.0,0.5145631067961165,0.21875,0.5673076923076923,0.1818181818181818
0.15,1.0,25.0,0.5,0.49514563106796117,0.037037037037037035,0.5769230769230769,0.08333333333333334
0.15,1.0,5.0,-1.0,0.5339805825242718,0.47826086956521735,0.5865384615384616,0.49411764705882355
0.15,1.0,5.0,0.0,0.5048543689320388,0.21538461538461537,0.5576923076923077,0.14814814814814814
0.15,1.0,5.0,0.5,0.49514563106796117,0.037037037037037035,0.5769230769230769,0.08333333333333334
0.15,1.0,1.0,-1.0,0.4854368932038835,0.3764705882352941,0.6057692307692307,0.4383561643835616
0.15,1.0,1.0,0.0,0.49514563106796117,0.21212121212121213,0.5576923076923077,0.11538461538461539
0.15,1.0,1.0,0.5,0.49514563106796117,0.037037037037037035,0.5769230769230769,0.08333333333333334
0.15,1.0,0.2,-1.0,0.44660194174757284,0.25974025974025977,0.5961538461538461,0.4166666666666667
0.15,1.0,0.2,0.0,0.5048543689320388,0.07272727272727272,0.5769230769230769,0.08333333333333334
0.15,1.0,0.2,0.5,0.49514563106796117,0.037037037037037035,0.5673076923076923,0.0425531914893617
0.15,1.0,0.04,-1.0,0.5145631067961165,0.10714285714285715,0.5769230769230769,0.04347826086956522
0.15,1.0,0.04,0.0,0.5339805825242718,0.0,0.5673076923076923,0.0
0.15,1.0,0.04,0.5,0.5145631067961165,0.0,0.5673076923076923,0.0
0.15,1.0,0.008,-1.0,0.5533980582524272,0.0,0.5673076923076923,0.0
0.15,1.0,0.008,0.0,0.0,0.0,0.0,0.0
0.15,1.0,0.008,0.5,0.0,0.0,0.0,0.0
0.15,1.0,0.0016,-1.0,0.5631067961165048,0.0,0.5673076923076923,0.0
0.15,1.0,0.0016,0.0,0.0,0.0,0.0,0.0
0.15,1.0,0.0016,0.5,0.0,0.0,0.0,0.0
0.15,2.0,625.0,-1.0,0.6019417475728155,0.2545454545454545,0.5576923076923077,0.32352941176470584
0.15,2.0,625.0,0.0,0.0,0.0,0.0,0.0
0.15,2.0,625.0,0.5,0.0,0.0,0.0,0.0
0.15,2.0,125.0,-1.0,0.6019417475728155,0.2545454545454545,0.5576923076923077,0.32352941176470584
0.15,2.0,125.0,0.0,0.0,0.0,0.0,0.0
0.15,2.0,125.0,0.5,0.0,0.0,0.0,0.0
0.15,2.0,25.0,-1.0,0.6796116504854369,0.3773584905660377,0.6442307692307693,0.44776119402985076
0.15,2.0,25.0,0.0,0.0,0.0,0.0,0.0
0.15,2.0,25.0,0.5,0.0,0.0,0.0,0.0
0.15,2.0,5.0,-1.0,0.6796116504854369,0.4000000000000001,0.6730769230769231,0.5142857142857143
0.15,2.0,5.0,0.0,0.0,0.0,0.0,0.0
0.15,2.0,5.0,0.5,0.0,0.0,0.0,0.0
0.15,2.0,1.0,-1.0,0.6116504854368932,0.13043478260869565,0.5192307692307693,0.16666666666666669
0.15,2.0,1.0,0.0,0.0,0.0,0.0,0.0
0.15,2.0,1.0,0.5,0.0,0.0,0.0,0.0
0.15,2.0,0.2,-1.0,0.6310679611650486,0.049999999999999996,0.5288461538461539,0.0
0.15,2.0,0.2,0.0,0.0,0.0,0.0,0.0
0.15,2.0,0.2,0.5,0.0,0.0,0.0,0.0
0.15,2.0,0.04,-1.0,0.6407766990291263,0.09756097560975609,0.5288461538461539,0.0
0.15,2.0,0.04,0.0,0.0,0.0,0.0,0.0
0.15,2.0,0.04,0.5,0.0,0.0,0.0,0.0
0.15,2.0,0.008,-1.0,0.6504854368932039,0.0,0.5288461538461539,0.0
0.15,2.0,0.008,0.0,0.0,0.0,0.0,0.0
0.15,2.0,0.008,0.5,0.0,0.0,0.0,0.0
0.15,2.0,0.0016,-1.0,0.6504854368932039,0.0,0.5288461538461539,0.0
0.15,2.0,0.0016,0.0,0.0,0.0,0.0,0.0
0.15,2.0,0.0016,0.5,0.0,0.0,0.0,0.0
0.15,3.0,625.0,-1.0,0.4563106796116505,0.45098039215686275,0.5576923076923077,0.603448275862069
0.15,3.0,625.0,0.0,0.5922330097087378,0.4878048780487805,0.6346153846153846,0.5777777777777777
0.15,3.0,625.0,0.5,0.5825242718446602,0.48192771084337355,0.5865384615384616,0.5567010309278351
0.15,3.0,125.0,-1.0,0.4563106796116505,0.45098039215686275,0.5576923076923077,0.603448275862069
0.15,3.0,125.0,0.0,0.5922330097087378,0.4878048780487805,0.6346153846153846,0.5777777777777777
0.15,3.0,125.0,0.5,0.5825242718446602,0.48192771084337355,0.5865384615384616,0.5567010309278351
0.15,3.0,25.0,-1.0,0.4563106796116505,0.45098039215686275,0.5576923076923077,0.603448275862069
0.15,3.0,25.0,0.0,0.6310679611650486,0.5128205128205129,0.625,0.5714285714285713
0.15,3.0,25.0,0.5,0.5825242718446602,0.48192771084337355,0.5865384615384616,0.5567010309278351
0.15,3.0,5.0,-1.0,0.4563106796116505,0.44000000000000006,0.5769230769230769,0.6071428571428571
0.15,3.0,5.0,0.0,0.6407766990291263,0.5194805194805195,0.625,0.5714285714285713
0.15,3.0,5.0,0.5,0.6019417475728155,0.4810126582278481,0.5961538461538461,0.5333333333333333
0.15,3.0,1.0,-1.0,0.44660194174757284,0.43564356435643564,0.5576923076923077,0.5892857142857143
0.15,3.0,1.0,0.0,0.6213592233009708,0.5185185185185186,0.5769230769230769,0.5510204081632653
0.15,3.0,1.0,0.5,0.5728155339805825,0.4358974358974359,0.6346153846153846,0.5681818181818183
0.15,3.0,0.2,-1.0,0.5728155339805825,0.4761904761904762,0.5769230769230769,0.5599999999999999
0.15,3.0,0.2,0.0,0.5631067961165048,0.47058823529411764,0.5865384615384616,0.5742574257425743
0.15,3.0,0.2,0.5,0.6213592233009708,0.23529411764705882,0.5865384615384616,0.18867924528301885
0.15,3.0,0.04,-1.0,0.6310679611650486,0.4722222222222222,0.625,0.5185185185185186
0.15,3.0,0.04,0.0,0.6407766990291263,0.0,0.5673076923076923,0.0
0.15,3.0,0.04,0.5,0.6407766990291263,0.0,0.5673076923076923,0.0
0.15,3.0,0.008,-1.0,0.6310679611650486,0.13636363636363638,0.5865384615384616,0.0851063829787234
0.15,3.0,0.008,0.0,0.0,0.0,0.0,0.0
0.15,3.0,0.008,0.5,0.0,0.0,0.0,0.0
0.15,3.0,0.0016,-1.0,0.6504854368932039,0.0,0.5673076923076923,0.0
0.15,3.0,0.0016,0.0,0.0,0.0,0.0,0.0
0.15,3.0,0.0016,0.5,0.0,0.0,0.0,0.0
0.15,4.0,625.0,-1.0,0.6213592233009708,0.46575342465753417,0.6634615384615384,0.4927536231884058
0.15,4.0,625.0,0.0,0.5922330097087378,0.04545454545454545,0.5961538461538461,0.0
0.15,4.0,625.0,0.5,0.5922330097087378,0.04545454545454545,0.5961538461538461,0.0
0.15,4.0,125.0,-1.0,0.6310679611650486,0.4864864864864865,0.6538461538461539,0.4857142857142857
0.15,4.0,125.0,0.0,0.5922330097087378,0.04545454545454545,0.5961538461538461,0.0
0.15,4.0,125.0,0.5,0.5922330097087378,0.04545454545454545,0.5961538461538461,0.0
0.15,4.0,25.0,-1.0,0.6019417475728155,0.45333333333333325,0.6442307692307693,0.4788732394366197
0.15,4.0,25.0,0.0,0.5922330097087378,0.04545454545454545,0.5961538461538461,0.0
0.15,4.0,25.0,0.5,0.5922330097087378,0.04545454545454545,0.5961538461538461,0.0
0.15,4.0,5.0,-1.0,0.6213592233009708,0.48,0.6634615384615384,0.4927536231884058
0.15,4.0,5.0,0.0,0.5922330097087378,0.04545454545454545,0.5961538461538461,0.0
0.15,4.0,5.0,0.5,0.5922330097087378,0.04545454545454545,0.5961538461538461,0.0
0.15,4.0,1.0,-1.0,0.6213592233009708,0.5185185185185185,0.625,0.5185185185185186
0.15,4.0,1.0,0.0,0.5922330097087378,0.04545454545454545,0.5961538461538461,0.0
0.15,4.0,1.0,0.5,0.5922330097087378,0.04545454545454545,0.5961538461538461,0.0
0.15,4.0,0.2,-1.0,0.6310679611650486,0.5128205128205128,0.6057692307692307,0.4533333333333333
0.15,4.0,0.2,0.0,0.5922330097087378,0.04545454545454545,0.5961538461538461,0.0
0.15,4.0,0.2,0.5,0.5922330097087378,0.04545454545454545,0.5961538461538461,0.0
0.15,4.0,0.04,-1.0,0.5631067961165048,0.08163265306122448,0.5961538461538461,0.0
0.15,4.0,0.04,0.0,0.0,0.0,0.0,0.0
0.15,4.0,0.04,0.5,0.0,0.0,0.0,0.0
0.15,4.0,0.008,-1.0,0.5922330097087378,0.04545454545454545,0.5961538461538461,0.0
0.15,4.0,0.008,0.0,0.0,0.0,0.0,0.0
0.15,4.0,0.008,0.5,0.0,0.0,0.0,0.0
0.15,4.0,0.0016,-1.0,0.5825242718446602,0.0,0.5961538461538461,0.0
0.15,4.0,0.0016,0.0,0.0,0.0,0.0,0.0
0.15,4.0,0.0016,0.5,0.0,0.0,0.0,0.0
0.15,5.0,625.0,-1.0,0.5631067961165048,0.5161290322580644,0.625,0.6213592233009709
0.15,5.0,625.0,0.0,0.5825242718446602,0.0851063829787234,0.5673076923076923,0.0
0.15,5.0,625.0,0.5,0.5825242718446602,0.04444444444444444,0.5673076923076923,0.0
0.15,5.0,125.0,-1.0,0.5631067961165048,0.5161290322580644,0.625,0.6213592233009709
0.15,5.0,125.0,0.0,0.5825242718446602,0.0851063829787234,0.5673076923076923,0.0
0.15,5.0,125.0,0.5,0.5825242718446602,0.04444444444444444,0.5673076923076923,0.0
0.15,5.0,25.0,-1.0,0.5631067961165048,0.5161290322580644,0.6346153846153846,0.6274509803921567
0.15,5.0,25.0,0.0,0.5825242718446602,0.0851063829787234,0.5673076923076923,0.0
0.15,5.0,25.0,0.5,0.5825242718446602,0.04444444444444444,0.5673076923076923,0.0
0.15,5.0,5.0,-1.0,0.5631067961165048,0.5161290322580644,0.6442307692307693,0.6336633663366337
0.15,5.0,5.0,0.0,0.5825242718446602,0.0851063829787234,0.5673076923076923,0.0
0.15,5.0,5.0,0.5,0.5825242718446602,0.04444444444444444,0.5673076923076923,0.0
0.15,5.0,1.0,-1.0,0.6019417475728155,0.5176470588235295,0.6538461538461539,0.5909090909090908
0.15,5.0,1.0,0.0,0.5825242718446602,0.0851063829787234,0.5673076923076923,0.0
0.15,5.0,1.0,0.5,0.5728155339805825,0.0,0.5673076923076923,0.0
0.15,5.0,0.2,-1.0,0.5728155339805825,0.37142857142857144,0.6442307692307693,0.5432098765432098
0.15,5.0,0.2,0.0,0.5825242718446602,0.04444444444444444,0.5673076923076923,0.0
0.15,5.0,0.2,0.5,0.5728155339805825,0.0,0.5673076923076923,0.0
0.15,5.0,0.04,-1.0,0.5825242718446602,0.04444444444444444,0.5673076923076923,0.0
0.15,5.0,0.04,0.0,0.0,0.0,0.0,0.0
0.15,5.0,0.04,0.5,0.0,0.0,0.0,0.0
0.15,5.0,0.008,-1.0,0.5825242718446602,0.0,0.5673076923076923,0.0
0.15,5.0,0.008,0.0,0.0,0.0,0.0,0.0
0.15,5.0,0.008,0.5,0.0,0.0,0.0,0.0
0.15,5.0,0.0016,-1.0,0.5825242718446602,0.0,0.5673076923076923,0.0
0.15,5.0,0.0016,0.0,0.0,0.0,0.0,0.0
0.15,5.0,0.0016,0.5,0.0,0.0,0.0,0.0
0.15,6.0,625.0,-1.0,0.6699029126213593,0.6530612244897959,0.5288461538461539,0.5950413223140496
0.15,6.0,625.0,0.0,0.6699029126213593,0.4516129032258065,0.5961538461538461,0.41666666666666663
0.15,6.0,625.0,0.5,0.6699029126213593,0.2916666666666667,0.5576923076923077,0.14814814814814814
0.15,6.0,125.0,-1.0,0.6699029126213593,0.6530612244897959,0.5288461538461539,0.5950413223140496
0.15,6.0,125.0,0.0,0.6699029126213593,0.4516129032258065,0.5961538461538461,0.41666666666666663
0.15,6.0,125.0,0.5,0.6699029126213593,0.2916666666666667,0.5576923076923077,0.14814814814814814
0.15,6.0,25.0,-1.0,0.7281553398058253,0.6888888888888889,0.5480769230769231,0.5688073394495413
0.15,6.0,25.0,0.0,0.6893203883495146,0.48387096774193555,0.625,0.43478260869565216
0.15,6.0,25.0,0.5,0.6699029126213593,0.2916666666666667,0.5576923076923077,0.14814814814814814
0.15,6.0,5.0,-1.0,0.6796116504854369,0.6526315789473685,0.5288461538461539,0.5585585585585586
0.15,6.0,5.0,0.0,0.6893203883495146,0.5428571428571428,0.5769230769230769,0.46341463414634143
0.15,6.0,5.0,0.5,0.6699029126213593,0.2916666666666667,0.5576923076923077,0.14814814814814814
0.15,6.0,1.0,-1.0,0.7184466019417476,0.6741573033707865,0.5288461538461539,0.5504587155963303
0.15,6.0,1.0,0.0,0.7184466019417476,0.6133333333333333,0.6057692307692307,0.5494505494505494
0.15,6.0,1.0,0.5,0.6699029126213593,0.2916666666666667,0.5576923076923077,0.14814814814814814
0.15,6.0,0.2,-1.0,0.7087378640776699,0.6511627906976745,0.5,0.4799999999999999
0.15,6.0,0.2,0.0,0.6893203883495146,0.5428571428571428,0.6153846153846154,0.5238095238095238
0.15,6.0,0.2,0.5,0.6699029126213593,0.19047619047619047,0.5673076923076923,0.04255319148936171
0.15,6.0,0.04,-1.0,0.6796116504854369,0.4210526315789474,0.5961538461538461,0.3225806451612903
0.15,6.0,0.04,0.0,0.6407766990291263,0.05128205128205129,0.5769230769230769,0.0
0.15,6.0,0.04,0.5,0.6504854368932039,0.1,0.5769230769230769,0.0
0.15,6.0,0.008,-1.0,0.6601941747572816,0.18604651162790697,0.5673076923076923,0.0816326530612245
0.15,6.0,0.008,0.0,0.6407766990291263,0.0,0.5769230769230769,0.0
0.15,6.0,0.008,0.5,0.0,0.0,0.0,0.0
0.15,6.0,0.0016,-1.0,0.6407766990291263,0.0,0.5769230769230769,0.0
0.15,6.0,0.0016,0.0,0.0,0.0,0.0,0.0
0.15,6.0,0.0016,0.5,0.0,0.0,0.0,0.0
0.15,7.0,625.0,-1.0,0.5436893203883495,0.4197530864197531,0.5480769230769231,0.27692307692307694
0.15,7.0,625.0,0.0,0.5242718446601942,0.1967213114754098,0.5384615384615384,0.0
0.15,7.0,625.0,0.5,0.5242718446601942,0.1090909090909091,0.5865384615384616,0.0
0.15,7.0,125.0,-1.0,0.5436893203883495,0.4197530864197531,0.5480769230769231,0.27692307692307694
0.15,7.0,125.0,0.0,0.5242718446601942,0.1967213114754098,0.5384615384615384,0.0
0.15,7.0,125.0,0.5,0.5242718446601942,0.1090909090909091,0.5865384615384616,0.0
0.15,7.0,25.0,-1.0,0.5436893203883495,0.4197530864197531,0.5480769230769231,0.27692307692307694
0.15,7.0,25.0,0.0,0.5242718446601942,0.1967213114754098,0.5384615384615384,0.0
0.15,7.0,25.0,0.5,0.5242718446601942,0.1090909090909091,0.5865384615384616,0.0
0.15,7.0,5.0,-1.0,0.5339805825242718,0.39999999999999997,0.5480769230769231,0.27692307692307694
0.15,7.0,5.0,0.0,0.5242718446601942,0.1967213114754098,0.5288461538461539,0.0
0.15,7.0,5.0,0.5,0.5242718446601942,0.1090909090909091,0.5865384615384616,0.0
0.15,7.0,1.0,-1.0,0.5436893203883495,0.4050632911392405,0.5480769230769231,0.22950819672131145
0.15,7.0,1.0,0.0,0.5145631067961165,0.1935483870967742,0.5288461538461539,0.0
0.15,7.0,1.0,0.5,0.5242718446601942,0.1090909090909091,0.5865384615384616,0.0
0.15,7.0,0.2,-1.0,0.5145631067961165,0.32432432432432434,0.5673076923076923,0.26229508196721313
0.15,7.0,0.2,0.0,0.5145631067961165,0.07407407407407407,0.5865384615384616,0.0
0.15,7.0,0.2,0.5,0.5339805825242718,0.04,0.6057692307692307,0.0
0.15,7.0,0.04,-1.0,0.5242718446601942,0.1967213114754098,0.5384615384615384,0.0
0.15,7.0,0.04,0.0,0.5242718446601942,0.0,0.6057692307692307,0.0
0.15,7.0,0.04,0.5,0.5242718446601942,0.0,0.6057692307692307,0.0
0.15,7.0,0.008,-1.0,0.5242718446601942,0.07547169811320754,0.5961538461538461,0.0
0.15,7.0,0.008,0.0,0.0,0.0,0.0,0.0
0.15,7.0,0.008,0.5,0.0,0.0,0.0,0.0
0.15,7.0,0.0016,-1.0,0.5436893203883495,0.0,0.6057692307692307,0.0
0.15,7.0,0.0016,0.0,0.0,0.0,0.0,0.0
0.15,7.0,0.0016,0.5,0.0,0.0,0.0,0.0
0.15,8.0,625.0,-1.0,0.5145631067961165,0.4318181818181818,0.6634615384615384,0.5977011494252874
0.15,8.0,625.0,0.0,0.4854368932038835,0.32911392405063294,0.6153846153846154,0.4736842105263158
0.15,8.0,625.0,0.5,0.5339805825242718,0.4,0.6153846153846154,0.4444444444444445
0.15,8.0,125.0,-1.0,0.5242718446601942,0.42352941176470593,0.6826923076923077,0.6117647058823529
0.15,8.0,125.0,0.0,0.4854368932038835,0.32911392405063294,0.6153846153846154,0.4736842105263158
0.15,8.0,125.0,0.5,0.5339805825242718,0.4,0.6153846153846154,0.4444444444444445
0.15,8.0,25.0,-1.0,0.5242718446601942,0.42352941176470593,0.6634615384615384,0.5977011494252874
0.15,8.0,25.0,0.0,0.46601941747572817,0.3037974683544304,0.6346153846153846,0.5
0.15,8.0,25.0,0.5,0.5339805825242718,0.4,0.6153846153846154,0.4444444444444445
0.15,8.0,5.0,-1.0,0.5145631067961165,0.4444444444444445,0.6442307692307693,0.5842696629213483
0.15,8.0,5.0,0.0,0.47572815533980584,0.32499999999999996,0.6442307692307693,0.54320987654321
0.15,8.0,5.0,0.5,0.5436893203883495,0.40506329113924044,0.6153846153846154,0.4444444444444445
0.15,8.0,1.0,-1.0,0.5048543689320388,0.38554216867469876,0.6730769230769231,0.6046511627906976
0.15,8.0,1.0,0.0,0.4854368932038835,0.3116883116883117,0.6153846153846154,0.4444444444444445
0.15,8.0,1.0,0.5,0.5145631067961165,0.35897435897435903,0.5865384615384616,0.37681159420289856
0.15,8.0,0.2,-1.0,0.5242718446601942,0.4367816091954023,0.6634615384615384,0.5977011494252874
0.15,8.0,0.2,0.0,0.5145631067961165,0.47916666666666663,0.625,0.5979381443298969
0.15,8.0,0.2,0.5,0.4077669902912621,0.5734265734265734,0.34615384615384615,0.5072463768115942
0.15,8.0,0.04,-1.0,0.47572815533980584,0.4599999999999999,0.5961538461538461,0.5882352941176471
0.15,8.0,0.04,0.0,0.4077669902912621,0.5734265734265734,0.34615384615384615,0.5072463768115942
0.15,8.0,0.04,0.5,0.39805825242718446,0.5633802816901408,0.33653846153846156,0.5035971223021583
0.15,8.0,0.008,-1.0,0.5631067961165048,0.08163265306122448,0.6826923076923077,0.15384615384615383
0.15,8.0,0.008,0.0,0.5922330097087378,0.04545454545454545,0.6634615384615384,0.0
0.15,8.0,0.008,0.5,0.6019417475728155,0.08888888888888888,0.6538461538461539,0.0
0.15,8.0,0.0016,-1.0,0.5825242718446602,0.0,0.6634615384615384,0.0
0.15,8.0,0.0016,0.0,0.0,0.0,0.0,0.0
0.15,8.0,0.0016,0.5,0.0,0.0,0.0,0.0
0.15,9.0,625.0,-1.0,0.5728155339805825,0.33333333333333337,0.5480769230769231,0.3733333333333333
0.15,9.0,625.0,0.0,0.5825242718446602,0.0,0.5192307692307693,0.0
0.15,9.0,625.0,0.5,0.6116504854368932,0.0,0.5288461538461539,0.0
0.15,9.0,125.0,-1.0,0.5728155339805825,0.33333333333333337,0.5480769230769231,0.3733333333333333
0.15,9.0,125.0,0.0,0.5825242718446602,0.0,0.5192307692307693,0.0
0.15,9.0,125.0,0.5,0.6116504854368932,0.0,0.5288461538461539,0.0
0.15,9.0,25.0,-1.0,0.5728155339805825,0.33333333333333337,0.5480769230769231,0.3733333333333333
0.15,9.0,25.0,0.0,0.5825242718446602,0.0,0.5192307692307693,0.0
0.15,9.0,25.0,0.5,0.6116504854368932,0.0,0.5288461538461539,0.0
0.15,9.0,5.0,-1.0,0.5728155339805825,0.33333333333333337,0.5480769230769231,0.3733333333333333
0.15,9.0,5.0,0.0,0.5825242718446602,0.0,0.5192307692307693,0.0
0.15,9.0,5.0,0.5,0.6116504854368932,0.0,0.5288461538461539,0.0
0.15,9.0,1.0,-1.0,0.6116504854368932,0.3333333333333333,0.5576923076923077,0.3428571428571428
0.15,9.0,1.0,0.0,0.6019417475728155,0.0,0.5192307692307693,0.0
0.15,9.0,1.0,0.5,0.6116504854368932,0.0,0.5288461538461539,0.0
0.15,9.0,0.2,-1.0,0.6407766990291263,0.30188679245283023,0.5576923076923077,0.25806451612903225
0.15,9.0,0.2,0.0,0.6019417475728155,0.0,0.5288461538461539,0.0
0.15,9.0,0.2,0.5,0.6116504854368932,0.047619047619047616,0.5096153846153846,0.0
0.15,9.0,0.04,-1.0,0.6116504854368932,0.047619047619047616,0.5288461538461539,0.0
0.15,9.0,0.04,0.0,0.6116504854368932,0.0,0.5288461538461539,0.0
0.15,9.0,0.04,0.5,0.6116504854368932,0.0,0.5288461538461539,0.0
0.15,9.0,0.008,-1.0,0.6116504854368932,0.0,0.5288461538461539,0.0
0.15,9.0,0.008,0.0,0.0,0.0,0.0,0.0
0.15,9.0,0.008,0.5,0.0,0.0,0.0,0.0
0.15,9.0,0.0016,-1.0,0.6116504854368932,0.0,0.5288461538461539,0.0
0.15,9.0,0.0016,0.0,0.0,0.0,0.0,0.0
0.15,9.0,0.0016,0.5,0.0,0.0,0.0,0.0
