comp_time,kernel,nu,test_error,training_error,training_time,trial
5.053194046020508,polynomial,0.71,0.27325581395348836,0.24855491329479767,5.051048994064331,0.0
3.7203660011291504,polynomial,0.71,0.28488372093023256,0.23699421965317918,3.7187070846557617,1.0
4.722301006317139,polynomial,0.71,0.3546511627906977,0.2658959537572254,4.720745086669922,2.0
6.930304050445557,polynomial,0.71,0.27906976744186046,0.24855491329479767,6.928789138793945,3.0
3.6022160053253174,polynomial,0.71,0.3372093023255814,0.21965317919075145,3.6008331775665283,4.0
4.793108940124512,polynomial,0.71,0.29651162790697677,0.23121387283236994,4.791610956192017,5.0
4.093321800231934,polynomial,0.71,0.27906976744186046,0.2254335260115607,4.091928958892822,6.0
4.2729809284210205,polynomial,0.71,0.3081395348837209,0.23699421965317918,4.271587133407593,7.0
3.849050998687744,polynomial,0.71,0.29651162790697677,0.2658959537572254,3.8477158546447754,8.0
3.441002130508423,polynomial,0.71,0.29651162790697677,0.2138728323699422,3.439666986465454,9.0
4.422769069671631,polynomial,0.71,0.3081395348837209,0.24277456647398843,4.421319961547852,10.0
3.9483189582824707,polynomial,0.71,0.2558139534883721,0.23121387283236994,3.9468719959259033,11.0
4.432435035705566,polynomial,0.71,0.23837209302325582,0.2543352601156069,4.430963039398193,12.0
4.743258953094482,polynomial,0.71,0.31976744186046513,0.26011560693641617,4.7416298389434814,13.0
3.82846999168396,polynomial,0.71,0.2616279069767442,0.23699421965317918,3.827136993408203,14.0
4.06745719909668,polynomial,0.71,0.25,0.2658959537572254,4.066103935241699,15.0
3.371565103530884,polynomial,0.71,0.3372093023255814,0.2023121387283237,3.370239019393921,16.0
4.319997072219849,polynomial,0.71,0.29069767441860467,0.2023121387283237,4.318647146224976,17.0
4.335034132003784,polynomial,0.71,0.29069767441860467,0.2254335260115607,4.333518028259277,18.0
4.107279062271118,polynomial,0.71,0.3023255813953488,0.21965317919075145,4.105691194534302,19.0
4.070551872253418,polynomial,0.71,0.313953488372093,0.21965317919075145,4.068919897079468,20.0
3.9542529582977295,polynomial,0.71,0.29651162790697677,0.20809248554913296,3.9527440071105957,21.0
3.4520108699798584,polynomial,0.71,0.313953488372093,0.2023121387283237,3.450669050216675,22.0
4.384799957275391,polynomial,0.71,0.26744186046511625,0.2774566473988439,4.383277893066406,23.0
4.322484970092773,polynomial,0.71,0.27906976744186046,0.2543352601156069,4.320795059204102,24.0
4.142915964126587,polynomial,0.71,0.32558139534883723,0.2658959537572254,4.141529083251953,25.0
4.359540939331055,polynomial,0.71,0.27906976744186046,0.2543352601156069,4.357816219329834,26.0
4.746553897857666,polynomial,0.71,0.29069767441860467,0.20809248554913296,4.744804859161377,27.0
4.340197801589966,polynomial,0.71,0.4127906976744186,0.3179190751445087,4.338634014129639,28.0
3.7656631469726562,polynomial,0.71,0.29069767441860467,0.2023121387283237,3.763890027999878,29.0
3.9800939559936523,polynomial,0.6599999999999999,0.27325581395348836,0.2774566473988439,3.9786570072174072,0.0
3.7338390350341797,polynomial,0.6599999999999999,0.3488372093023256,0.1676300578034682,3.7321081161499023,1.0
3.701362133026123,polynomial,0.6599999999999999,0.2441860465116279,0.23699421965317918,3.699789047241211,2.0
3.9487569332122803,polynomial,0.6599999999999999,0.29069767441860467,0.2254335260115607,3.947117805480957,3.0
4.83892297744751,polynomial,0.6599999999999999,0.3546511627906977,0.1907514450867052,4.837496995925903,4.0
3.8338561058044434,polynomial,0.6599999999999999,0.3488372093023256,0.19653179190751446,3.832289934158325,5.0
3.6821649074554443,polynomial,0.6599999999999999,0.3372093023255814,0.19653179190751446,3.680387020111084,6.0
4.053550958633423,polynomial,0.6599999999999999,0.26744186046511625,0.2254335260115607,4.051872968673706,7.0
4.3820178508758545,polynomial,0.6599999999999999,0.313953488372093,0.1791907514450867,4.380306959152222,8.0
4.016402959823608,polynomial,0.6599999999999999,0.28488372093023256,0.2023121387283237,4.014592170715332,9.0
3.6790590286254883,polynomial,0.6599999999999999,0.26744186046511625,0.23699421965317918,3.677493095397949,10.0
4.540419101715088,polynomial,0.6599999999999999,0.3953488372093023,0.23121387283236994,4.538816928863525,11.0
3.6101369857788086,polynomial,0.6599999999999999,0.31976744186046513,0.18497109826589594,3.608427047729492,12.0
3.9463918209075928,polynomial,0.6599999999999999,0.3313953488372093,0.21965317919075145,3.9446089267730713,13.0
3.653372049331665,polynomial,0.6599999999999999,0.29651162790697677,0.1907514450867052,3.6518027782440186,14.0
3.6391520500183105,polynomial,0.6599999999999999,0.3488372093023256,0.2023121387283237,3.637354850769043,15.0
3.7411019802093506,polynomial,0.6599999999999999,0.27906976744186046,0.2254335260115607,3.739225149154663,16.0
4.065608024597168,polynomial,0.6599999999999999,0.28488372093023256,0.21965317919075145,4.063865900039673,17.0
3.9695188999176025,polynomial,0.6599999999999999,0.2616279069767442,0.2138728323699422,3.967958927154541,18.0
4.043677806854248,polynomial,0.6599999999999999,0.3081395348837209,0.23699421965317918,4.041959047317505,19.0
4.875976800918579,polynomial,0.6599999999999999,0.27906976744186046,0.23699421965317918,4.874373912811279,20.0
4.268136024475098,polynomial,0.6599999999999999,0.3023255813953488,0.2138728323699422,4.266523838043213,21.0
4.117231845855713,polynomial,0.6599999999999999,0.3313953488372093,0.24277456647398843,4.1153178215026855,22.0
3.9736790657043457,polynomial,0.6599999999999999,0.27325581395348836,0.27167630057803466,3.971843957901001,23.0
3.4446680545806885,polynomial,0.6599999999999999,0.36627906976744184,0.2254335260115607,3.443084955215454,24.0
4.497084140777588,polynomial,0.6599999999999999,0.29069767441860467,0.2023121387283237,4.495429992675781,25.0
3.9707138538360596,polynomial,0.6599999999999999,0.3313953488372093,0.2023121387283237,3.9690990447998047,26.0
4.6577558517456055,polynomial,0.6599999999999999,0.26744186046511625,0.24277456647398843,4.655434846878052,27.0
4.74454402923584,polynomial,0.6599999999999999,0.4127906976744186,0.2543352601156069,4.742933034896851,28.0
4.7521538734436035,polynomial,0.6599999999999999,0.3023255813953488,0.20809248554913296,4.750096082687378,29.0
4.389545917510986,polynomial,0.6099999999999999,0.2616279069767442,0.24277456647398843,4.387653112411499,0.0
4.551558971405029,polynomial,0.6099999999999999,0.29069767441860467,0.26011560693641617,4.549764156341553,1.0
4.762250900268555,polynomial,0.6099999999999999,0.3372093023255814,0.2023121387283237,4.7604241371154785,2.0
3.181941032409668,polynomial,0.6099999999999999,0.36046511627906974,0.2138728323699422,3.18025803565979,3.0
4.557247877120972,polynomial,0.6099999999999999,0.3372093023255814,0.24855491329479767,4.555630922317505,4.0
4.715281963348389,polynomial,0.6099999999999999,0.3023255813953488,0.20809248554913296,4.713642835617065,5.0
4.942960023880005,polynomial,0.6099999999999999,0.3023255813953488,0.2254335260115607,4.941328048706055,6.0
4.569515943527222,polynomial,0.6099999999999999,0.26744186046511625,0.23699421965317918,4.567736864089966,7.0
5.203444957733154,polynomial,0.6099999999999999,0.21511627906976744,0.24277456647398843,5.201276063919067,8.0
4.908283948898315,polynomial,0.6099999999999999,0.29651162790697677,0.2254335260115607,4.906650066375732,9.0
5.033581018447876,polynomial,0.6099999999999999,0.3313953488372093,0.1907514450867052,5.031867980957031,10.0
4.076035976409912,polynomial,0.6099999999999999,0.28488372093023256,0.2023121387283237,4.074385166168213,11.0
3.5338079929351807,polynomial,0.6099999999999999,0.31976744186046513,0.20809248554913296,3.532163143157959,12.0
3.9234211444854736,polynomial,0.6099999999999999,0.313953488372093,0.1907514450867052,3.9217989444732666,13.0
3.829190969467163,polynomial,0.6099999999999999,0.28488372093023256,0.24277456647398843,3.82737398147583,14.0
4.280508995056152,polynomial,0.6099999999999999,0.31976744186046513,0.20809248554913296,4.278639793395996,15.0
3.6840438842773438,polynomial,0.6099999999999999,0.29651162790697677,0.1907514450867052,3.6823580265045166,16.0
4.359774112701416,polynomial,0.6099999999999999,0.28488372093023256,0.18497109826589594,4.358139991760254,17.0
3.9514148235321045,polynomial,0.6099999999999999,0.32558139534883723,0.2138728323699422,3.9495809078216553,18.0
4.55603289604187,polynomial,0.6099999999999999,0.29651162790697677,0.2023121387283237,4.554327964782715,19.0
5.481594800949097,polynomial,0.6099999999999999,0.2616279069767442,0.23121387283236994,5.4801130294799805,20.0
4.426866054534912,polynomial,0.6099999999999999,0.3488372093023256,0.24277456647398843,4.4255170822143555,21.0
5.842664957046509,polynomial,0.6099999999999999,0.29651162790697677,0.20809248554913296,5.841116905212402,22.0
4.592310905456543,polynomial,0.6099999999999999,0.31976744186046513,0.18497109826589594,4.590782165527344,23.0
4.934039831161499,polynomial,0.6099999999999999,0.25,0.23121387283236994,4.932500123977661,24.0
4.467108964920044,polynomial,0.6099999999999999,0.27906976744186046,0.18497109826589594,4.465580940246582,25.0
4.74551796913147,polynomial,0.6099999999999999,0.313953488372093,0.1907514450867052,4.744019031524658,26.0
5.598012924194336,polynomial,0.6099999999999999,0.28488372093023256,0.23699421965317918,5.5965070724487305,27.0
4.0772528648376465,polynomial,0.6099999999999999,0.27325581395348836,0.2138728323699422,4.0759100914001465,28.0
4.862982988357544,polynomial,0.6099999999999999,0.26744186046511625,0.23699421965317918,4.861486911773682,29.0
5.176172971725464,polynomial,0.5599999999999998,0.29651162790697677,0.18497109826589594,5.1748011112213135,0.0
4.268312931060791,polynomial,0.5599999999999998,0.26744186046511625,0.19653179190751446,4.266945123672485,1.0
4.0032689571380615,polynomial,0.5599999999999998,0.3372093023255814,0.2254335260115607,4.001916885375977,2.0
4.051098823547363,polynomial,0.5599999999999998,0.31976744186046513,0.17341040462427745,4.049637079238892,3.0
4.682024002075195,polynomial,0.5599999999999998,0.3313953488372093,0.1791907514450867,4.680362939834595,4.0
5.409269094467163,polynomial,0.5599999999999998,0.25,0.2138728323699422,5.407854795455933,5.0
5.449726819992065,polynomial,0.5599999999999998,0.2558139534883721,0.2023121387283237,5.448182106018066,6.0
4.212070941925049,polynomial,0.5599999999999998,0.29651162790697677,0.19653179190751446,4.210575103759766,7.0
4.530513048171997,polynomial,0.5599999999999998,0.29651162790697677,0.19653179190751446,4.529069900512695,8.0
3.9700610637664795,polynomial,0.5599999999999998,0.25,0.19653179190751446,3.9684669971466064,9.0
4.306135892868042,polynomial,0.5599999999999998,0.28488372093023256,0.2138728323699422,4.304605960845947,10.0
5.122985124588013,polynomial,0.5599999999999998,0.3023255813953488,0.19653179190751446,5.121601104736328,11.0
3.9188849925994873,polynomial,0.5599999999999998,0.313953488372093,0.18497109826589594,3.9175422191619873,12.0
4.850952863693237,polynomial,0.5599999999999998,0.2616279069767442,0.24277456647398843,4.849603891372681,13.0
5.903888940811157,polynomial,0.5599999999999998,0.29651162790697677,0.2254335260115607,5.902394771575928,14.0
4.914932012557983,polynomial,0.5599999999999998,0.3546511627906977,0.18497109826589594,4.9135050773620605,15.0
4.260200023651123,polynomial,0.5599999999999998,0.2616279069767442,0.23699421965317918,4.258571147918701,16.0
4.968421936035156,polynomial,0.5599999999999998,0.28488372093023256,0.19653179190751446,4.967061996459961,17.0
5.0053629875183105,polynomial,0.5599999999999998,0.2558139534883721,0.2138728323699422,5.003882884979248,18.0
5.203262090682983,polynomial,0.5599999999999998,0.27906976744186046,0.18497109826589594,5.201799154281616,19.0
5.3600029945373535,polynomial,0.5599999999999998,0.27325581395348836,0.18497109826589594,5.358492136001587,20.0
4.855371952056885,polynomial,0.5599999999999998,0.26744186046511625,0.23121387283236994,4.8538548946380615,21.0
4.719938039779663,polynomial,0.5599999999999998,0.3023255813953488,0.17341040462427745,4.718590974807739,22.0
4.344386100769043,polynomial,0.5599999999999998,0.32558139534883723,0.17341040462427745,4.343047857284546,23.0
5.05997109413147,polynomial,0.5599999999999998,0.3081395348837209,0.2138728323699422,5.058233022689819,24.0
5.075237989425659,polynomial,0.5599999999999998,0.26744186046511625,0.24277456647398843,5.073884963989258,25.0
4.439861059188843,polynomial,0.5599999999999998,0.3023255813953488,0.1791907514450867,4.438493013381958,26.0
4.6580259799957275,polynomial,0.5599999999999998,0.3023255813953488,0.21965317919075145,4.656681060791016,27.0
4.471441984176636,polynomial,0.5599999999999998,0.29651162790697677,0.19653179190751446,4.469855070114136,28.0
5.38586688041687,polynomial,0.5599999999999998,0.2616279069767442,0.2023121387283237,5.384471893310547,29.0
4.547392129898071,polynomial,0.5099999999999998,0.3430232558139535,0.1791907514450867,4.546024799346924,0.0
5.229850769042969,polynomial,0.5099999999999998,0.28488372093023256,0.18497109826589594,5.228305816650391,1.0
4.623353004455566,polynomial,0.5099999999999998,0.3023255813953488,0.1676300578034682,4.621553182601929,2.0
4.892680883407593,polynomial,0.5099999999999998,0.313953488372093,0.2023121387283237,4.890980005264282,3.0
4.695828199386597,polynomial,0.5099999999999998,0.3313953488372093,0.1676300578034682,4.694281816482544,4.0
4.7354819774627686,polynomial,0.5099999999999998,0.29651162790697677,0.15606936416184972,4.733850002288818,5.0
4.834099054336548,polynomial,0.5099999999999998,0.3081395348837209,0.17341040462427745,4.8324480056762695,6.0
4.899193048477173,polynomial,0.5099999999999998,0.3081395348837209,0.1907514450867052,4.89742112159729,7.0
7.928851127624512,polynomial,0.5099999999999998,0.22093023255813954,0.20809248554913296,7.927145957946777,8.0
3.749785900115967,polynomial,0.5099999999999998,0.29069767441860467,0.20809248554913296,3.7479569911956787,9.0
6.276901006698608,polynomial,0.5099999999999998,0.27906976744186046,0.1907514450867052,6.2751429080963135,10.0
5.746320962905884,polynomial,0.5099999999999998,0.3081395348837209,0.2023121387283237,5.744518041610718,11.0
5.650345802307129,polynomial,0.5099999999999998,0.3313953488372093,0.19653179190751446,5.648683071136475,12.0
5.781141996383667,polynomial,0.5099999999999998,0.2616279069767442,0.1791907514450867,5.779538154602051,13.0
4.942201852798462,polynomial,0.5099999999999998,0.3313953488372093,0.17341040462427745,4.940545082092285,14.0
4.779563903808594,polynomial,0.5099999999999998,0.3023255813953488,0.17341040462427745,4.777965784072876,15.0
4.334405183792114,polynomial,0.5099999999999998,0.27906976744186046,0.2023121387283237,4.3321919441223145,16.0
5.340471982955933,polynomial,0.5099999999999998,0.3372093023255814,0.1676300578034682,5.339006185531616,17.0
5.079740047454834,polynomial,0.5099999999999998,0.27906976744186046,0.1791907514450867,5.078052043914795,18.0
5.78873610496521,polynomial,0.5099999999999998,0.3023255813953488,0.21965317919075145,5.787091016769409,19.0
4.537626028060913,polynomial,0.5099999999999998,0.313953488372093,0.17341040462427745,4.535762071609497,20.0
5.723363876342773,polynomial,0.5099999999999998,0.27325581395348836,0.2023121387283237,5.721311092376709,21.0
4.468335151672363,polynomial,0.5099999999999998,0.3081395348837209,0.1676300578034682,4.466719150543213,22.0
3.6503279209136963,polynomial,0.5099999999999998,0.31976744186046513,0.18497109826589594,3.6481668949127197,23.0
4.8159520626068115,polynomial,0.5099999999999998,0.3546511627906977,0.17341040462427745,4.814091920852661,24.0
4.187314987182617,polynomial,0.5099999999999998,0.29069767441860467,0.1907514450867052,4.185153007507324,25.0
6.1852240562438965,polynomial,0.5099999999999998,0.2558139534883721,0.1907514450867052,6.183495044708252,26.0
5.480776071548462,polynomial,0.5099999999999998,0.28488372093023256,0.17341040462427745,5.479179859161377,27.0
6.2279369831085205,polynomial,0.5099999999999998,0.29651162790697677,0.2254335260115607,6.226304054260254,28.0
5.853369951248169,polynomial,0.5099999999999998,0.29069767441860467,0.19653179190751446,5.851533889770508,29.0
4.656830072402954,polynomial,0.45999999999999974,0.3313953488372093,0.1791907514450867,4.654685020446777,0.0
4.270841121673584,polynomial,0.45999999999999974,0.3372093023255814,0.14450867052023122,4.269040107727051,1.0
4.6960248947143555,polynomial,0.45999999999999974,0.3023255813953488,0.1907514450867052,4.694250106811523,2.0
5.5607898235321045,polynomial,0.45999999999999974,0.27906976744186046,0.17341040462427745,5.558591842651367,3.0
9.034842014312744,polynomial,0.45999999999999974,0.3081395348837209,0.19653179190751446,9.03287386894226,4.0
5.055757999420166,polynomial,0.45999999999999974,0.29069767441860467,0.2138728323699422,5.05412220954895,5.0
4.389082908630371,polynomial,0.45999999999999974,0.29069767441860467,0.21965317919075145,4.38714599609375,6.0
5.433344841003418,polynomial,0.45999999999999974,0.32558139534883723,0.18497109826589594,5.431349039077759,7.0
3.8477509021759033,polynomial,0.45999999999999974,0.36046511627906974,0.1676300578034682,3.845968008041382,8.0
5.7537970542907715,polynomial,0.45999999999999974,0.29651162790697677,0.15606936416184972,5.752166032791138,9.0
6.535023927688599,polynomial,0.45999999999999974,0.32558139534883723,0.1791907514450867,6.5331878662109375,10.0
4.888468980789185,polynomial,0.45999999999999974,0.2558139534883721,0.1791907514450867,4.887106895446777,11.0
6.036248207092285,polynomial,0.45999999999999974,0.26744186046511625,0.2023121387283237,6.0348498821258545,12.0
5.25377893447876,polynomial,0.45999999999999974,0.313953488372093,0.17341040462427745,5.252285003662109,13.0
4.824504852294922,polynomial,0.45999999999999974,0.29069767441860467,0.20809248554913296,4.822842836380005,14.0
4.817435026168823,polynomial,0.45999999999999974,0.29651162790697677,0.19653179190751446,4.8160059452056885,15.0
5.6848578453063965,polynomial,0.45999999999999974,0.32558139534883723,0.1907514450867052,5.683216094970703,16.0
3.847727060317993,polynomial,0.45999999999999974,0.37209302325581395,0.15028901734104047,3.846259832382202,17.0
5.270508050918579,polynomial,0.45999999999999974,0.3081395348837209,0.17341040462427745,5.268965005874634,18.0
4.750190019607544,polynomial,0.45999999999999974,0.3430232558139535,0.1791907514450867,4.748595952987671,19.0
7.329871892929077,polynomial,0.45999999999999974,0.3546511627906977,0.21965317919075145,7.3281941413879395,20.0
8.45547604560852,polynomial,0.45999999999999974,0.23837209302325582,0.24855491329479767,8.45393180847168,21.0
5.013011932373047,polynomial,0.45999999999999974,0.27906976744186046,0.20809248554913296,5.011486053466797,22.0
5.132844924926758,polynomial,0.45999999999999974,0.29651162790697677,0.17341040462427745,5.131462812423706,23.0
4.9438769817352295,polynomial,0.45999999999999974,0.3372093023255814,0.1791907514450867,4.942191123962402,24.0
9.83859395980835,polynomial,0.45999999999999974,0.313953488372093,0.2138728323699422,9.836917877197266,25.0
8.954499006271362,polynomial,0.45999999999999974,0.3430232558139535,0.2138728323699422,8.952830076217651,26.0
4.754678964614868,polynomial,0.45999999999999974,0.29651162790697677,0.18497109826589594,4.753175973892212,27.0
4.602182149887085,polynomial,0.45999999999999974,0.3023255813953488,0.18497109826589594,4.600822925567627,28.0
4.639571905136108,polynomial,0.45999999999999974,0.32558139534883723,0.17341040462427745,4.63818883895874,29.0
4.460567951202393,polynomial,0.4099999999999997,0.3488372093023256,0.13872832369942195,4.459015130996704,0.0
5.887765884399414,polynomial,0.4099999999999997,0.29651162790697677,0.15028901734104047,5.886416912078857,1.0
6.965933084487915,polynomial,0.4099999999999997,0.27906976744186046,0.14450867052023122,6.9644060134887695,2.0
5.767761945724487,polynomial,0.4099999999999997,0.31976744186046513,0.17341040462427745,5.766270875930786,3.0
7.21745491027832,polynomial,0.4099999999999997,0.3488372093023256,0.2023121387283237,7.216042995452881,4.0
5.876024961471558,polynomial,0.4099999999999997,0.31976744186046513,0.1791907514450867,5.874468088150024,5.0
5.0481178760528564,polynomial,0.4099999999999997,0.313953488372093,0.15606936416184972,5.046626091003418,6.0
7.7500529289245605,polynomial,0.4099999999999997,0.32558139534883723,0.16184971098265896,7.748653888702393,7.0
8.722913980484009,polynomial,0.4099999999999997,0.31976744186046513,0.1907514450867052,8.72123908996582,8.0
3.9352149963378906,polynomial,0.4099999999999997,0.37209302325581395,0.15028901734104047,3.9334049224853516,9.0
8.777266025543213,polynomial,0.4099999999999997,0.26744186046511625,0.20809248554913296,8.77592396736145,10.0
5.852858066558838,polynomial,0.4099999999999997,0.3313953488372093,0.17341040462427745,5.851406097412109,11.0
6.671778917312622,polynomial,0.4099999999999997,0.32558139534883723,0.17341040462427745,6.670104026794434,12.0
5.57588791847229,polynomial,0.4099999999999997,0.29069767441860467,0.17341040462427745,5.57423210144043,13.0
5.876204967498779,polynomial,0.4099999999999997,0.29651162790697677,0.1676300578034682,5.874612808227539,14.0
5.969666957855225,polynomial,0.4099999999999997,0.3081395348837209,0.16184971098265896,5.96786093711853,15.0
5.5016419887542725,polynomial,0.4099999999999997,0.28488372093023256,0.17341040462427745,5.5002760887146,16.0
4.725299835205078,polynomial,0.4099999999999997,0.3081395348837209,0.15606936416184972,4.72392201423645,17.0
8.16749906539917,polynomial,0.4099999999999997,0.3081395348837209,0.2023121387283237,8.166031837463379,18.0
4.699477910995483,polynomial,0.4099999999999997,0.32558139534883723,0.17341040462427745,4.69783616065979,19.0
5.723026990890503,polynomial,0.4099999999999997,0.3081395348837209,0.1791907514450867,5.721591949462891,20.0
10.246400833129883,polynomial,0.4099999999999997,0.32558139534883723,0.23699421965317918,10.244832992553711,21.0
9.364344835281372,polynomial,0.4099999999999997,0.3081395348837209,0.23699421965317918,9.362848043441772,22.0
8.500149011611938,polynomial,0.4099999999999997,0.29069767441860467,0.21965317919075145,8.498641014099121,23.0
5.020498991012573,polynomial,0.4099999999999997,0.29069767441860467,0.13872832369942195,5.018998146057129,24.0
8.661879062652588,polynomial,0.4099999999999997,0.27325581395348836,0.1907514450867052,8.660406112670898,25.0
5.76035213470459,polynomial,0.4099999999999997,0.3023255813953488,0.1791907514450867,5.758974075317383,26.0
6.7536351680755615,polynomial,0.4099999999999997,0.32558139534883723,0.15606936416184972,6.752164840698242,27.0
5.2629499435424805,polynomial,0.4099999999999997,0.32558139534883723,0.1676300578034682,5.261191129684448,28.0
6.923012971878052,polynomial,0.4099999999999997,0.3023255813953488,0.18497109826589594,6.921475172042847,29.0
8.01376485824585,polynomial,0.35999999999999965,0.29651162790697677,0.15028901734104047,8.012161016464233,0.0
8.326493978500366,polynomial,0.35999999999999965,0.4011627906976744,0.1791907514450867,8.324968099594116,1.0
6.411251068115234,polynomial,0.35999999999999965,0.27325581395348836,0.15028901734104047,6.40963888168335,2.0
6.312872886657715,polynomial,0.35999999999999965,0.3313953488372093,0.14450867052023122,6.311218976974487,3.0
4.862416982650757,polynomial,0.35999999999999965,0.3372093023255814,0.15606936416184972,4.861059904098511,4.0
5.031628847122192,polynomial,0.35999999999999965,0.3313953488372093,0.17341040462427745,5.030251979827881,5.0
8.052385807037354,polynomial,0.35999999999999965,0.2558139534883721,0.2023121387283237,8.050688982009888,6.0
8.264272928237915,polynomial,0.35999999999999965,0.37790697674418605,0.1791907514450867,8.262070894241333,7.0
5.498481035232544,polynomial,0.35999999999999965,0.313953488372093,0.1791907514450867,5.497100830078125,8.0
8.835307121276855,polynomial,0.35999999999999965,0.32558139534883723,0.1907514450867052,8.83395004272461,9.0
6.303745985031128,polynomial,0.35999999999999965,0.3372093023255814,0.12716763005780346,6.302026033401489,10.0
8.542713165283203,polynomial,0.35999999999999965,0.28488372093023256,0.16184971098265896,8.541109085083008,11.0
5.158141136169434,polynomial,0.35999999999999965,0.38953488372093026,0.11560693641618497,5.156347036361694,12.0
5.971978187561035,polynomial,0.35999999999999965,0.3023255813953488,0.17341040462427745,5.970432996749878,13.0
5.409765958786011,polynomial,0.35999999999999965,0.313953488372093,0.15028901734104047,5.40810489654541,14.0
7.8407042026519775,polynomial,0.35999999999999965,0.3081395348837209,0.1791907514450867,7.839123010635376,15.0
8.366988897323608,polynomial,0.35999999999999965,0.32558139534883723,0.19653179190751446,8.365375995635986,16.0
5.424206018447876,polynomial,0.35999999999999965,0.3313953488372093,0.14450867052023122,5.422567129135132,17.0
5.875089883804321,polynomial,0.35999999999999965,0.37790697674418605,0.17341040462427745,5.873514890670776,18.0
8.782435178756714,polynomial,0.35999999999999965,0.29651162790697677,0.17341040462427745,8.780832052230835,19.0
5.214612007141113,polynomial,0.35999999999999965,0.3430232558139535,0.14450867052023122,5.212680816650391,20.0
5.011590003967285,polynomial,0.35999999999999965,0.313953488372093,0.16184971098265896,5.010011911392212,21.0
8.842943906784058,polynomial,0.35999999999999965,0.313953488372093,0.1676300578034682,8.841015100479126,22.0
5.623859882354736,polynomial,0.35999999999999965,0.31976744186046513,0.15028901734104047,5.6222710609436035,23.0
4.964264869689941,polynomial,0.35999999999999965,0.3546511627906977,0.13872832369942195,4.962238073348999,24.0
4.889709949493408,polynomial,0.35999999999999965,0.3430232558139535,0.14450867052023122,4.888020992279053,25.0
4.4644060134887695,polynomial,0.35999999999999965,0.3430232558139535,0.14450867052023122,4.462639093399048,26.0
11.670695781707764,polynomial,0.35999999999999965,0.28488372093023256,0.17341040462427745,11.668909072875977,27.0
8.855353832244873,polynomial,0.35999999999999965,0.313953488372093,0.1791907514450867,8.85358214378357,28.0
5.245074987411499,polynomial,0.35999999999999965,0.313953488372093,0.14450867052023122,5.243453025817871,29.0
8.02161693572998,polynomial,0.3099999999999996,0.28488372093023256,0.15606936416184972,8.019854068756104,0.0
7.9594690799713135,polynomial,0.3099999999999996,0.27906976744186046,0.21965317919075145,7.957841873168945,1.0
9.412051916122437,polynomial,0.3099999999999996,0.313953488372093,0.16184971098265896,9.41049313545227,2.0
8.898666143417358,polynomial,0.3099999999999996,0.29651162790697677,0.14450867052023122,8.897210121154785,3.0
8.25287914276123,polynomial,0.3099999999999996,0.3023255813953488,0.1791907514450867,8.251162052154541,4.0
8.04198408126831,polynomial,0.3099999999999996,0.3430232558139535,0.14450867052023122,8.040348052978516,5.0
8.569530010223389,polynomial,0.3099999999999996,0.38372093023255816,0.3699421965317919,8.5679349899292,6.0
8.02056884765625,polynomial,0.3099999999999996,0.37790697674418605,0.31213872832369943,8.019223928451538,7.0
6.2415289878845215,polynomial,0.3099999999999996,0.37209302325581395,0.13872832369942195,6.240156888961792,8.0
5.522818088531494,polynomial,0.3099999999999996,0.32558139534883723,0.1329479768786127,5.5214619636535645,9.0
6.123610019683838,polynomial,0.3099999999999996,0.3546511627906977,0.14450867052023122,6.122153997421265,10.0
8.987750053405762,polynomial,0.3099999999999996,0.36046511627906974,0.15606936416184972,8.986138820648193,11.0
7.930846214294434,polynomial,0.3099999999999996,0.27325581395348836,0.18497109826589594,7.929500102996826,12.0
7.519444942474365,polynomial,0.3099999999999996,0.3081395348837209,0.14450867052023122,7.518060922622681,13.0
8.59705901145935,polynomial,0.3099999999999996,0.29069767441860467,0.12716763005780346,8.595518827438354,14.0
5.113581895828247,polynomial,0.3099999999999996,0.37209302325581395,0.15028901734104047,5.112215042114258,15.0
7.326189041137695,polynomial,0.3099999999999996,0.32558139534883723,0.13872832369942195,7.324461936950684,16.0
7.943365097045898,polynomial,0.3099999999999996,0.313953488372093,0.14450867052023122,7.942023038864136,17.0
5.536579132080078,polynomial,0.3099999999999996,0.36046511627906974,0.10404624277456648,5.534940958023071,18.0
4.868207931518555,polynomial,0.3099999999999996,0.313953488372093,0.12716763005780346,4.866761207580566,19.0
8.117317914962769,polynomial,0.3099999999999996,0.47093023255813954,0.14450867052023122,8.115822792053223,20.0
7.899254083633423,polynomial,0.3099999999999996,0.27325581395348836,0.24277456647398843,7.897783994674683,21.0
8.784556865692139,polynomial,0.3099999999999996,0.3488372093023256,0.15028901734104047,8.783092975616455,22.0
7.754432916641235,polynomial,0.3099999999999996,0.26744186046511625,0.23699421965317918,7.752979040145874,23.0
7.8097429275512695,polynomial,0.3099999999999996,0.3081395348837209,0.2023121387283237,7.808398008346558,24.0
8.554102182388306,polynomial,0.3099999999999996,0.3488372093023256,0.16184971098265896,8.552747011184692,25.0
7.653101921081543,polynomial,0.3099999999999996,0.3430232558139535,0.2138728323699422,7.651533126831055,26.0
7.587285995483398,polynomial,0.3099999999999996,0.29651162790697677,0.19653179190751446,7.585866928100586,27.0
8.39551305770874,polynomial,0.3099999999999996,0.29651162790697677,0.1907514450867052,8.394163131713867,28.0
7.96966290473938,polynomial,0.3099999999999996,0.3313953488372093,0.2023121387283237,7.968238830566406,29.0
7.9145331382751465,polynomial,0.25999999999999956,0.31976744186046513,0.14450867052023122,7.9131879806518555,0.0
6.721145868301392,polynomial,0.25999999999999956,0.31976744186046513,0.16184971098265896,6.719414949417114,1.0
8.205989122390747,polynomial,0.25999999999999956,0.3372093023255814,0.1329479768786127,8.204457998275757,2.0
8.133913040161133,polynomial,0.25999999999999956,0.36046511627906974,0.23121387283236994,8.132351160049438,3.0
7.599158048629761,polynomial,0.25999999999999956,0.27325581395348836,0.31213872832369943,7.597689867019653,4.0
8.067145109176636,polynomial,0.25999999999999956,0.3372093023255814,0.26011560693641617,8.065802097320557,5.0
8.215662002563477,polynomial,0.25999999999999956,0.38372093023255816,0.14450867052023122,8.214170932769775,6.0
8.365354061126709,polynomial,0.25999999999999956,0.3313953488372093,0.24855491329479767,8.364006042480469,7.0
8.242368936538696,polynomial,0.25999999999999956,0.2558139534883721,0.16184971098265896,8.240642070770264,8.0
8.184148788452148,polynomial,0.25999999999999956,0.32558139534883723,0.1907514450867052,8.18279504776001,9.0
8.081658840179443,polynomial,0.25999999999999956,0.3430232558139535,0.09826589595375723,8.080106973648071,10.0
8.316158056259155,polynomial,0.25999999999999956,0.3430232558139535,0.19653179190751446,8.314495086669922,11.0
8.157231092453003,polynomial,0.25999999999999956,0.3546511627906977,0.21965317919075145,8.155797004699707,12.0
8.378379106521606,polynomial,0.25999999999999956,0.27325581395348836,0.23121387283236994,8.377009868621826,13.0
8.148886919021606,polynomial,0.25999999999999956,0.313953488372093,0.1329479768786127,8.147055864334106,14.0
7.899427890777588,polynomial,0.25999999999999956,0.29069767441860467,0.1907514450867052,7.897938966751099,15.0
8.047840118408203,polynomial,0.25999999999999956,0.32558139534883723,0.2832369942196532,8.046491146087646,16.0
8.070029020309448,polynomial,0.25999999999999956,0.3023255813953488,0.2658959537572254,8.068677186965942,17.0
8.855739116668701,polynomial,0.25999999999999956,0.32558139534883723,0.18497109826589594,8.85416293144226,18.0
8.701267957687378,polynomial,0.25999999999999956,0.3546511627906977,0.11560693641618497,8.6997709274292,19.0
9.510970830917358,polynomial,0.25999999999999956,0.3023255813953488,0.15028901734104047,9.509210109710693,20.0
8.044034957885742,polynomial,0.25999999999999956,0.3023255813953488,0.23699421965317918,8.042668104171753,21.0
6.896449089050293,polynomial,0.25999999999999956,0.3023255813953488,0.21965317919075145,6.894649982452393,22.0
10.334738969802856,polynomial,0.25999999999999956,0.27325581395348836,0.1907514450867052,10.332747220993042,23.0
8.107666015625,polynomial,0.25999999999999956,0.3023255813953488,0.17341040462427745,8.106164932250977,24.0
8.204198837280273,polynomial,0.25999999999999956,0.31976744186046513,0.20809248554913296,8.202584981918335,25.0
8.158113956451416,polynomial,0.25999999999999956,0.29069767441860467,0.1791907514450867,8.156495809555054,26.0
8.043811798095703,polynomial,0.25999999999999956,0.3430232558139535,0.1329479768786127,8.042006969451904,27.0
7.8738110065460205,polynomial,0.25999999999999956,0.36046511627906974,0.1329479768786127,7.872042179107666,28.0
8.40950894355774,polynomial,0.25999999999999956,0.3546511627906977,0.17341040462427745,8.407521963119507,29.0
8.580140829086304,polynomial,0.20999999999999952,0.36627906976744184,0.21965317919075145,8.578322887420654,0.0
8.653319120407104,polynomial,0.20999999999999952,0.37790697674418605,0.14450867052023122,8.651725053787231,1.0
8.01041293144226,polynomial,0.20999999999999952,0.29651162790697677,0.2023121387283237,8.00857400894165,2.0
9.218147993087769,polynomial,0.20999999999999952,0.3430232558139535,0.21965317919075145,9.216557025909424,3.0
8.985444068908691,polynomial,0.20999999999999952,0.25,0.23699421965317918,8.983633041381836,4.0
8.091809034347534,polynomial,0.20999999999999952,0.32558139534883723,0.24277456647398843,8.090233087539673,5.0
8.246619939804077,polynomial,0.20999999999999952,0.3023255813953488,0.23121387283236994,8.2449951171875,6.0
7.927006006240845,polynomial,0.20999999999999952,0.3023255813953488,0.2254335260115607,7.925358057022095,7.0
7.599698066711426,polynomial,0.20999999999999952,0.36046511627906974,0.2658959537572254,7.597882986068726,8.0
7.5469090938568115,polynomial,0.20999999999999952,0.26744186046511625,0.2832369942196532,7.545320987701416,9.0
7.845597982406616,polynomial,0.20999999999999952,0.3081395348837209,0.2254335260115607,7.843996047973633,10.0
7.89213490486145,polynomial,0.20999999999999952,0.27906976744186046,0.2658959537572254,7.89032506942749,11.0
7.9806969165802,polynomial,0.20999999999999952,0.32558139534883723,0.1907514450867052,7.9793381690979,12.0
7.908422946929932,polynomial,0.20999999999999952,0.3488372093023256,0.18497109826589594,7.906459808349609,13.0
8.181432008743286,polynomial,0.20999999999999952,0.313953488372093,0.2023121387283237,8.179836988449097,14.0
7.6999897956848145,polynomial,0.20999999999999952,0.27325581395348836,0.24855491329479767,7.698392868041992,15.0
8.191431999206543,polynomial,0.20999999999999952,0.3430232558139535,0.3063583815028902,8.189206838607788,16.0
8.528533935546875,polynomial,0.20999999999999952,0.3546511627906977,0.13872832369942195,8.526780843734741,17.0
8.488111019134521,polynomial,0.20999999999999952,0.4069767441860465,0.2832369942196532,8.486511945724487,18.0
8.099385976791382,polynomial,0.20999999999999952,0.42441860465116277,0.15028901734104047,8.097578048706055,19.0
7.6127848625183105,polynomial,0.20999999999999952,0.3081395348837209,0.2658959537572254,7.6111061573028564,20.0
8.000438928604126,polynomial,0.20999999999999952,0.36046511627906974,0.16184971098265896,7.999048948287964,21.0
9.425031900405884,polynomial,0.20999999999999952,0.4127906976744186,0.2138728323699422,9.423501968383789,22.0
7.981364011764526,polynomial,0.20999999999999952,0.26744186046511625,0.24277456647398843,7.97998309135437,23.0
7.91571307182312,polynomial,0.20999999999999952,0.3023255813953488,0.30057803468208094,7.914183855056763,24.0
7.878408908843994,polynomial,0.20999999999999952,0.32558139534883723,0.15606936416184972,7.8769659996032715,25.0
9.130399942398071,polynomial,0.20999999999999952,0.3430232558139535,0.2658959537572254,9.128900051116943,26.0
9.60396409034729,polynomial,0.20999999999999952,0.32558139534883723,0.23121387283236994,9.602529048919678,27.0
8.738672971725464,polynomial,0.20999999999999952,0.3546511627906977,0.2658959537572254,8.737122058868408,28.0
7.938538074493408,polynomial,0.20999999999999952,0.3488372093023256,0.1791907514450867,7.937165021896362,29.0
8.245680093765259,polynomial,0.15999999999999948,0.43023255813953487,0.26011560693641617,8.244226932525635,0.0
7.6682469844818115,polynomial,0.15999999999999948,0.3430232558139535,0.2774566473988439,7.6666319370269775,1.0
7.718914031982422,polynomial,0.15999999999999948,0.28488372093023256,0.26011560693641617,7.717296123504639,2.0
7.725451946258545,polynomial,0.15999999999999948,0.3430232558139535,0.2947976878612717,7.723891019821167,3.0
7.7040839195251465,polynomial,0.15999999999999948,0.38953488372093026,0.24855491329479767,7.702609062194824,4.0
7.788366079330444,polynomial,0.15999999999999948,0.313953488372093,0.31213872832369943,7.7868077754974365,5.0
7.97005295753479,polynomial,0.15999999999999948,0.3546511627906977,0.32947976878612717,7.968696117401123,6.0
7.4858551025390625,polynomial,0.15999999999999948,0.3430232558139535,0.2947976878612717,7.4845099449157715,7.0
7.818246126174927,polynomial,0.15999999999999948,0.31976744186046513,0.2947976878612717,7.816680192947388,8.0
8.443103075027466,polynomial,0.15999999999999948,0.3953488372093023,0.32947976878612717,8.441741943359375,9.0
7.890976905822754,polynomial,0.15999999999999948,0.37790697674418605,0.2947976878612717,7.889464855194092,10.0
8.25043511390686,polynomial,0.15999999999999948,0.36627906976744184,0.2774566473988439,8.248936891555786,11.0
7.656934976577759,polynomial,0.15999999999999948,0.3953488372093023,0.24277456647398843,7.655562877655029,12.0
9.085683822631836,polynomial,0.15999999999999948,0.37209302325581395,0.3063583815028902,9.08433198928833,13.0
8.12443208694458,polynomial,0.15999999999999948,0.4127906976744186,0.18497109826589594,8.123034954071045,14.0
7.679224014282227,polynomial,0.15999999999999948,0.29069767441860467,0.2658959537572254,7.677856922149658,15.0
8.186242818832397,polynomial,0.15999999999999948,0.38953488372093026,0.16184971098265896,8.18478512763977,16.0
7.788366079330444,polynomial,0.15999999999999948,0.313953488372093,0.20809248554913296,7.786988973617554,17.0
7.883997917175293,polynomial,0.15999999999999948,0.36046511627906974,0.24855491329479767,7.882623910903931,18.0
7.555315017700195,polynomial,0.15999999999999948,0.2441860465116279,0.27167630057803466,7.553770065307617,19.0
7.625509977340698,polynomial,0.15999999999999948,0.313953488372093,0.27167630057803466,7.624084949493408,20.0
7.770939111709595,polynomial,0.15999999999999948,0.3023255813953488,0.2138728323699422,7.769443035125732,21.0
8.135838031768799,polynomial,0.15999999999999948,0.4186046511627907,0.3179190751445087,8.134364128112793,22.0
7.708262920379639,polynomial,0.15999999999999948,0.38953488372093026,0.2947976878612717,7.706911087036133,23.0
8.257551908493042,polynomial,0.15999999999999948,0.36046511627906974,0.24855491329479767,8.256043910980225,24.0
8.514878034591675,polynomial,0.15999999999999948,0.313953488372093,0.2774566473988439,8.513368129730225,25.0
7.758930206298828,polynomial,0.15999999999999948,0.3546511627906977,0.3063583815028902,7.757344007492065,26.0
8.486685991287231,polynomial,0.15999999999999948,0.3081395348837209,0.23121387283236994,8.48529601097107,27.0
7.716881036758423,polynomial,0.15999999999999948,0.31976744186046513,0.3583815028901734,7.715404987335205,28.0
8.035591125488281,polynomial,0.15999999999999948,0.38372093023255816,0.28901734104046245,8.034019947052002,29.0
7.6747190952301025,polynomial,0.10999999999999943,0.36627906976744184,0.36416184971098264,7.673099040985107,0.0
7.620476007461548,polynomial,0.10999999999999943,0.37790697674418605,0.2774566473988439,7.618994951248169,1.0
7.571573972702026,polynomial,0.10999999999999943,0.3313953488372093,0.28901734104046245,7.5701069831848145,2.0
7.506633996963501,polynomial,0.10999999999999943,0.31976744186046513,0.2832369942196532,7.504987955093384,3.0
7.68719482421875,polynomial,0.10999999999999943,0.3081395348837209,0.23121387283236994,7.6855809688568115,4.0
7.600077867507935,polynomial,0.10999999999999943,0.3430232558139535,0.2543352601156069,7.598439931869507,5.0
7.960100173950195,polynomial,0.10999999999999943,0.313953488372093,0.2947976878612717,7.958715915679932,6.0
7.914891004562378,polynomial,0.10999999999999943,0.3488372093023256,0.30057803468208094,7.913409948348999,7.0
7.556595087051392,polynomial,0.10999999999999943,0.4011627906976744,0.30057803468208094,7.554824113845825,8.0
7.955966949462891,polynomial,0.10999999999999943,0.45930232558139533,0.42196531791907516,7.954349040985107,9.0
7.602950096130371,polynomial,0.10999999999999943,0.3546511627906977,0.23699421965317918,7.601410865783691,10.0
7.784053802490234,polynomial,0.10999999999999943,0.3546511627906977,0.3583815028901734,7.782566070556641,11.0
8.267169952392578,polynomial,0.10999999999999943,0.3488372093023256,0.2254335260115607,8.265810012817383,12.0
7.733734130859375,polynomial,0.10999999999999943,0.3372093023255814,0.27167630057803466,7.7320170402526855,13.0
7.565826892852783,polynomial,0.10999999999999943,0.36627906976744184,0.24277456647398843,7.564463138580322,14.0
7.069204092025757,polynomial,0.10999999999999943,0.3372093023255814,0.2774566473988439,7.06784200668335,15.0
8.036937952041626,polynomial,0.10999999999999943,0.3023255813953488,0.2774566473988439,8.03502607345581,16.0
7.793416976928711,polynomial,0.10999999999999943,0.38953488372093026,0.2254335260115607,7.7919909954071045,17.0
7.83042311668396,polynomial,0.10999999999999943,0.32558139534883723,0.23699421965317918,7.828840970993042,18.0
7.663183927536011,polynomial,0.10999999999999943,0.313953488372093,0.31213872832369943,7.661700010299683,19.0
7.712790012359619,polynomial,0.10999999999999943,0.36046511627906974,0.28901734104046245,7.711355924606323,20.0
8.241151094436646,polynomial,0.10999999999999943,0.31976744186046513,0.26011560693641617,8.239098072052002,21.0
7.758886098861694,polynomial,0.10999999999999943,0.31976744186046513,0.2947976878612717,7.757299900054932,22.0
7.819022178649902,polynomial,0.10999999999999943,0.3953488372093023,0.28901734104046245,7.817015886306763,23.0
7.283771991729736,polynomial,0.10999999999999943,0.3313953488372093,0.28901734104046245,7.2821738719940186,24.0
7.77423882484436,polynomial,0.10999999999999943,0.436046511627907,0.30057803468208094,7.772458076477051,25.0
7.799992084503174,polynomial,0.10999999999999943,0.3372093023255814,0.3930635838150289,7.798133134841919,26.0
8.018691062927246,polynomial,0.10999999999999943,0.4011627906976744,0.2254335260115607,8.017070055007935,27.0
7.847673177719116,polynomial,0.10999999999999943,0.4011627906976744,0.3236994219653179,7.846110105514526,28.0
8.204990148544312,polynomial,0.10999999999999943,0.32558139534883723,0.23121387283236994,8.202977895736694,29.0
