C,comp_time,outlier_ratio,test_accuracy,timeout,trial
625.0,0.040354013442993164,0.0,0.987,False,0.0
125.0,0.03052806854248047,0.0,0.987,False,0.0
25.0,0.03149700164794922,0.0,0.99,False,0.0
5.0,0.028892040252685547,0.0,0.991,False,0.0
1.0,0.029802799224853516,0.0,0.991,False,0.0
0.2,0.030427932739257812,0.0,0.984,False,0.0
0.04,0.0315401554107666,0.0,0.988,False,0.0
0.008,0.030604839324951172,0.0,0.991,False,0.0
0.0016,0.031167030334472656,0.0,0.0,False,0.0
625.0,0.031271934509277344,0.0,0.988,False,1.0
125.0,0.030775070190429688,0.0,0.988,False,1.0
25.0,0.032858848571777344,0.0,0.988,False,1.0
5.0,0.029903173446655273,0.0,0.988,False,1.0
1.0,0.03112196922302246,0.0,0.988,False,1.0
0.2,0.03132915496826172,0.0,0.985,False,1.0
0.04,0.030092954635620117,0.0,0.982,False,1.0
0.008,0.029965877532958984,0.0,0.982,False,1.0
0.0016,0.030782222747802734,0.0,0.98,False,1.0
625.0,0.030649900436401367,0.0,0.979,False,2.0
125.0,0.030045032501220703,0.0,0.979,False,2.0
25.0,0.030403852462768555,0.0,0.979,False,2.0
5.0,0.02970600128173828,0.0,0.977,False,2.0
1.0,0.03106093406677246,0.0,0.976,False,2.0
0.2,0.03058791160583496,0.0,0.975,False,2.0
0.04,0.030003070831298828,0.0,0.977,False,2.0
0.008,0.030128955841064453,0.0,0.978,False,2.0
0.0016,0.030331850051879883,0.0,0.977,False,2.0
625.0,0.03139209747314453,0.0,0.977,False,3.0
125.0,0.030382871627807617,0.0,0.977,False,3.0
25.0,0.030567169189453125,0.0,0.977,False,3.0
5.0,0.03324294090270996,0.0,0.977,False,3.0
1.0,0.030226945877075195,0.0,0.972,False,3.0
0.2,0.0318760871887207,0.0,0.974,False,3.0
0.04,0.02916693687438965,0.0,0.975,False,3.0
0.008,0.03261303901672363,0.0,0.979,False,3.0
0.0016,0.03154897689819336,0.0,0.98,False,3.0
625.0,0.03171491622924805,0.0,0.985,False,4.0
125.0,0.03150200843811035,0.0,0.985,False,4.0
25.0,0.032829999923706055,0.0,0.985,False,4.0
5.0,0.03167295455932617,0.0,0.985,False,4.0
1.0,0.0317230224609375,0.0,0.985,False,4.0
0.2,0.03235292434692383,0.0,0.986,False,4.0
0.04,0.03086709976196289,0.0,0.985,False,4.0
0.008,0.03251504898071289,0.0,0.981,False,4.0
0.0016,0.03199005126953125,0.0,0.981,False,4.0
625.0,0.031909942626953125,0.0,0.984,False,5.0
125.0,0.030518054962158203,0.0,0.984,False,5.0
25.0,0.029919147491455078,0.0,0.984,False,5.0
5.0,0.031713008880615234,0.0,0.984,False,5.0
1.0,0.03119206428527832,0.0,0.982,False,5.0
0.2,0.03088521957397461,0.0,0.983,False,5.0
0.04,0.03381490707397461,0.0,0.983,False,5.0
0.008,0.03189706802368164,0.0,0.986,False,5.0
0.0016,0.03218793869018555,0.0,0.983,False,5.0
625.0,0.029493093490600586,0.0,0.983,False,6.0
125.0,0.030038118362426758,0.0,0.982,False,6.0
25.0,0.03051590919494629,0.0,0.982,False,6.0
5.0,0.029897212982177734,0.0,0.982,False,6.0
1.0,0.030727148056030273,0.0,0.979,False,6.0
0.2,0.032176971435546875,0.0,0.978,False,6.0
0.04,0.02950286865234375,0.0,0.983,False,6.0
0.008,0.030879974365234375,0.0,0.985,False,6.0
0.0016,0.030393123626708984,0.0,0.983,False,6.0
625.0,0.031126022338867188,0.0,0.982,False,7.0
125.0,0.03214597702026367,0.0,0.982,False,7.0
25.0,0.03134298324584961,0.0,0.982,False,7.0
5.0,0.031013011932373047,0.0,0.98,False,7.0
1.0,0.03330278396606445,0.0,0.974,False,7.0
0.2,0.030128955841064453,0.0,0.969,False,7.0
0.04,0.031358957290649414,0.0,0.975,False,7.0
0.008,0.03153204917907715,0.0,0.98,False,7.0
0.0016,0.0325169563293457,0.0,0.984,False,7.0
625.0,0.03178215026855469,0.0,0.984,False,8.0
125.0,0.03394603729248047,0.0,0.984,False,8.0
25.0,0.03041386604309082,0.0,0.984,False,8.0
5.0,0.03171706199645996,0.0,0.984,False,8.0
1.0,0.03268790245056152,0.0,0.985,False,8.0
0.2,0.03270983695983887,0.0,0.989,False,8.0
0.04,0.0307919979095459,0.0,0.988,False,8.0
0.008,0.03131818771362305,0.0,0.989,False,8.0
0.0016,0.03445601463317871,0.0,0.99,False,8.0
625.0,0.033303022384643555,0.0,0.988,False,9.0
125.0,0.03150296211242676,0.0,0.988,False,9.0
25.0,0.031015872955322266,0.0,0.987,False,9.0
5.0,0.0325779914855957,0.0,0.987,False,9.0
1.0,0.031266212463378906,0.0,0.992,False,9.0
0.2,0.031928062438964844,0.0,0.989,False,9.0
0.04,0.030282020568847656,0.0,0.992,False,9.0
0.008,0.038453102111816406,0.0,0.993,False,9.0
0.0016,0.030925989151000977,0.0,0.989,False,9.0
625.0,0.030447006225585938,0.0,0.981,False,10.0
125.0,0.0304110050201416,0.0,0.981,False,10.0
25.0,0.03270602226257324,0.0,0.981,False,10.0
5.0,0.029466867446899414,0.0,0.981,False,10.0
1.0,0.029881000518798828,0.0,0.981,False,10.0
0.2,0.031883955001831055,0.0,0.977,False,10.0
0.04,0.029907941818237305,0.0,0.976,False,10.0
0.008,0.03168511390686035,0.0,0.98,False,10.0
0.0016,0.030451059341430664,0.0,0.977,False,10.0
625.0,0.04500603675842285,0.0,0.954,False,11.0
125.0,0.030575037002563477,0.0,0.954,False,11.0
25.0,0.03223419189453125,0.0,0.954,False,11.0
5.0,0.03232097625732422,0.0,0.954,False,11.0
1.0,0.031239032745361328,0.0,0.954,False,11.0
0.2,0.031662940979003906,0.0,0.98,False,11.0
0.04,0.030458927154541016,0.0,0.981,False,11.0
0.008,0.03492903709411621,0.0,0.982,False,11.0
0.0016,0.03164505958557129,0.0,0.984,False,11.0
625.0,0.03206205368041992,0.0,0.981,False,12.0
125.0,0.03278708457946777,0.0,0.981,False,12.0
25.0,0.03154706954956055,0.0,0.981,False,12.0
5.0,0.031964778900146484,0.0,0.981,False,12.0
1.0,0.03289914131164551,0.0,0.982,False,12.0
0.2,0.03359794616699219,0.0,0.98,False,12.0
0.04,0.031362056732177734,0.0,0.976,False,12.0
0.008,0.030061006546020508,0.0,0.982,False,12.0
0.0016,0.0304110050201416,0.0,0.973,False,12.0
625.0,0.03029012680053711,0.0,0.989,False,13.0
125.0,0.032238006591796875,0.0,0.989,False,13.0
25.0,0.0355219841003418,0.0,0.989,False,13.0
5.0,0.03052997589111328,0.0,0.989,False,13.0
1.0,0.03165102005004883,0.0,0.989,False,13.0
0.2,0.030321836471557617,0.0,0.985,False,13.0
0.04,0.03307390213012695,0.0,0.988,False,13.0
0.008,0.030583858489990234,0.0,0.987,False,13.0
0.0016,0.0289919376373291,0.0,0.989,False,13.0
625.0,0.03091907501220703,0.0,0.949,False,14.0
125.0,0.028712987899780273,0.0,0.949,False,14.0
25.0,0.030314207077026367,0.0,0.949,False,14.0
5.0,0.03084397315979004,0.0,0.952,False,14.0
1.0,0.031846046447753906,0.0,0.961,False,14.0
0.2,0.030505895614624023,0.0,0.966,False,14.0
0.04,0.03493094444274902,0.0,0.974,False,14.0
0.008,0.029892921447753906,0.0,0.979,False,14.0
0.0016,0.028921842575073242,0.0,0.98,False,14.0
625.0,0.03234410285949707,0.0,0.984,False,15.0
125.0,0.03096795082092285,0.0,0.984,False,15.0
25.0,0.03181099891662598,0.0,0.984,False,15.0
5.0,0.030282974243164062,0.0,0.984,False,15.0
1.0,0.0311892032623291,0.0,0.989,False,15.0
0.2,0.031019926071166992,0.0,0.985,False,15.0
0.04,0.032012939453125,0.0,0.981,False,15.0
0.008,0.030997037887573242,0.0,0.985,False,15.0
0.0016,0.029501914978027344,0.0,0.984,False,15.0
625.0,0.03133416175842285,0.0,0.983,False,16.0
125.0,0.031107187271118164,0.0,0.983,False,16.0
25.0,0.031152009963989258,0.0,0.983,False,16.0
5.0,0.032032012939453125,0.0,0.983,False,16.0
1.0,0.030546903610229492,0.0,0.981,False,16.0
0.2,0.031883955001831055,0.0,0.98,False,16.0
0.04,0.03199005126953125,0.0,0.981,False,16.0
0.008,0.03079700469970703,0.0,0.981,False,16.0
0.0016,0.03084421157836914,0.0,0.983,False,16.0
625.0,0.031110048294067383,0.0,0.977,False,17.0
125.0,0.03009200096130371,0.0,0.977,False,17.0
25.0,0.03263401985168457,0.0,0.977,False,17.0
5.0,0.03486299514770508,0.0,0.977,False,17.0
1.0,0.030503034591674805,0.0,0.98,False,17.0
0.2,0.029285907745361328,0.0,0.978,False,17.0
0.04,0.030180931091308594,0.0,0.981,False,17.0
0.008,0.032958984375,0.0,0.982,False,17.0
0.0016,0.0334320068359375,0.0,0.0,False,17.0
625.0,0.030312061309814453,0.0,0.98,False,18.0
125.0,0.030993938446044922,0.0,0.98,False,18.0
25.0,0.0312349796295166,0.0,0.98,False,18.0
5.0,0.029767990112304688,0.0,0.979,False,18.0
1.0,0.0297701358795166,0.0,0.971,False,18.0
0.2,0.02884697914123535,0.0,0.976,False,18.0
0.04,0.03049302101135254,0.0,0.981,False,18.0
0.008,0.030607938766479492,0.0,0.0,False,18.0
0.0016,0.02961897850036621,0.0,0.983,False,18.0
625.0,0.033019065856933594,0.0,0.971,False,19.0
125.0,0.03346610069274902,0.0,0.971,False,19.0
25.0,0.030048131942749023,0.0,0.971,False,19.0
5.0,0.031066179275512695,0.0,0.967,False,19.0
1.0,0.029767990112304688,0.0,0.966,False,19.0
0.2,0.035279035568237305,0.0,0.976,False,19.0
0.04,0.028654098510742188,0.0,0.988,False,19.0
0.008,0.029547929763793945,0.0,0.985,False,19.0
0.0016,0.030160903930664062,0.0,0.986,False,19.0
625.0,0.030220985412597656,0.0,0.973,False,20.0
125.0,0.029478073120117188,0.0,0.973,False,20.0
25.0,0.02846813201904297,0.0,0.973,False,20.0
5.0,0.029852867126464844,0.0,0.973,False,20.0
1.0,0.03037118911743164,0.0,0.976,False,20.0
0.2,0.028656005859375,0.0,0.976,False,20.0
0.04,0.02867412567138672,0.0,0.978,False,20.0
0.008,0.03220391273498535,0.0,0.98,False,20.0
0.0016,0.030939102172851562,0.0,0.981,False,20.0
625.0,0.03065180778503418,0.0,0.98,False,21.0
125.0,0.03136491775512695,0.0,0.98,False,21.0
25.0,0.03155016899108887,0.0,0.98,False,21.0
5.0,0.0291900634765625,0.0,0.98,False,21.0
1.0,0.030742883682250977,0.0,0.98,False,21.0
0.2,0.02971792221069336,0.0,0.984,False,21.0
0.04,0.03087902069091797,0.0,0.984,False,21.0
0.008,0.029474973678588867,0.0,0.985,False,21.0
0.0016,0.032794952392578125,0.0,0.987,False,21.0
625.0,0.029417037963867188,0.0,0.967,False,22.0
125.0,0.02941298484802246,0.0,0.967,False,22.0
25.0,0.03122401237487793,0.0,0.967,False,22.0
5.0,0.028690814971923828,0.0,0.967,False,22.0
1.0,0.028792142868041992,0.0,0.968,False,22.0
0.2,0.02946615219116211,0.0,0.978,False,22.0
0.04,0.028413057327270508,0.0,0.983,False,22.0
0.008,0.029710054397583008,0.0,0.984,False,22.0
0.0016,0.02981281280517578,0.0,0.983,False,22.0
625.0,0.03079700469970703,0.0,0.983,False,23.0
125.0,0.030925989151000977,0.0,0.983,False,23.0
25.0,0.031094074249267578,0.0,0.987,False,23.0
5.0,0.031907081604003906,0.0,0.985,False,23.0
1.0,0.029350996017456055,0.0,0.981,False,23.0
0.2,0.0314030647277832,0.0,0.983,False,23.0
0.04,0.032933950424194336,0.0,0.988,False,23.0
0.008,0.030694007873535156,0.0,0.987,False,23.0
0.0016,0.031384944915771484,0.0,0.983,False,23.0
625.0,0.03134298324584961,0.0,0.937,False,24.0
125.0,0.03188920021057129,0.0,0.937,False,24.0
25.0,0.03164792060852051,0.0,0.937,False,24.0
5.0,0.031419992446899414,0.0,0.937,False,24.0
1.0,0.03262901306152344,0.0,0.937,False,24.0
0.2,0.029816865921020508,0.0,0.967,False,24.0
0.04,0.030369997024536133,0.0,0.975,False,24.0
0.008,0.029269933700561523,0.0,0.975,False,24.0
0.0016,0.02996087074279785,0.0,0.978,False,24.0
625.0,0.03141593933105469,0.0,0.971,False,25.0
125.0,0.029885053634643555,0.0,0.971,False,25.0
25.0,0.03002786636352539,0.0,0.971,False,25.0
5.0,0.029228925704956055,0.0,0.972,False,25.0
1.0,0.03212308883666992,0.0,0.971,False,25.0
0.2,0.06703805923461914,0.0,0.972,False,25.0
0.04,0.030340909957885742,0.0,0.974,False,25.0
0.008,0.029568910598754883,0.0,0.974,False,25.0
0.0016,0.03208780288696289,0.0,0.0,False,25.0
625.0,0.030527830123901367,0.0,0.981,False,26.0
125.0,0.029732942581176758,0.0,0.981,False,26.0
25.0,0.03238677978515625,0.0,0.981,False,26.0
5.0,0.030003070831298828,0.0,0.981,False,26.0
1.0,0.030610084533691406,0.0,0.981,False,26.0
0.2,0.030040979385375977,0.0,0.972,False,26.0
0.04,0.02923893928527832,0.0,0.981,False,26.0
0.008,0.028784990310668945,0.0,0.983,False,26.0
0.0016,0.030159950256347656,0.0,0.982,False,26.0
625.0,0.03199505805969238,0.0,0.982,False,27.0
125.0,0.028697967529296875,0.0,0.982,False,27.0
25.0,0.030001163482666016,0.0,0.982,False,27.0
5.0,0.030275821685791016,0.0,0.982,False,27.0
1.0,0.03199911117553711,0.0,0.982,False,27.0
0.2,0.03047800064086914,0.0,0.981,False,27.0
0.04,0.028895854949951172,0.0,0.981,False,27.0
0.008,0.03139305114746094,0.0,0.981,False,27.0
0.0016,0.030236005783081055,0.0,0.981,False,27.0
625.0,0.029507875442504883,0.0,0.986,False,28.0
125.0,0.03023386001586914,0.0,0.986,False,28.0
25.0,0.031137943267822266,0.0,0.986,False,28.0
5.0,0.033821821212768555,0.0,0.986,False,28.0
1.0,0.028872966766357422,0.0,0.986,False,28.0
0.2,0.03145098686218262,0.0,0.987,False,28.0
0.04,0.031150102615356445,0.0,0.983,False,28.0
0.008,0.028980016708374023,0.0,0.987,False,28.0
0.0016,0.02852797508239746,0.0,0.985,False,28.0
625.0,0.029675960540771484,0.0,0.97,False,29.0
125.0,0.02953195571899414,0.0,0.977,False,29.0
25.0,0.027664899826049805,0.0,0.977,False,29.0
5.0,0.028264999389648438,0.0,0.977,False,29.0
1.0,0.0299990177154541,0.0,0.979,False,29.0
0.2,0.03066110610961914,0.0,0.978,False,29.0
0.04,0.030479907989501953,0.0,0.971,False,29.0
0.008,0.03099679946899414,0.0,0.974,False,29.0
0.0016,0.029999971389770508,0.0,0.98,False,29.0
625.0,0.029423952102661133,0.0,0.977,False,30.0
125.0,0.028816938400268555,0.0,0.977,False,30.0
25.0,0.031044960021972656,0.0,0.977,False,30.0
5.0,0.03224778175354004,0.0,0.977,False,30.0
1.0,0.028594970703125,0.0,0.977,False,30.0
0.2,0.029455900192260742,0.0,0.979,False,30.0
0.04,0.028970956802368164,0.0,0.985,False,30.0
0.008,0.02866196632385254,0.0,0.985,False,30.0
0.0016,0.030704975128173828,0.0,0.985,False,30.0
625.0,0.035043954849243164,0.0,0.98,False,31.0
125.0,0.03238511085510254,0.0,0.98,False,31.0
25.0,0.031275033950805664,0.0,0.98,False,31.0
5.0,0.03068399429321289,0.0,0.983,False,31.0
1.0,0.031209945678710938,0.0,0.984,False,31.0
0.2,0.07231402397155762,0.0,0.986,False,31.0
0.04,0.030002832412719727,0.0,0.983,False,31.0
0.008,0.029306888580322266,0.0,0.987,False,31.0
0.0016,0.033232927322387695,0.0,0.985,False,31.0
625.0,0.02982783317565918,0.0,0.984,False,32.0
125.0,0.030041933059692383,0.0,0.984,False,32.0
25.0,0.028782129287719727,0.0,0.984,False,32.0
5.0,0.029837846755981445,0.0,0.984,False,32.0
1.0,0.029388904571533203,0.0,0.983,False,32.0
0.2,0.03037095069885254,0.0,0.984,False,32.0
0.04,0.03194904327392578,0.0,0.985,False,32.0
0.008,0.030425071716308594,0.0,0.984,False,32.0
0.0016,0.02931690216064453,0.0,0.987,False,32.0
625.0,0.029078960418701172,0.0,0.978,False,33.0
125.0,0.02962493896484375,0.0,0.978,False,33.0
25.0,0.02994680404663086,0.0,0.978,False,33.0
5.0,0.032124996185302734,0.0,0.978,False,33.0
1.0,0.029839038848876953,0.0,0.98,False,33.0
0.2,0.06377005577087402,0.0,0.978,False,33.0
0.04,0.03206801414489746,0.0,0.97,False,33.0
0.008,0.0290529727935791,0.0,0.976,False,33.0
0.0016,0.029841184616088867,0.0,0.978,False,33.0
625.0,0.02978992462158203,0.0,0.981,False,34.0
125.0,0.03155016899108887,0.0,0.981,False,34.0
25.0,0.030761003494262695,0.0,0.981,False,34.0
5.0,0.02995014190673828,0.0,0.983,False,34.0
1.0,0.03245997428894043,0.0,0.983,False,34.0
0.2,0.02834606170654297,0.0,0.98,False,34.0
0.04,0.03163003921508789,0.0,0.981,False,34.0
0.008,0.02891397476196289,0.0,0.981,False,34.0
0.0016,0.02929210662841797,0.0,0.981,False,34.0
625.0,0.02954387664794922,0.0,0.971,False,35.0
125.0,0.028239965438842773,0.0,0.971,False,35.0
25.0,0.02837991714477539,0.0,0.971,False,35.0
5.0,0.02948904037475586,0.0,0.971,False,35.0
1.0,0.028313159942626953,0.0,0.971,False,35.0
0.2,0.06737399101257324,0.0,0.976,False,35.0
0.04,0.029146909713745117,0.0,0.977,False,35.0
0.008,0.03015899658203125,0.0,0.976,False,35.0
0.0016,0.029818058013916016,0.0,0.978,False,35.0
625.0,0.02927398681640625,0.0,0.981,False,36.0
125.0,0.033284902572631836,0.0,0.981,False,36.0
25.0,0.03248906135559082,0.0,0.981,False,36.0
5.0,0.031222105026245117,0.0,0.981,False,36.0
1.0,0.0297238826751709,0.0,0.98,False,36.0
0.2,0.030207157135009766,0.0,0.98,False,36.0
0.04,0.03169989585876465,0.0,0.983,False,36.0
0.008,0.03008294105529785,0.0,0.978,False,36.0
0.0016,0.029165983200073242,0.0,0.979,False,36.0
625.0,0.0315091609954834,0.0,0.98,False,37.0
125.0,0.02972698211669922,0.0,0.98,False,37.0
25.0,0.02870917320251465,0.0,0.981,False,37.0
5.0,0.0292208194732666,0.0,0.979,False,37.0
1.0,0.02827596664428711,0.0,0.985,False,37.0
0.2,0.028170108795166016,0.0,0.986,False,37.0
0.04,0.028673887252807617,0.0,0.985,False,37.0
0.008,0.03196883201599121,0.0,0.985,False,37.0
0.0016,0.03136301040649414,0.0,0.985,False,37.0
625.0,0.030293941497802734,0.0,0.983,False,38.0
125.0,0.031093120574951172,0.0,0.983,False,38.0
25.0,0.03142905235290527,0.0,0.983,False,38.0
5.0,0.029660940170288086,0.0,0.983,False,38.0
1.0,0.031616926193237305,0.0,0.981,False,38.0
0.2,0.03083515167236328,0.0,0.982,False,38.0
0.04,0.02929520606994629,0.0,0.982,False,38.0
0.008,0.02909111976623535,0.0,0.982,False,38.0
0.0016,0.02939581871032715,0.0,0.983,False,38.0
625.0,0.028805017471313477,0.0,0.978,False,39.0
125.0,0.02871990203857422,0.0,0.978,False,39.0
25.0,0.03134608268737793,0.0,0.978,False,39.0
5.0,0.030561208724975586,0.0,0.978,False,39.0
1.0,0.029076099395751953,0.0,0.98,False,39.0
0.2,0.028319835662841797,0.0,0.982,False,39.0
0.04,0.03098297119140625,0.0,0.987,False,39.0
0.008,0.0290529727935791,0.0,0.985,False,39.0
0.0016,0.030107975006103516,0.0,0.0,False,39.0
625.0,0.027923107147216797,0.0,0.984,False,40.0
125.0,0.028649091720581055,0.0,0.984,False,40.0
25.0,0.0334010124206543,0.0,0.984,False,40.0
5.0,0.028957128524780273,0.0,0.985,False,40.0
1.0,0.028415918350219727,0.0,0.986,False,40.0
0.2,0.02895379066467285,0.0,0.993,False,40.0
0.04,0.03040289878845215,0.0,0.988,False,40.0
0.008,0.02914595603942871,0.0,0.992,False,40.0
0.0016,0.03181910514831543,0.0,0.992,False,40.0
625.0,0.031683921813964844,0.0,0.986,False,41.0
125.0,0.028439998626708984,0.0,0.986,False,41.0
25.0,0.029999971389770508,0.0,0.986,False,41.0
5.0,0.028306007385253906,0.0,0.986,False,41.0
1.0,0.030666112899780273,0.0,0.99,False,41.0
0.2,0.029128074645996094,0.0,0.987,False,41.0
0.04,0.028894901275634766,0.0,0.988,False,41.0
0.008,0.03094005584716797,0.0,0.982,False,41.0
0.0016,0.028811931610107422,0.0,0.985,False,41.0
625.0,0.03133797645568848,0.0,0.983,False,42.0
125.0,0.030269145965576172,0.0,0.983,False,42.0
25.0,0.031174182891845703,0.0,0.983,False,42.0
5.0,0.030731916427612305,0.0,0.983,False,42.0
1.0,0.02947402000427246,0.0,0.987,False,42.0
0.2,0.030868053436279297,0.0,0.986,False,42.0
0.04,0.03186392784118652,0.0,0.99,False,42.0
0.008,0.0281980037689209,0.0,0.989,False,42.0
0.0016,0.02961587905883789,0.0,0.989,False,42.0
625.0,0.028810977935791016,0.0,0.981,False,43.0
125.0,0.028512001037597656,0.0,0.981,False,43.0
25.0,0.030333995819091797,0.0,0.981,False,43.0
5.0,0.0288541316986084,0.0,0.981,False,43.0
1.0,0.02837395668029785,0.0,0.978,False,43.0
0.2,0.029172897338867188,0.0,0.985,False,43.0
0.04,0.02920699119567871,0.0,0.976,False,43.0
0.008,0.030254840850830078,0.0,0.986,False,43.0
0.0016,0.02903604507446289,0.0,0.986,False,43.0
625.0,0.0287778377532959,0.0,0.972,False,44.0
125.0,0.02948594093322754,0.0,0.972,False,44.0
25.0,0.030801057815551758,0.0,0.972,False,44.0
5.0,0.031217098236083984,0.0,0.972,False,44.0
1.0,0.02860093116760254,0.0,0.973,False,44.0
0.2,0.0293581485748291,0.0,0.983,False,44.0
0.04,0.030375003814697266,0.0,0.984,False,44.0
0.008,0.030804872512817383,0.0,0.984,False,44.0
0.0016,0.0304110050201416,0.0,0.981,False,44.0
625.0,0.03093886375427246,0.0,0.973,False,45.0
125.0,0.03072190284729004,0.0,0.973,False,45.0
25.0,0.030909061431884766,0.0,0.973,False,45.0
5.0,0.029803037643432617,0.0,0.973,False,45.0
1.0,0.028503894805908203,0.0,0.981,False,45.0
0.2,0.027961015701293945,0.0,0.981,False,45.0
0.04,0.03003096580505371,0.0,0.98,False,45.0
0.008,0.06637406349182129,0.0,0.97,False,45.0
0.0016,0.02960991859436035,0.0,0.974,False,45.0
625.0,0.02996683120727539,0.0,0.983,False,46.0
125.0,0.028888225555419922,0.0,0.983,False,46.0
25.0,0.030427932739257812,0.0,0.983,False,46.0
5.0,0.029677867889404297,0.0,0.983,False,46.0
1.0,0.0283968448638916,0.0,0.983,False,46.0
0.2,0.030514955520629883,0.0,0.98,False,46.0
0.04,0.0298459529876709,0.0,0.984,False,46.0
0.008,0.030064821243286133,0.0,0.982,False,46.0
0.0016,0.029858827590942383,0.0,0.985,False,46.0
625.0,0.030938148498535156,0.0,0.987,False,47.0
125.0,0.039533138275146484,0.0,0.987,False,47.0
25.0,0.0296018123626709,0.0,0.987,False,47.0
5.0,0.031172990798950195,0.0,0.987,False,47.0
1.0,0.029055118560791016,0.0,0.989,False,47.0
0.2,0.02902984619140625,0.0,0.985,False,47.0
0.04,0.0300140380859375,0.0,0.979,False,47.0
0.008,0.028848886489868164,0.0,0.977,False,47.0
0.0016,0.06476998329162598,0.0,0.98,False,47.0
625.0,0.030276060104370117,0.0,0.982,False,48.0
125.0,0.029584884643554688,0.0,0.982,False,48.0
25.0,0.030549049377441406,0.0,0.982,False,48.0
5.0,0.0290219783782959,0.0,0.982,False,48.0
1.0,0.03216290473937988,0.0,0.984,False,48.0
0.2,0.029237985610961914,0.0,0.984,False,48.0
0.04,0.02900409698486328,0.0,0.984,False,48.0
0.008,0.0299379825592041,0.0,0.983,False,48.0
0.0016,0.029104948043823242,0.0,0.982,False,48.0
625.0,0.032653093338012695,0.0,0.984,False,49.0
125.0,0.030717849731445312,0.0,0.984,False,49.0
25.0,0.03095102310180664,0.0,0.984,False,49.0
5.0,0.03171396255493164,0.0,0.984,False,49.0
1.0,0.028285980224609375,0.0,0.988,False,49.0
0.2,0.02951979637145996,0.0,0.986,False,49.0
0.04,0.029720067977905273,0.0,0.989,False,49.0
0.008,0.028645038604736328,0.0,0.987,False,49.0
0.0016,0.06682395935058594,0.0,0.987,False,49.0
625.0,0.029582977294921875,0.0,0.983,False,50.0
125.0,0.03157997131347656,0.0,0.983,False,50.0
25.0,0.03165292739868164,0.0,0.983,False,50.0
5.0,0.029536962509155273,0.0,0.983,False,50.0
1.0,0.031809091567993164,0.0,0.984,False,50.0
0.2,0.03156709671020508,0.0,0.979,False,50.0
0.04,0.030805110931396484,0.0,0.983,False,50.0
0.008,0.029695987701416016,0.0,0.984,False,50.0
0.0016,0.02958393096923828,0.0,0.983,False,50.0
625.0,0.03066706657409668,0.0,0.981,False,51.0
125.0,0.030116796493530273,0.0,0.981,False,51.0
25.0,0.029967069625854492,0.0,0.981,False,51.0
5.0,0.030704975128173828,0.0,0.981,False,51.0
1.0,0.03011608123779297,0.0,0.986,False,51.0
0.2,0.0284121036529541,0.0,0.989,False,51.0
0.04,0.029948949813842773,0.0,0.986,False,51.0
0.008,0.031113862991333008,0.0,0.986,False,51.0
0.0016,0.06741595268249512,0.0,0.985,False,51.0
625.0,0.029515981674194336,0.0,0.986,False,52.0
125.0,0.03081488609313965,0.0,0.986,False,52.0
25.0,0.03203320503234863,0.0,0.986,False,52.0
5.0,0.03195595741271973,0.0,0.988,False,52.0
1.0,0.03166794776916504,0.0,0.981,False,52.0
0.2,0.03009200096130371,0.0,0.981,False,52.0
0.04,0.031658172607421875,0.0,0.989,False,52.0
0.008,0.030019044876098633,0.0,0.99,False,52.0
0.0016,0.03042006492614746,0.0,0.99,False,52.0
625.0,0.02982783317565918,0.0,0.982,False,53.0
125.0,0.030323028564453125,0.0,0.982,False,53.0
25.0,0.029590845108032227,0.0,0.982,False,53.0
5.0,0.03099989891052246,0.0,0.975,False,53.0
1.0,0.029983997344970703,0.0,0.98,False,53.0
0.2,0.030942916870117188,0.0,0.982,False,53.0
0.04,0.029745101928710938,0.0,0.983,False,53.0
0.008,0.03003716468811035,0.0,0.983,False,53.0
0.0016,0.03036189079284668,0.0,0.982,False,53.0
625.0,0.030523061752319336,0.0,0.956,False,54.0
125.0,0.03183484077453613,0.0,0.956,False,54.0
25.0,0.031208038330078125,0.0,0.956,False,54.0
5.0,0.03106999397277832,0.0,0.968,False,54.0
1.0,0.0324251651763916,0.0,0.969,False,54.0
0.2,0.029673099517822266,0.0,0.0,False,54.0
0.04,0.03040313720703125,0.0,0.975,False,54.0
0.008,0.030140161514282227,0.0,0.974,False,54.0
0.0016,0.030506134033203125,0.0,0.972,False,54.0
625.0,0.02962493896484375,0.0,0.978,False,55.0
125.0,0.029901981353759766,0.0,0.978,False,55.0
25.0,0.03032994270324707,0.0,0.978,False,55.0
5.0,0.029081106185913086,0.0,0.978,False,55.0
1.0,0.029611825942993164,0.0,0.978,False,55.0
0.2,0.02917313575744629,0.0,0.984,False,55.0
0.04,0.03127908706665039,0.0,0.985,False,55.0
0.008,0.029948949813842773,0.0,0.984,False,55.0
0.0016,0.03000497817993164,0.0,0.983,False,55.0
625.0,0.030169963836669922,0.0,0.972,False,56.0
125.0,0.031755924224853516,0.0,0.97,False,56.0
25.0,0.030269861221313477,0.0,0.968,False,56.0
5.0,0.03140115737915039,0.0,0.973,False,56.0
1.0,0.02914714813232422,0.0,0.977,False,56.0
0.2,0.029095172882080078,0.0,0.972,False,56.0
0.04,0.030333995819091797,0.0,0.977,False,56.0
0.008,0.03392505645751953,0.0,0.978,False,56.0
0.0016,0.029113054275512695,0.0,0.977,False,56.0
625.0,0.02991199493408203,0.0,0.972,False,57.0
125.0,0.02869701385498047,0.0,0.972,False,57.0
25.0,0.032135963439941406,0.0,0.972,False,57.0
5.0,0.031194210052490234,0.0,0.972,False,57.0
1.0,0.030661821365356445,0.0,0.972,False,57.0
0.2,0.03017592430114746,0.0,0.972,False,57.0
0.04,0.03034496307373047,0.0,0.979,False,57.0
0.008,0.029718875885009766,0.0,0.979,False,57.0
0.0016,0.028987884521484375,0.0,0.983,False,57.0
625.0,0.03063797950744629,0.0,0.976,False,58.0
125.0,0.03204989433288574,0.0,0.976,False,58.0
25.0,0.02962017059326172,0.0,0.976,False,58.0
5.0,0.02993607521057129,0.0,0.976,False,58.0
1.0,0.03147315979003906,0.0,0.0,False,58.0
0.2,0.028354883193969727,0.0,0.968,False,58.0
0.04,0.030472993850708008,0.0,0.972,False,58.0
0.008,0.028875112533569336,0.0,0.967,False,58.0
0.0016,0.029938936233520508,0.0,0.968,False,58.0
625.0,0.031896114349365234,0.0,0.974,False,59.0
125.0,0.030572175979614258,0.0,0.974,False,59.0
25.0,0.02999401092529297,0.0,0.974,False,59.0
5.0,0.030102014541625977,0.0,0.975,False,59.0
1.0,0.032317161560058594,0.0,0.979,False,59.0
0.2,0.030604124069213867,0.0,0.98,False,59.0
0.04,0.03192305564880371,0.0,0.979,False,59.0
0.008,0.031171083450317383,0.0,0.98,False,59.0
0.0016,0.029894113540649414,0.0,0.976,False,59.0
625.0,0.028486967086791992,0.0,0.979,False,60.0
125.0,0.02974104881286621,0.0,0.979,False,60.0
25.0,0.029803991317749023,0.0,0.979,False,60.0
5.0,0.029961109161376953,0.0,0.979,False,60.0
1.0,0.03058600425720215,0.0,0.983,False,60.0
0.2,0.03154587745666504,0.0,0.983,False,60.0
0.04,0.030203819274902344,0.0,0.981,False,60.0
0.008,0.029803037643432617,0.0,0.977,False,60.0
0.0016,0.02968287467956543,0.0,0.977,False,60.0
625.0,0.028425931930541992,0.0,0.985,False,61.0
125.0,0.028643131256103516,0.0,0.985,False,61.0
25.0,0.029755115509033203,0.0,0.985,False,61.0
5.0,0.029639005661010742,0.0,0.984,False,61.0
1.0,0.0301358699798584,0.0,0.981,False,61.0
0.2,0.030671119689941406,0.0,0.986,False,61.0
0.04,0.030951976776123047,0.0,0.989,False,61.0
0.008,0.02876591682434082,0.0,0.986,False,61.0
0.0016,0.0310361385345459,0.0,0.987,False,61.0
625.0,0.030768156051635742,0.0,0.979,False,62.0
125.0,0.02997303009033203,0.0,0.979,False,62.0
25.0,0.030272960662841797,0.0,0.979,False,62.0
5.0,0.032234907150268555,0.0,0.979,False,62.0
1.0,0.029900074005126953,0.0,0.981,False,62.0
0.2,0.03001713752746582,0.0,0.986,False,62.0
0.04,0.02865290641784668,0.0,0.979,False,62.0
0.008,0.029327869415283203,0.0,0.98,False,62.0
0.0016,0.030128002166748047,0.0,0.984,False,62.0
625.0,0.03124523162841797,0.0,0.983,False,63.0
125.0,0.028588056564331055,0.0,0.983,False,63.0
25.0,0.029109954833984375,0.0,0.983,False,63.0
5.0,0.03123307228088379,0.0,0.983,False,63.0
1.0,0.029859066009521484,0.0,0.975,False,63.0
0.2,0.03065800666809082,0.0,0.977,False,63.0
0.04,0.03125596046447754,0.0,0.981,False,63.0
0.008,0.030365943908691406,0.0,0.974,False,63.0
0.0016,0.03098583221435547,0.0,0.98,False,63.0
625.0,0.029974937438964844,0.0,0.98,False,64.0
125.0,0.02972102165222168,0.0,0.98,False,64.0
25.0,0.030857086181640625,0.0,0.98,False,64.0
5.0,0.03262615203857422,0.0,0.982,False,64.0
1.0,0.031868934631347656,0.0,0.981,False,64.0
0.2,0.029745817184448242,0.0,0.978,False,64.0
0.04,0.03228592872619629,0.0,0.979,False,64.0
0.008,0.029859066009521484,0.0,0.981,False,64.0
0.0016,0.02999401092529297,0.0,0.978,False,64.0
625.0,0.028541088104248047,0.0,0.962,False,65.0
125.0,0.03265094757080078,0.0,0.962,False,65.0
25.0,0.029245853424072266,0.0,0.962,False,65.0
5.0,0.030265092849731445,0.0,0.963,False,65.0
1.0,0.028462886810302734,0.0,0.969,False,65.0
0.2,0.029555082321166992,0.0,0.98,False,65.0
0.04,0.03351306915283203,0.0,0.976,False,65.0
0.008,0.028887033462524414,0.0,0.981,False,65.0
0.0016,0.030888080596923828,0.0,0.98,False,65.0
625.0,0.030889034271240234,0.0,0.966,False,66.0
125.0,0.02982497215270996,0.0,0.966,False,66.0
25.0,0.03132891654968262,0.0,0.966,False,66.0
5.0,0.030826091766357422,0.0,0.966,False,66.0
1.0,0.029075145721435547,0.0,0.973,False,66.0
0.2,0.030521154403686523,0.0,0.0,False,66.0
0.04,0.03074502944946289,0.0,0.988,False,66.0
0.008,0.029777050018310547,0.0,0.988,False,66.0
0.0016,0.031759023666381836,0.0,0.986,False,66.0
625.0,0.028769969940185547,0.0,0.98,False,67.0
125.0,0.03230404853820801,0.0,0.99,False,67.0
25.0,0.03003096580505371,0.0,0.987,False,67.0
5.0,0.029526948928833008,0.0,0.987,False,67.0
1.0,0.028533935546875,0.0,0.987,False,67.0
0.2,0.029989004135131836,0.0,0.989,False,67.0
0.04,0.030781030654907227,0.0,0.989,False,67.0
0.008,0.02942490577697754,0.0,0.982,False,67.0
0.0016,0.06692385673522949,0.0,0.984,False,67.0
625.0,0.0330500602722168,0.0,0.976,False,68.0
125.0,0.0289459228515625,0.0,0.976,False,68.0
25.0,0.0313570499420166,0.0,0.976,False,68.0
5.0,0.02849292755126953,0.0,0.976,False,68.0
1.0,0.029356956481933594,0.0,0.982,False,68.0
0.2,0.02996683120727539,0.0,0.987,False,68.0
0.04,0.02947092056274414,0.0,0.984,False,68.0
0.008,0.03063201904296875,0.0,0.985,False,68.0
0.0016,0.029553890228271484,0.0,0.981,False,68.0
625.0,0.03201889991760254,0.0,0.975,False,69.0
125.0,0.03036808967590332,0.0,0.975,False,69.0
25.0,0.030186891555786133,0.0,0.975,False,69.0
5.0,0.029438018798828125,0.0,0.975,False,69.0
1.0,0.03246903419494629,0.0,0.976,False,69.0
0.2,0.02916097640991211,0.0,0.972,False,69.0
0.04,0.029072046279907227,0.0,0.967,False,69.0
0.008,0.0297698974609375,0.0,0.967,False,69.0
0.0016,0.029958009719848633,0.0,0.97,False,69.0
625.0,0.03146696090698242,0.0,0.972,False,70.0
125.0,0.02926015853881836,0.0,0.972,False,70.0
25.0,0.03205299377441406,0.0,0.972,False,70.0
5.0,0.030217885971069336,0.0,0.972,False,70.0
1.0,0.029973983764648438,0.0,0.972,False,70.0
0.2,0.029014110565185547,0.0,0.973,False,70.0
0.04,0.029808998107910156,0.0,0.973,False,70.0
0.008,0.02971196174621582,0.0,0.973,False,70.0
0.0016,0.028912782669067383,0.0,0.971,False,70.0
625.0,0.028918981552124023,0.0,0.979,False,71.0
125.0,0.02902698516845703,0.0,0.979,False,71.0
25.0,0.028012990951538086,0.0,0.979,False,71.0
5.0,0.029839038848876953,0.0,0.979,False,71.0
1.0,0.06764912605285645,0.0,0.98,False,71.0
0.2,0.029572010040283203,0.0,0.977,False,71.0
0.04,0.02850508689880371,0.0,0.977,False,71.0
0.008,0.030386924743652344,0.0,0.981,False,71.0
0.0016,0.029966115951538086,0.0,0.98,False,71.0
625.0,0.029719114303588867,0.0,0.961,False,72.0
125.0,0.029187917709350586,0.0,0.961,False,72.0
25.0,0.03288698196411133,0.0,0.961,False,72.0
5.0,0.028484821319580078,0.0,0.973,False,72.0
1.0,0.03040909767150879,0.0,0.985,False,72.0
0.2,0.029356956481933594,0.0,0.985,False,72.0
0.04,0.028738021850585938,0.0,0.984,False,72.0
0.008,0.030763864517211914,0.0,0.984,False,72.0
0.0016,0.029497146606445312,0.0,0.986,False,72.0
625.0,0.030791044235229492,0.0,0.97,False,73.0
125.0,0.02817988395690918,0.0,0.97,False,73.0
25.0,0.029085159301757812,0.0,0.97,False,73.0
5.0,0.0294649600982666,0.0,0.97,False,73.0
1.0,0.030337095260620117,0.0,0.976,False,73.0
0.2,0.030148983001708984,0.0,0.976,False,73.0
0.04,0.030551910400390625,0.0,0.978,False,73.0
0.008,0.030089139938354492,0.0,0.978,False,73.0
0.0016,0.029623985290527344,0.0,0.974,False,73.0
625.0,0.029195070266723633,0.0,0.975,False,74.0
125.0,0.030128002166748047,0.0,0.975,False,74.0
25.0,0.030946969985961914,0.0,0.975,False,74.0
5.0,0.03002190589904785,0.0,0.977,False,74.0
1.0,0.0286099910736084,0.0,0.98,False,74.0
0.2,0.029532909393310547,0.0,0.981,False,74.0
0.04,0.029970884323120117,0.0,0.982,False,74.0
0.008,0.029613018035888672,0.0,0.984,False,74.0
0.0016,0.03038787841796875,0.0,0.982,False,74.0
625.0,0.029321908950805664,0.0,0.97,False,75.0
125.0,0.028393030166625977,0.0,0.97,False,75.0
25.0,0.030740976333618164,0.0,0.97,False,75.0
5.0,0.029287099838256836,0.0,0.97,False,75.0
1.0,0.02918720245361328,0.0,0.97,False,75.0
0.2,0.030105113983154297,0.0,0.982,False,75.0
0.04,0.028458833694458008,0.0,0.984,False,75.0
0.008,0.03180813789367676,0.0,0.984,False,75.0
0.0016,0.03246879577636719,0.0,0.984,False,75.0
625.0,0.030417919158935547,0.0,0.983,False,76.0
125.0,0.031984806060791016,0.0,0.983,False,76.0
25.0,0.029347896575927734,0.0,0.983,False,76.0
5.0,0.029844999313354492,0.0,0.984,False,76.0
1.0,0.029544830322265625,0.0,0.985,False,76.0
0.2,0.029338836669921875,0.0,0.981,False,76.0
0.04,0.0295259952545166,0.0,0.986,False,76.0
0.008,0.03110194206237793,0.0,0.985,False,76.0
0.0016,0.03345489501953125,0.0,0.985,False,76.0
625.0,0.028512001037597656,0.0,0.982,False,77.0
125.0,0.030202150344848633,0.0,0.982,False,77.0
25.0,0.030452966690063477,0.0,0.981,False,77.0
5.0,0.03078603744506836,0.0,0.981,False,77.0
1.0,0.02903604507446289,0.0,0.981,False,77.0
0.2,0.03047800064086914,0.0,0.982,False,77.0
0.04,0.028802871704101562,0.0,0.985,False,77.0
0.008,0.03155398368835449,0.0,0.982,False,77.0
0.0016,0.03219318389892578,0.0,0.982,False,77.0
625.0,0.03131604194641113,0.0,0.985,False,78.0
125.0,0.030766010284423828,0.0,0.985,False,78.0
25.0,0.029684066772460938,0.0,0.985,False,78.0
5.0,0.028799057006835938,0.0,0.985,False,78.0
1.0,0.030903100967407227,0.0,0.985,False,78.0
0.2,0.029415130615234375,0.0,0.984,False,78.0
0.04,0.030992984771728516,0.0,0.985,False,78.0
0.008,0.03102898597717285,0.0,0.984,False,78.0
0.0016,0.031131982803344727,0.0,0.983,False,78.0
625.0,0.030630111694335938,0.0,0.985,False,79.0
125.0,0.03297901153564453,0.0,0.985,False,79.0
25.0,0.030081987380981445,0.0,0.985,False,79.0
5.0,0.031241178512573242,0.0,0.985,False,79.0
1.0,0.030086994171142578,0.0,0.989,False,79.0
0.2,0.029765844345092773,0.0,0.99,False,79.0
0.04,0.030791044235229492,0.0,0.988,False,79.0
0.008,0.031466007232666016,0.0,0.988,False,79.0
0.0016,0.031097888946533203,0.0,0.987,False,79.0
625.0,0.03020310401916504,0.0,0.983,False,80.0
125.0,0.0291140079498291,0.0,0.983,False,80.0
25.0,0.02932000160217285,0.0,0.983,False,80.0
5.0,0.03201794624328613,0.0,0.983,False,80.0
1.0,0.028605937957763672,0.0,0.983,False,80.0
0.2,0.030849933624267578,0.0,0.984,False,80.0
0.04,0.029803037643432617,0.0,0.983,False,80.0
0.008,0.03265094757080078,0.0,0.983,False,80.0
0.0016,0.030457019805908203,0.0,0.986,False,80.0
625.0,0.030267953872680664,0.0,0.967,False,81.0
125.0,0.027872800827026367,0.0,0.967,False,81.0
25.0,0.03006291389465332,0.0,0.967,False,81.0
5.0,0.031751155853271484,0.0,0.967,False,81.0
1.0,0.03154778480529785,0.0,0.978,False,81.0
0.2,0.029597997665405273,0.0,0.973,False,81.0
0.04,0.030137062072753906,0.0,0.986,False,81.0
0.008,0.029433012008666992,0.0,0.986,False,81.0
0.0016,0.02968597412109375,0.0,0.987,False,81.0
625.0,0.028585195541381836,0.0,0.983,False,82.0
125.0,0.032482147216796875,0.0,0.983,False,82.0
25.0,0.028701066970825195,0.0,0.983,False,82.0
5.0,0.031177043914794922,0.0,0.983,False,82.0
1.0,0.0322260856628418,0.0,0.977,False,82.0
0.2,0.030302047729492188,0.0,0.979,False,82.0
0.04,0.029651165008544922,0.0,0.979,False,82.0
0.008,0.02930307388305664,0.0,0.982,False,82.0
0.0016,0.030575037002563477,0.0,0.972,False,82.0
625.0,0.028410911560058594,0.0,0.975,False,83.0
125.0,0.030224084854125977,0.0,0.975,False,83.0
25.0,0.03094315528869629,0.0,0.975,False,83.0
5.0,0.030544042587280273,0.0,0.976,False,83.0
1.0,0.03212285041809082,0.0,0.977,False,83.0
0.2,0.03066110610961914,0.0,0.977,False,83.0
0.04,0.029353857040405273,0.0,0.974,False,83.0
0.008,0.02908802032470703,0.0,0.976,False,83.0
0.0016,0.03106403350830078,0.0,0.974,False,83.0
625.0,0.03006911277770996,0.0,0.981,False,84.0
125.0,0.031471967697143555,0.0,0.981,False,84.0
25.0,0.02965688705444336,0.0,0.981,False,84.0
5.0,0.03203916549682617,0.0,0.981,False,84.0
1.0,0.03102397918701172,0.0,0.981,False,84.0
0.2,0.03141307830810547,0.0,0.979,False,84.0
0.04,0.028872013092041016,0.0,0.981,False,84.0
0.008,0.030279874801635742,0.0,0.982,False,84.0
0.0016,0.029284954071044922,0.0,0.982,False,84.0
625.0,0.031054973602294922,0.0,0.982,False,85.0
125.0,0.029484033584594727,0.0,0.982,False,85.0
25.0,0.029855012893676758,0.0,0.982,False,85.0
5.0,0.03159904479980469,0.0,0.986,False,85.0
1.0,0.029645919799804688,0.0,0.983,False,85.0
0.2,0.029460906982421875,0.0,0.984,False,85.0
0.04,0.028464078903198242,0.0,0.989,False,85.0
0.008,0.02883315086364746,0.0,0.981,False,85.0
0.0016,0.03221583366394043,0.0,0.988,False,85.0
625.0,0.032037973403930664,0.0,0.98,False,86.0
125.0,0.03236198425292969,0.0,0.98,False,86.0
25.0,0.03272700309753418,0.0,0.98,False,86.0
5.0,0.029635906219482422,0.0,0.98,False,86.0
1.0,0.03256106376647949,0.0,0.982,False,86.0
0.2,0.03233003616333008,0.0,0.983,False,86.0
0.04,0.03097701072692871,0.0,0.984,False,86.0
0.008,0.029662132263183594,0.0,0.981,False,86.0
0.0016,0.02901291847229004,0.0,0.982,False,86.0
625.0,0.030148029327392578,0.0,0.981,False,87.0
125.0,0.02956104278564453,0.0,0.981,False,87.0
25.0,0.028985977172851562,0.0,0.981,False,87.0
5.0,0.03179597854614258,0.0,0.981,False,87.0
1.0,0.031054973602294922,0.0,0.984,False,87.0
0.2,0.03133583068847656,0.0,0.984,False,87.0
0.04,0.03221607208251953,0.0,0.986,False,87.0
0.008,0.03185105323791504,0.0,0.985,False,87.0
0.0016,0.030598878860473633,0.0,0.986,False,87.0
625.0,0.032089948654174805,0.0,0.98,False,88.0
125.0,0.031016826629638672,0.0,0.98,False,88.0
25.0,0.029705047607421875,0.0,0.98,False,88.0
5.0,0.030236005783081055,0.0,0.98,False,88.0
1.0,0.03053903579711914,0.0,0.972,False,88.0
0.2,0.030562877655029297,0.0,0.969,False,88.0
0.04,0.03011012077331543,0.0,0.978,False,88.0
0.008,0.032907962799072266,0.0,0.981,False,88.0
0.0016,0.03037881851196289,0.0,0.981,False,88.0
625.0,0.03037405014038086,0.0,0.977,False,89.0
125.0,0.030781030654907227,0.0,0.977,False,89.0
25.0,0.0334780216217041,0.0,0.977,False,89.0
5.0,0.07137393951416016,0.0,0.977,False,89.0
1.0,0.032605886459350586,0.0,0.979,False,89.0
0.2,0.03038311004638672,0.0,0.98,False,89.0
0.04,0.030620098114013672,0.0,0.978,False,89.0
0.008,0.03241991996765137,0.0,0.978,False,89.0
0.0016,0.03234601020812988,0.0,0.976,False,89.0
625.0,0.031861066818237305,0.0,0.982,False,90.0
125.0,0.03073716163635254,0.0,0.982,False,90.0
25.0,0.03040289878845215,0.0,0.982,False,90.0
5.0,0.02952289581298828,0.0,0.982,False,90.0
1.0,0.03004908561706543,0.0,0.983,False,90.0
0.2,0.031193971633911133,0.0,0.986,False,90.0
0.04,0.03326988220214844,0.0,0.985,False,90.0
0.008,0.029635906219482422,0.0,0.983,False,90.0
0.0016,0.03127408027648926,0.0,0.981,False,90.0
625.0,0.02846813201904297,0.0,0.978,False,91.0
125.0,0.030643224716186523,0.0,0.978,False,91.0
25.0,0.03140592575073242,0.0,0.978,False,91.0
5.0,0.03263497352600098,0.0,0.978,False,91.0
1.0,0.06991410255432129,0.0,0.978,False,91.0
0.2,0.03196096420288086,0.0,0.978,False,91.0
0.04,0.034149169921875,0.0,0.972,False,91.0
0.008,0.03294706344604492,0.0,0.973,False,91.0
0.0016,0.03143906593322754,0.0,0.973,False,91.0
625.0,0.03451800346374512,0.0,0.985,False,92.0
125.0,0.032160043716430664,0.0,0.985,False,92.0
25.0,0.030581951141357422,0.0,0.985,False,92.0
5.0,0.031343936920166016,0.0,0.985,False,92.0
1.0,0.03289794921875,0.0,0.985,False,92.0
0.2,0.028599977493286133,0.0,0.983,False,92.0
0.04,0.02910590171813965,0.0,0.981,False,92.0
0.008,0.030943870544433594,0.0,0.979,False,92.0
0.0016,0.02958393096923828,0.0,0.981,False,92.0
625.0,0.033164024353027344,0.0,0.974,False,93.0
125.0,0.030007123947143555,0.0,0.974,False,93.0
25.0,0.030692100524902344,0.0,0.974,False,93.0
5.0,0.07128095626831055,0.0,0.974,False,93.0
1.0,0.03181195259094238,0.0,0.974,False,93.0
0.2,0.03172588348388672,0.0,0.976,False,93.0
0.04,0.03282809257507324,0.0,0.974,False,93.0
0.008,0.029753923416137695,0.0,0.975,False,93.0
0.0016,0.029165029525756836,0.0,0.979,False,93.0
625.0,0.03263688087463379,0.0,0.979,False,94.0
125.0,0.03335118293762207,0.0,0.979,False,94.0
25.0,0.03340411186218262,0.0,0.979,False,94.0
5.0,0.02904486656188965,0.0,0.981,False,94.0
1.0,0.030946969985961914,0.0,0.984,False,94.0
0.2,0.030447959899902344,0.0,0.979,False,94.0
0.04,0.030070066452026367,0.0,0.983,False,94.0
0.008,0.03387904167175293,0.0,0.982,False,94.0
0.0016,0.031710147857666016,0.0,0.984,False,94.0
625.0,0.03183293342590332,0.0,0.972,False,95.0
125.0,0.03246879577636719,0.0,0.972,False,95.0
25.0,0.032968997955322266,0.0,0.972,False,95.0
5.0,0.0334467887878418,0.0,0.972,False,95.0
1.0,0.03093886375427246,0.0,0.972,False,95.0
0.2,0.03154587745666504,0.0,0.971,False,95.0
0.04,0.030856847763061523,0.0,0.972,False,95.0
0.008,0.029397964477539062,0.0,0.971,False,95.0
0.0016,0.03063511848449707,0.0,0.97,False,95.0
625.0,0.032028913497924805,0.0,0.98,False,96.0
125.0,0.03172612190246582,0.0,0.98,False,96.0
25.0,0.029920101165771484,0.0,0.98,False,96.0
5.0,0.02980804443359375,0.0,0.98,False,96.0
1.0,0.032360076904296875,0.0,0.982,False,96.0
0.2,0.0314180850982666,0.0,0.988,False,96.0
0.04,0.0300290584564209,0.0,0.989,False,96.0
0.008,0.03045821189880371,0.0,0.992,False,96.0
0.0016,0.03053903579711914,0.0,0.987,False,96.0
625.0,0.03237509727478027,0.0,0.978,False,97.0
125.0,0.029618024826049805,0.0,0.978,False,97.0
25.0,0.03079700469970703,0.0,0.978,False,97.0
5.0,0.02896595001220703,0.0,0.982,False,97.0
1.0,0.031033039093017578,0.0,0.982,False,97.0
0.2,0.034046173095703125,0.0,0.982,False,97.0
0.04,0.030869007110595703,0.0,0.982,False,97.0
0.008,0.02924203872680664,0.0,0.0,False,97.0
0.0016,0.028828144073486328,0.0,0.983,False,97.0
625.0,0.02985692024230957,0.0,0.988,False,98.0
125.0,0.03272294998168945,0.0,0.988,False,98.0
25.0,0.0288388729095459,0.0,0.984,False,98.0
5.0,0.0301668643951416,0.0,0.986,False,98.0
1.0,0.029644012451171875,0.0,0.987,False,98.0
0.2,0.02965998649597168,0.0,0.986,False,98.0
0.04,0.032843828201293945,0.0,0.987,False,98.0
0.008,0.030764102935791016,0.0,0.991,False,98.0
0.0016,0.03645205497741699,0.0,0.985,False,98.0
625.0,0.03029918670654297,0.0,0.979,False,99.0
125.0,0.030336856842041016,0.0,0.979,False,99.0
25.0,0.030346155166625977,0.0,0.979,False,99.0
5.0,0.03097081184387207,0.0,0.979,False,99.0
1.0,0.029970884323120117,0.0,0.979,False,99.0
0.2,0.028783082962036133,0.0,0.982,False,99.0
0.04,0.03231191635131836,0.0,0.98,False,99.0
0.008,0.03049302101135254,0.0,0.977,False,99.0
0.0016,0.03237485885620117,0.0,0.98,False,99.0
625.0,0.034069061279296875,0.01,0.98,False,0.0
125.0,0.03226613998413086,0.01,0.98,False,0.0
25.0,0.0353240966796875,0.01,0.98,False,0.0
5.0,0.03341507911682129,0.01,0.98,False,0.0
1.0,0.0334320068359375,0.01,0.971,False,0.0
0.2,0.033905982971191406,0.01,0.98,False,0.0
0.04,0.0369570255279541,0.01,0.979,False,0.0
0.008,0.032998085021972656,0.01,0.981,False,0.0
0.0016,0.03439188003540039,0.01,0.982,False,0.0
625.0,0.03406810760498047,0.01,0.974,False,1.0
125.0,0.032917022705078125,0.01,0.974,False,1.0
25.0,0.033905982971191406,0.01,0.974,False,1.0
5.0,0.03259682655334473,0.01,0.974,False,1.0
1.0,0.03173089027404785,0.01,0.974,False,1.0
0.2,0.03410506248474121,0.01,0.974,False,1.0
0.04,0.035772085189819336,0.01,0.976,False,1.0
0.008,0.031748056411743164,0.01,0.977,False,1.0
0.0016,0.03317999839782715,0.01,0.978,False,1.0
625.0,0.03416800498962402,0.01,0.979,False,2.0
125.0,0.032766103744506836,0.01,0.979,False,2.0
25.0,0.03494691848754883,0.01,0.979,False,2.0
5.0,0.03555583953857422,0.01,0.979,False,2.0
1.0,0.03713178634643555,0.01,0.982,False,2.0
0.2,0.03839683532714844,0.01,0.982,False,2.0
0.04,0.03351283073425293,0.01,0.981,False,2.0
0.008,0.03518795967102051,0.01,0.978,False,2.0
0.0016,0.03218412399291992,0.01,0.981,False,2.0
625.0,0.037194013595581055,0.01,0.979,False,3.0
125.0,0.035531044006347656,0.01,0.979,False,3.0
25.0,0.033833980560302734,0.01,0.979,False,3.0
5.0,0.032531023025512695,0.01,0.98,False,3.0
1.0,0.032308101654052734,0.01,0.98,False,3.0
0.2,0.03369402885437012,0.01,0.984,False,3.0
0.04,0.0321040153503418,0.01,0.981,False,3.0
0.008,0.031116962432861328,0.01,0.977,False,3.0
0.0016,0.03072810173034668,0.01,0.977,False,3.0
625.0,0.03552412986755371,0.01,0.972,False,4.0
125.0,0.032807111740112305,0.01,0.972,False,4.0
25.0,0.03135108947753906,0.01,0.98,False,4.0
5.0,0.03191804885864258,0.01,0.983,False,4.0
1.0,0.03426790237426758,0.01,0.985,False,4.0
0.2,0.03391385078430176,0.01,0.984,False,4.0
0.04,0.031019926071166992,0.01,0.985,False,4.0
0.008,0.0347900390625,0.01,0.983,False,4.0
0.0016,0.03449106216430664,0.01,0.978,False,4.0
625.0,0.029752016067504883,0.01,0.981,False,5.0
125.0,0.03142499923706055,0.01,0.981,False,5.0
25.0,0.030427217483520508,0.01,0.981,False,5.0
5.0,0.029422998428344727,0.01,0.981,False,5.0
1.0,0.030055999755859375,0.01,0.981,False,5.0
0.2,0.03100895881652832,0.01,0.978,False,5.0
0.04,0.029057025909423828,0.01,0.978,False,5.0
0.008,0.030087947845458984,0.01,0.981,False,5.0
0.0016,0.031195878982543945,0.01,0.98,False,5.0
625.0,0.03695392608642578,0.01,0.956,False,6.0
125.0,0.03236985206604004,0.01,0.956,False,6.0
25.0,0.03199911117553711,0.01,0.956,False,6.0
5.0,0.03115987777709961,0.01,0.957,False,6.0
1.0,0.03319883346557617,0.01,0.971,False,6.0
0.2,0.03080606460571289,0.01,0.978,False,6.0
0.04,0.03279709815979004,0.01,0.977,False,6.0
0.008,0.02970600128173828,0.01,0.983,False,6.0
0.0016,0.033711910247802734,0.01,0.988,False,6.0
625.0,0.030703067779541016,0.01,0.985,False,7.0
125.0,0.031761884689331055,0.01,0.985,False,7.0
25.0,0.03330111503601074,0.01,0.985,False,7.0
5.0,0.03256392478942871,0.01,0.985,False,7.0
1.0,0.03061699867248535,0.01,0.987,False,7.0
0.2,0.03528404235839844,0.01,0.978,False,7.0
0.04,0.032794952392578125,0.01,0.978,False,7.0
0.008,0.06918692588806152,0.01,0.983,False,7.0
0.0016,0.03683805465698242,0.01,0.981,False,7.0
625.0,0.03267407417297363,0.01,0.979,False,8.0
125.0,0.03236985206604004,0.01,0.979,False,8.0
25.0,0.03276205062866211,0.01,0.979,False,8.0
5.0,0.033468008041381836,0.01,0.979,False,8.0
1.0,0.0321199893951416,0.01,0.981,False,8.0
0.2,0.03316783905029297,0.01,0.983,False,8.0
0.04,0.032557010650634766,0.01,0.982,False,8.0
0.008,0.032344818115234375,0.01,0.983,False,8.0
0.0016,0.031038999557495117,0.01,0.982,False,8.0
625.0,0.032011985778808594,0.01,0.978,False,9.0
125.0,0.030682086944580078,0.01,0.978,False,9.0
25.0,0.0315861701965332,0.01,0.978,False,9.0
5.0,0.06761407852172852,0.01,0.978,False,9.0
1.0,0.03382515907287598,0.01,0.978,False,9.0
0.2,0.034175872802734375,0.01,0.977,False,9.0
0.04,0.031183958053588867,0.01,0.98,False,9.0
0.008,0.03290605545043945,0.01,0.983,False,9.0
0.0016,0.03394794464111328,0.01,0.978,False,9.0
625.0,0.032614946365356445,0.01,0.971,False,10.0
125.0,0.03539609909057617,0.01,0.971,False,10.0
25.0,0.03274202346801758,0.01,0.971,False,10.0
5.0,0.03226613998413086,0.01,0.971,False,10.0
1.0,0.032102108001708984,0.01,0.976,False,10.0
0.2,0.031588077545166016,0.01,0.982,False,10.0
0.04,0.03571319580078125,0.01,0.987,False,10.0
0.008,0.03155684471130371,0.01,0.989,False,10.0
0.0016,0.030525922775268555,0.01,0.989,False,10.0
625.0,0.03342795372009277,0.01,0.933,False,11.0
125.0,0.030943870544433594,0.01,0.933,False,11.0
25.0,0.03165721893310547,0.01,0.933,False,11.0
5.0,0.03050684928894043,0.01,0.934,False,11.0
1.0,0.031035900115966797,0.01,0.931,False,11.0
0.2,0.031321048736572266,0.01,0.939,False,11.0
0.04,0.031289100646972656,0.01,0.974,False,11.0
0.008,0.03371119499206543,0.01,0.973,False,11.0
0.0016,0.0325469970703125,0.01,0.97,False,11.0
625.0,0.03134012222290039,0.01,0.969,False,12.0
125.0,0.0305938720703125,0.01,0.969,False,12.0
25.0,0.03558492660522461,0.01,0.969,False,12.0
5.0,0.03368711471557617,0.01,0.969,False,12.0
1.0,0.03355598449707031,0.01,0.969,False,12.0
0.2,0.03624391555786133,0.01,0.969,False,12.0
0.04,0.03352499008178711,0.01,0.975,False,12.0
0.008,0.03412008285522461,0.01,0.98,False,12.0
0.0016,0.03482413291931152,0.01,0.979,False,12.0
625.0,0.03572416305541992,0.01,0.97,False,13.0
125.0,0.03346610069274902,0.01,0.97,False,13.0
25.0,0.0347599983215332,0.01,0.97,False,13.0
5.0,0.03598809242248535,0.01,0.974,False,13.0
1.0,0.0329129695892334,0.01,0.97,False,13.0
0.2,0.032531023025512695,0.01,0.987,False,13.0
0.04,0.03482317924499512,0.01,0.978,False,13.0
0.008,0.03306102752685547,0.01,0.98,False,13.0
0.0016,0.08541297912597656,0.01,0.0,False,13.0
625.0,0.030625104904174805,0.01,0.973,False,14.0
125.0,0.030419111251831055,0.01,0.973,False,14.0
25.0,0.031119108200073242,0.01,0.973,False,14.0
5.0,0.028729915618896484,0.01,0.973,False,14.0
1.0,0.029391050338745117,0.01,0.974,False,14.0
0.2,0.03503704071044922,0.01,0.969,False,14.0
0.04,0.031603097915649414,0.01,0.969,False,14.0
0.008,0.031545162200927734,0.01,0.966,False,14.0
0.0016,0.03203606605529785,0.01,0.0,False,14.0
625.0,0.03325700759887695,0.01,0.977,False,15.0
125.0,0.03597211837768555,0.01,0.977,False,15.0
25.0,0.034538984298706055,0.01,0.977,False,15.0
5.0,0.03263998031616211,0.01,0.977,False,15.0
1.0,0.03274989128112793,0.01,0.982,False,15.0
0.2,0.03293800354003906,0.01,0.978,False,15.0
0.04,0.0327451229095459,0.01,0.983,False,15.0
0.008,0.03400897979736328,0.01,0.985,False,15.0
0.0016,0.03133201599121094,0.01,0.984,False,15.0
625.0,0.035929203033447266,0.01,0.972,False,16.0
125.0,0.03448915481567383,0.01,0.972,False,16.0
25.0,0.03585004806518555,0.01,0.973,False,16.0
5.0,0.0328218936920166,0.01,0.97,False,16.0
1.0,0.03471016883850098,0.01,0.967,False,16.0
0.2,0.03573107719421387,0.01,0.97,False,16.0
0.04,0.0359799861907959,0.01,0.978,False,16.0
0.008,0.03122687339782715,0.01,0.978,False,16.0
0.0016,0.03744316101074219,0.01,0.98,False,16.0
625.0,0.03240323066711426,0.01,0.978,False,17.0
125.0,0.03325200080871582,0.01,0.978,False,17.0
25.0,0.033300161361694336,0.01,0.978,False,17.0
5.0,0.03573012351989746,0.01,0.98,False,17.0
1.0,0.032263994216918945,0.01,0.984,False,17.0
0.2,0.03130507469177246,0.01,0.989,False,17.0
0.04,0.034448862075805664,0.01,0.989,False,17.0
0.008,0.03477001190185547,0.01,0.987,False,17.0
0.0016,0.030694007873535156,0.01,0.988,False,17.0
625.0,0.03178882598876953,0.01,0.988,False,18.0
125.0,0.030027151107788086,0.01,0.988,False,18.0
25.0,0.030318021774291992,0.01,0.988,False,18.0
5.0,0.03330397605895996,0.01,0.988,False,18.0
1.0,0.035025835037231445,0.01,0.985,False,18.0
0.2,0.030954837799072266,0.01,0.985,False,18.0
0.04,0.03112316131591797,0.01,0.985,False,18.0
0.008,0.03279590606689453,0.01,0.988,False,18.0
0.0016,0.036544084548950195,0.01,0.986,False,18.0
625.0,0.035323143005371094,0.01,0.959,False,19.0
125.0,0.03307008743286133,0.01,0.959,False,19.0
25.0,0.0396420955657959,0.01,0.959,False,19.0
5.0,0.03390192985534668,0.01,0.959,False,19.0
1.0,0.03862404823303223,0.01,0.949,False,19.0
0.2,0.0348968505859375,0.01,0.975,False,19.0
0.04,0.030791044235229492,0.01,0.979,False,19.0
0.008,0.03196978569030762,0.01,0.979,False,19.0
0.0016,0.03113412857055664,0.01,0.975,False,19.0
625.0,0.03467297554016113,0.01,0.989,False,20.0
125.0,0.035910844802856445,0.01,0.989,False,20.0
25.0,0.037262916564941406,0.01,0.989,False,20.0
5.0,0.03296494483947754,0.01,0.989,False,20.0
1.0,0.030975818634033203,0.01,0.988,False,20.0
0.2,0.032145023345947266,0.01,0.986,False,20.0
0.04,0.03393292427062988,0.01,0.986,False,20.0
0.008,0.033766984939575195,0.01,0.987,False,20.0
0.0016,0.03129911422729492,0.01,0.988,False,20.0
625.0,0.0344080924987793,0.01,0.968,False,21.0
125.0,0.031855106353759766,0.01,0.968,False,21.0
25.0,0.032196998596191406,0.01,0.968,False,21.0
5.0,0.03130483627319336,0.01,0.968,False,21.0
1.0,0.03606700897216797,0.01,0.97,False,21.0
0.2,0.03581500053405762,0.01,0.972,False,21.0
0.04,0.03477811813354492,0.01,0.974,False,21.0
0.008,0.03317379951477051,0.01,0.972,False,21.0
0.0016,0.035256147384643555,0.01,0.984,False,21.0
625.0,0.029006004333496094,0.01,0.978,False,22.0
125.0,0.03043508529663086,0.01,0.978,False,22.0
25.0,0.030414104461669922,0.01,0.978,False,22.0
5.0,0.02883291244506836,0.01,0.982,False,22.0
1.0,0.02938699722290039,0.01,0.976,False,22.0
0.2,0.030083894729614258,0.01,0.97,False,22.0
0.04,0.031137943267822266,0.01,0.979,False,22.0
0.008,0.032106876373291016,0.01,0.977,False,22.0
0.0016,0.03431510925292969,0.01,0.0,False,22.0
625.0,0.03490090370178223,0.01,0.972,False,23.0
125.0,0.03520488739013672,0.01,0.972,False,23.0
25.0,0.031024932861328125,0.01,0.972,False,23.0
5.0,0.03222799301147461,0.01,0.972,False,23.0
1.0,0.03507399559020996,0.01,0.972,False,23.0
0.2,0.03259587287902832,0.01,0.979,False,23.0
0.04,0.03680610656738281,0.01,0.979,False,23.0
0.008,0.030462026596069336,0.01,0.979,False,23.0
0.0016,0.04053902626037598,0.01,0.98,False,23.0
625.0,0.03459596633911133,0.01,0.981,False,24.0
125.0,0.03351902961730957,0.01,0.981,False,24.0
25.0,0.03520011901855469,0.01,0.981,False,24.0
5.0,0.03159189224243164,0.01,0.981,False,24.0
1.0,0.033682823181152344,0.01,0.98,False,24.0
0.2,0.029654979705810547,0.01,0.979,False,24.0
0.04,0.03238105773925781,0.01,0.981,False,24.0
0.008,0.035881996154785156,0.01,0.985,False,24.0
0.0016,0.0314328670501709,0.01,0.983,False,24.0
625.0,0.03372907638549805,0.01,0.951,False,25.0
125.0,0.030035018920898438,0.01,0.951,False,25.0
25.0,0.03332805633544922,0.01,0.951,False,25.0
5.0,0.03365182876586914,0.01,0.951,False,25.0
1.0,0.03588986396789551,0.01,0.948,False,25.0
0.2,0.03412318229675293,0.01,0.951,False,25.0
0.04,0.031038999557495117,0.01,0.945,False,25.0
0.008,0.034329891204833984,0.01,0.96,False,25.0
0.0016,0.03236985206604004,0.01,0.987,False,25.0
625.0,0.03129911422729492,0.01,0.982,False,26.0
125.0,0.030959129333496094,0.01,0.982,False,26.0
25.0,0.030176877975463867,0.01,0.982,False,26.0
5.0,0.03242993354797363,0.01,0.986,False,26.0
1.0,0.03240203857421875,0.01,0.986,False,26.0
0.2,0.032423973083496094,0.01,0.983,False,26.0
0.04,0.03104114532470703,0.01,0.979,False,26.0
0.008,0.02914714813232422,0.01,0.986,False,26.0
0.0016,0.03196310997009277,0.01,0.985,False,26.0
625.0,0.03252291679382324,0.01,0.982,False,27.0
125.0,0.03404092788696289,0.01,0.982,False,27.0
25.0,0.0322871208190918,0.01,0.982,False,27.0
5.0,0.032804012298583984,0.01,0.982,False,27.0
1.0,0.03146195411682129,0.01,0.984,False,27.0
0.2,0.03131294250488281,0.01,0.985,False,27.0
0.04,0.037200927734375,0.01,0.985,False,27.0
0.008,0.03696799278259277,0.01,0.98,False,27.0
0.0016,0.030846118927001953,0.01,0.986,False,27.0
625.0,0.032243967056274414,0.01,0.957,False,28.0
125.0,0.031060218811035156,0.01,0.957,False,28.0
25.0,0.03445291519165039,0.01,0.957,False,28.0
5.0,0.03338813781738281,0.01,0.957,False,28.0
1.0,0.03516888618469238,0.01,0.974,False,28.0
0.2,0.03402090072631836,0.01,0.975,False,28.0
0.04,0.030569076538085938,0.01,0.975,False,28.0
0.008,0.031078815460205078,0.01,0.981,False,28.0
0.0016,0.033721208572387695,0.01,0.98,False,28.0
625.0,0.031016826629638672,0.01,0.943,False,29.0
125.0,0.034326791763305664,0.01,0.943,False,29.0
25.0,0.03139090538024902,0.01,0.942,False,29.0
5.0,0.031607866287231445,0.01,0.947,False,29.0
1.0,0.03253793716430664,0.01,0.941,False,29.0
0.2,0.03305697441101074,0.01,0.94,False,29.0
0.04,0.03120112419128418,0.01,0.977,False,29.0
0.008,0.031545162200927734,0.01,0.981,False,29.0
0.0016,0.02971506118774414,0.01,0.0,False,29.0
625.0,0.03514814376831055,0.01,0.978,False,30.0
125.0,0.035028934478759766,0.01,0.978,False,30.0
25.0,0.036183834075927734,0.01,0.978,False,30.0
5.0,0.03638601303100586,0.01,0.978,False,30.0
1.0,0.032663822174072266,0.01,0.978,False,30.0
0.2,0.0339200496673584,0.01,0.976,False,30.0
0.04,0.032418012619018555,0.01,0.977,False,30.0
0.008,0.034043073654174805,0.01,0.979,False,30.0
0.0016,0.03509211540222168,0.01,0.975,False,30.0
625.0,0.03292107582092285,0.01,0.984,False,31.0
125.0,0.035717010498046875,0.01,0.984,False,31.0
25.0,0.032234907150268555,0.01,0.988,False,31.0
5.0,0.03311491012573242,0.01,0.993,False,31.0
1.0,0.03460216522216797,0.01,0.984,False,31.0
0.2,0.030447006225585938,0.01,0.987,False,31.0
0.04,0.03051304817199707,0.01,0.987,False,31.0
0.008,0.033432960510253906,0.01,0.988,False,31.0
0.0016,0.03086686134338379,0.01,0.99,False,31.0
625.0,0.0328829288482666,0.01,0.967,False,32.0
125.0,0.03370404243469238,0.01,0.967,False,32.0
25.0,0.033020973205566406,0.01,0.967,False,32.0
5.0,0.03481602668762207,0.01,0.967,False,32.0
1.0,0.03777003288269043,0.01,0.967,False,32.0
0.2,0.03371596336364746,0.01,0.965,False,32.0
0.04,0.033844947814941406,0.01,0.966,False,32.0
0.008,0.035156965255737305,0.01,0.974,False,32.0
0.0016,0.031675100326538086,0.01,0.973,False,32.0
625.0,0.03211188316345215,0.01,0.981,False,33.0
125.0,0.034336090087890625,0.01,0.981,False,33.0
25.0,0.03231000900268555,0.01,0.981,False,33.0
5.0,0.03378009796142578,0.01,0.98,False,33.0
1.0,0.03351902961730957,0.01,0.983,False,33.0
0.2,0.03287005424499512,0.01,0.984,False,33.0
0.04,0.03075098991394043,0.01,0.984,False,33.0
0.008,0.03627920150756836,0.01,0.984,False,33.0
0.0016,0.03667497634887695,0.01,0.985,False,33.0
625.0,0.029913902282714844,0.01,0.969,False,34.0
125.0,0.028747081756591797,0.01,0.969,False,34.0
25.0,0.06543111801147461,0.01,0.969,False,34.0
5.0,0.029880046844482422,0.01,0.969,False,34.0
1.0,0.0309600830078125,0.01,0.969,False,34.0
0.2,0.031221866607666016,0.01,0.966,False,34.0
0.04,0.030629873275756836,0.01,0.966,False,34.0
0.008,0.030292034149169922,0.01,0.971,False,34.0
0.0016,0.030604839324951172,0.01,0.977,False,34.0
625.0,0.034593820571899414,0.01,0.966,False,35.0
125.0,0.035279035568237305,0.01,0.966,False,35.0
25.0,0.039505958557128906,0.01,0.966,False,35.0
5.0,0.03437399864196777,0.01,0.966,False,35.0
1.0,0.0345611572265625,0.01,0.977,False,35.0
0.2,0.03209400177001953,0.01,0.981,False,35.0
0.04,0.0342411994934082,0.01,0.986,False,35.0
0.008,0.0325319766998291,0.01,0.984,False,35.0
0.0016,0.03786301612854004,0.01,0.978,False,35.0
625.0,0.032486915588378906,0.01,0.978,False,36.0
125.0,0.03212714195251465,0.01,0.978,False,36.0
25.0,0.030431032180786133,0.01,0.978,False,36.0
5.0,0.032972097396850586,0.01,0.978,False,36.0
1.0,0.03294086456298828,0.01,0.979,False,36.0
0.2,0.03040599822998047,0.01,0.977,False,36.0
0.04,0.031135082244873047,0.01,0.977,False,36.0
0.008,0.03390908241271973,0.01,0.98,False,36.0
0.0016,0.03332209587097168,0.01,0.979,False,36.0
625.0,0.03510403633117676,0.01,0.976,False,37.0
125.0,0.032862186431884766,0.01,0.976,False,37.0
25.0,0.034152984619140625,0.01,0.963,False,37.0
5.0,0.03409099578857422,0.01,0.963,False,37.0
1.0,0.035138845443725586,0.01,0.976,False,37.0
0.2,0.03460884094238281,0.01,0.978,False,37.0
0.04,0.0312650203704834,0.01,0.978,False,37.0
0.008,0.032351016998291016,0.01,0.976,False,37.0
0.0016,0.031716108322143555,0.01,0.969,False,37.0
625.0,0.03081202507019043,0.01,0.965,False,38.0
125.0,0.02845311164855957,0.01,0.965,False,38.0
25.0,0.030791044235229492,0.01,0.965,False,38.0
5.0,0.029150009155273438,0.01,0.965,False,38.0
1.0,0.03081512451171875,0.01,0.971,False,38.0
0.2,0.030382156372070312,0.01,0.972,False,38.0
0.04,0.03485894203186035,0.01,0.968,False,38.0
0.008,0.0292508602142334,0.01,0.978,False,38.0
0.0016,0.03006911277770996,0.01,0.977,False,38.0
625.0,0.03282594680786133,0.01,0.978,False,39.0
125.0,0.03293585777282715,0.01,0.978,False,39.0
25.0,0.03249502182006836,0.01,0.978,False,39.0
5.0,0.03306984901428223,0.01,0.978,False,39.0
1.0,0.03408694267272949,0.01,0.978,False,39.0
0.2,0.031239032745361328,0.01,0.973,False,39.0
0.04,0.03202509880065918,0.01,0.972,False,39.0
0.008,0.03582000732421875,0.01,0.978,False,39.0
0.0016,0.0323491096496582,0.01,0.977,False,39.0
625.0,0.033091068267822266,0.01,0.98,False,40.0
125.0,0.031408071517944336,0.01,0.98,False,40.0
25.0,0.03663015365600586,0.01,0.98,False,40.0
5.0,0.03179001808166504,0.01,0.98,False,40.0
1.0,0.032366037368774414,0.01,0.98,False,40.0
0.2,0.03613018989562988,0.01,0.979,False,40.0
0.04,0.03376412391662598,0.01,0.979,False,40.0
0.008,0.03255295753479004,0.01,0.983,False,40.0
0.0016,0.030871868133544922,0.01,0.98,False,40.0
625.0,0.03223013877868652,0.01,0.981,False,41.0
125.0,0.03206992149353027,0.01,0.981,False,41.0
25.0,0.031658172607421875,0.01,0.981,False,41.0
5.0,0.031488895416259766,0.01,0.981,False,41.0
1.0,0.032464027404785156,0.01,0.985,False,41.0
0.2,0.03221011161804199,0.01,0.984,False,41.0
0.04,0.033033132553100586,0.01,0.983,False,41.0
0.008,0.03201103210449219,0.01,0.983,False,41.0
0.0016,0.03038811683654785,0.01,0.979,False,41.0
625.0,0.030523061752319336,0.01,0.974,False,42.0
125.0,0.03257012367248535,0.01,0.974,False,42.0
25.0,0.030445098876953125,0.01,0.974,False,42.0
5.0,0.034895896911621094,0.01,0.974,False,42.0
1.0,0.03043198585510254,0.01,0.983,False,42.0
0.2,0.03277707099914551,0.01,0.99,False,42.0
0.04,0.03209400177001953,0.01,0.989,False,42.0
0.008,0.0339200496673584,0.01,0.989,False,42.0
0.0016,0.031157970428466797,0.01,0.989,False,42.0
625.0,0.03186488151550293,0.01,0.986,False,43.0
125.0,0.03123307228088379,0.01,0.986,False,43.0
25.0,0.033670902252197266,0.01,0.986,False,43.0
5.0,0.032731056213378906,0.01,0.986,False,43.0
1.0,0.03281688690185547,0.01,0.991,False,43.0
0.2,0.031090974807739258,0.01,0.993,False,43.0
0.04,0.03011798858642578,0.01,0.988,False,43.0
0.008,0.034451961517333984,0.01,0.991,False,43.0
0.0016,0.034416913986206055,0.01,0.992,False,43.0
625.0,0.032257080078125,0.01,0.985,False,44.0
125.0,0.034861087799072266,0.01,0.985,False,44.0
25.0,0.03309512138366699,0.01,0.985,False,44.0
5.0,0.03196406364440918,0.01,0.985,False,44.0
1.0,0.034544944763183594,0.01,0.986,False,44.0
0.2,0.03206896781921387,0.01,0.984,False,44.0
0.04,0.031729936599731445,0.01,0.982,False,44.0
0.008,0.035063982009887695,0.01,0.977,False,44.0
0.0016,0.031298160552978516,0.01,0.972,False,44.0
625.0,0.030387163162231445,0.01,0.956,False,45.0
125.0,0.032330989837646484,0.01,0.956,False,45.0
25.0,0.03138399124145508,0.01,0.956,False,45.0
5.0,0.031177997589111328,0.01,0.961,False,45.0
1.0,0.03291511535644531,0.01,0.975,False,45.0
0.2,0.031124114990234375,0.01,0.985,False,45.0
0.04,0.03244805335998535,0.01,0.977,False,45.0
0.008,0.035475969314575195,0.01,0.979,False,45.0
0.0016,0.03455996513366699,0.01,0.968,False,45.0
625.0,0.031555891036987305,0.01,0.982,False,46.0
125.0,0.03049302101135254,0.01,0.982,False,46.0
25.0,0.032653093338012695,0.01,0.982,False,46.0
5.0,0.036070823669433594,0.01,0.982,False,46.0
1.0,0.031177997589111328,0.01,0.982,False,46.0
0.2,0.037505149841308594,0.01,0.98,False,46.0
0.04,0.03516197204589844,0.01,0.982,False,46.0
0.008,0.03410911560058594,0.01,0.984,False,46.0
0.0016,0.035436153411865234,0.01,0.984,False,46.0
625.0,0.03326892852783203,0.01,0.982,False,47.0
125.0,0.03190898895263672,0.01,0.982,False,47.0
25.0,0.032861948013305664,0.01,0.982,False,47.0
5.0,0.03495311737060547,0.01,0.982,False,47.0
1.0,0.030964136123657227,0.01,0.98,False,47.0
0.2,0.032823801040649414,0.01,0.978,False,47.0
0.04,0.03268003463745117,0.01,0.982,False,47.0
0.008,0.034439802169799805,0.01,0.981,False,47.0
0.0016,0.037014007568359375,0.01,0.981,False,47.0
625.0,0.03213691711425781,0.01,0.97,False,48.0
125.0,0.030215024948120117,0.01,0.97,False,48.0
25.0,0.03385496139526367,0.01,0.97,False,48.0
5.0,0.03227996826171875,0.01,0.973,False,48.0
1.0,0.03178286552429199,0.01,0.979,False,48.0
0.2,0.034375905990600586,0.01,0.985,False,48.0
0.04,0.03575301170349121,0.01,0.981,False,48.0
0.008,0.03255486488342285,0.01,0.987,False,48.0
0.0016,0.03473997116088867,0.01,0.985,False,48.0
625.0,0.03107595443725586,0.01,0.983,False,49.0
125.0,0.03462505340576172,0.01,0.983,False,49.0
25.0,0.032853126525878906,0.01,0.983,False,49.0
5.0,0.033293962478637695,0.01,0.983,False,49.0
1.0,0.033818960189819336,0.01,0.983,False,49.0
0.2,0.03486895561218262,0.01,0.982,False,49.0
0.04,0.03180503845214844,0.01,0.986,False,49.0
0.008,0.033521175384521484,0.01,0.982,False,49.0
0.0016,0.03140902519226074,0.01,0.982,False,49.0
625.0,0.033442020416259766,0.01,0.978,False,50.0
125.0,0.03250312805175781,0.01,0.978,False,50.0
25.0,0.033128976821899414,0.01,0.978,False,50.0
5.0,0.03175210952758789,0.01,0.978,False,50.0
1.0,0.032955169677734375,0.01,0.978,False,50.0
0.2,0.03196215629577637,0.01,0.98,False,50.0
0.04,0.033239126205444336,0.01,0.976,False,50.0
0.008,0.03255796432495117,0.01,0.985,False,50.0
0.0016,0.03564882278442383,0.01,0.985,False,50.0
625.0,0.03319716453552246,0.01,0.976,False,51.0
125.0,0.03455519676208496,0.01,0.976,False,51.0
25.0,0.03188896179199219,0.01,0.976,False,51.0
5.0,0.034538984298706055,0.01,0.976,False,51.0
1.0,0.03109288215637207,0.01,0.982,False,51.0
0.2,0.031136035919189453,0.01,0.984,False,51.0
0.04,0.03522896766662598,0.01,0.987,False,51.0
0.008,0.08077692985534668,0.01,0.0,False,51.0
0.0016,0.034140825271606445,0.01,0.983,False,51.0
625.0,0.03439521789550781,0.01,0.977,False,52.0
125.0,0.03596305847167969,0.01,0.977,False,52.0
25.0,0.03281092643737793,0.01,0.977,False,52.0
5.0,0.033780813217163086,0.01,0.979,False,52.0
1.0,0.036483049392700195,0.01,0.978,False,52.0
0.2,0.031809091567993164,0.01,0.978,False,52.0
0.04,0.03342390060424805,0.01,0.976,False,52.0
0.008,0.030900001525878906,0.01,0.977,False,52.0
0.0016,0.031189918518066406,0.01,0.979,False,52.0
625.0,0.033045053482055664,0.01,0.98,False,53.0
125.0,0.03564095497131348,0.01,0.98,False,53.0
25.0,0.030889034271240234,0.01,0.98,False,53.0
5.0,0.03272414207458496,0.01,0.98,False,53.0
1.0,0.03516411781311035,0.01,0.975,False,53.0
0.2,0.033502817153930664,0.01,0.971,False,53.0
0.04,0.032682180404663086,0.01,0.971,False,53.0
0.008,0.032737016677856445,0.01,0.966,False,53.0
0.0016,0.03527498245239258,0.01,0.975,False,53.0
625.0,0.03371596336364746,0.01,0.981,False,54.0
125.0,0.0353851318359375,0.01,0.981,False,54.0
25.0,0.06708407402038574,0.01,0.981,False,54.0
5.0,0.03211808204650879,0.01,0.981,False,54.0
1.0,0.035108089447021484,0.01,0.981,False,54.0
0.2,0.030969858169555664,0.01,0.984,False,54.0
0.04,0.0336298942565918,0.01,0.981,False,54.0
0.008,0.03236198425292969,0.01,0.983,False,54.0
0.0016,0.030969858169555664,0.01,0.985,False,54.0
625.0,0.034281015396118164,0.01,0.988,False,55.0
125.0,0.03266406059265137,0.01,0.988,False,55.0
25.0,0.03226304054260254,0.01,0.988,False,55.0
5.0,0.03196120262145996,0.01,0.981,False,55.0
1.0,0.031327009201049805,0.01,0.979,False,55.0
0.2,0.036605119705200195,0.01,0.984,False,55.0
0.04,0.03249502182006836,0.01,0.985,False,55.0
0.008,0.031116008758544922,0.01,0.987,False,55.0
0.0016,0.03318905830383301,0.01,0.985,False,55.0
625.0,0.03321194648742676,0.01,0.951,False,56.0
125.0,0.033429861068725586,0.01,0.951,False,56.0
25.0,0.033570051193237305,0.01,0.951,False,56.0
5.0,0.032644033432006836,0.01,0.951,False,56.0
1.0,0.03317093849182129,0.01,0.95,False,56.0
0.2,0.03357291221618652,0.01,0.948,False,56.0
0.04,0.030510902404785156,0.01,0.949,False,56.0
0.008,0.03337383270263672,0.01,0.978,False,56.0
0.0016,0.03141498565673828,0.01,0.982,False,56.0
625.0,0.033113956451416016,0.01,0.975,False,57.0
125.0,0.03559422492980957,0.01,0.975,False,57.0
25.0,0.030949115753173828,0.01,0.975,False,57.0
5.0,0.0311429500579834,0.01,0.975,False,57.0
1.0,0.03187894821166992,0.01,0.975,False,57.0
0.2,0.03085803985595703,0.01,0.973,False,57.0
0.04,0.034998178482055664,0.01,0.973,False,57.0
0.008,0.03341102600097656,0.01,0.967,False,57.0
0.0016,0.031213045120239258,0.01,0.972,False,57.0
625.0,0.03360795974731445,0.01,0.966,False,58.0
125.0,0.032224178314208984,0.01,0.966,False,58.0
25.0,0.034982919692993164,0.01,0.966,False,58.0
5.0,0.03487396240234375,0.01,0.966,False,58.0
1.0,0.0330197811126709,0.01,0.971,False,58.0
0.2,0.03763890266418457,0.01,0.971,False,58.0
0.04,0.03622913360595703,0.01,0.969,False,58.0
0.008,0.030176162719726562,0.01,0.971,False,58.0
0.0016,0.08698415756225586,0.01,0.0,False,58.0
625.0,0.03492093086242676,0.01,0.97,False,59.0
125.0,0.0316469669342041,0.01,0.97,False,59.0
25.0,0.03338289260864258,0.01,0.973,False,59.0
5.0,0.032584190368652344,0.01,0.974,False,59.0
1.0,0.03673696517944336,0.01,0.977,False,59.0
0.2,0.03513288497924805,0.01,0.982,False,59.0
0.04,0.036396026611328125,0.01,0.981,False,59.0
0.008,0.03624582290649414,0.01,0.981,False,59.0
0.0016,0.03213906288146973,0.01,0.986,False,59.0
625.0,0.03614211082458496,0.01,0.948,False,60.0
125.0,0.03253793716430664,0.01,0.948,False,60.0
25.0,0.029881000518798828,0.01,0.948,False,60.0
5.0,0.03396201133728027,0.01,0.948,False,60.0
1.0,0.032050132751464844,0.01,0.948,False,60.0
0.2,0.02858591079711914,0.01,0.95,False,60.0
0.04,0.0314028263092041,0.01,0.948,False,60.0
0.008,0.0331270694732666,0.01,0.953,False,60.0
0.0016,0.031216144561767578,0.01,0.951,False,60.0
625.0,0.03383207321166992,0.01,0.964,False,61.0
125.0,0.035305023193359375,0.01,0.964,False,61.0
25.0,0.03466081619262695,0.01,0.964,False,61.0
5.0,0.035676002502441406,0.01,0.964,False,61.0
1.0,0.03547811508178711,0.01,0.972,False,61.0
0.2,0.03417611122131348,0.01,0.978,False,61.0
0.04,0.03538799285888672,0.01,0.981,False,61.0
0.008,0.03141307830810547,0.01,0.984,False,61.0
0.0016,0.031590938568115234,0.01,0.986,False,61.0
625.0,0.03237605094909668,0.01,0.979,False,62.0
125.0,0.03328514099121094,0.01,0.979,False,62.0
25.0,0.0358881950378418,0.01,0.979,False,62.0
5.0,0.032156944274902344,0.01,0.974,False,62.0
1.0,0.03391885757446289,0.01,0.972,False,62.0
0.2,0.03509688377380371,0.01,0.98,False,62.0
0.04,0.07281994819641113,0.01,0.988,False,62.0
0.008,0.0322728157043457,0.01,0.989,False,62.0
0.0016,0.03133106231689453,0.01,0.989,False,62.0
625.0,0.03049492835998535,0.01,0.988,False,63.0
125.0,0.03341197967529297,0.01,0.988,False,63.0
25.0,0.032525062561035156,0.01,0.988,False,63.0
5.0,0.029986143112182617,0.01,0.984,False,63.0
1.0,0.030488967895507812,0.01,0.989,False,63.0
0.2,0.028755903244018555,0.01,0.989,False,63.0
0.04,0.031087160110473633,0.01,0.984,False,63.0
0.008,0.030835866928100586,0.01,0.986,False,63.0
0.0016,0.029933929443359375,0.01,0.982,False,63.0
625.0,0.04027199745178223,0.01,0.916,False,64.0
125.0,0.03272294998168945,0.01,0.916,False,64.0
25.0,0.030614852905273438,0.01,0.916,False,64.0
5.0,0.03414607048034668,0.01,0.916,False,64.0
1.0,0.030020952224731445,0.01,0.915,False,64.0
0.2,0.03285622596740723,0.01,0.986,False,64.0
0.04,0.03376007080078125,0.01,0.981,False,64.0
0.008,0.0339658260345459,0.01,0.986,False,64.0
0.0016,0.03288984298706055,0.01,0.987,False,64.0
625.0,0.03316497802734375,0.01,0.98,False,65.0
125.0,0.0331730842590332,0.01,0.98,False,65.0
25.0,0.032943010330200195,0.01,0.98,False,65.0
5.0,0.03200793266296387,0.01,0.978,False,65.0
1.0,0.03237795829772949,0.01,0.975,False,65.0
0.2,0.03006911277770996,0.01,0.977,False,65.0
0.04,0.03284907341003418,0.01,0.973,False,65.0
0.008,0.032998085021972656,0.01,0.98,False,65.0
0.0016,0.03666996955871582,0.01,0.974,False,65.0
625.0,0.03491806983947754,0.01,0.972,False,66.0
125.0,0.03657698631286621,0.01,0.972,False,66.0
25.0,0.03316903114318848,0.01,0.972,False,66.0
5.0,0.0328068733215332,0.01,0.972,False,66.0
1.0,0.0351560115814209,0.01,0.975,False,66.0
0.2,0.031375885009765625,0.01,0.979,False,66.0
0.04,0.031110048294067383,0.01,0.978,False,66.0
0.008,0.03027796745300293,0.01,0.978,False,66.0
0.0016,0.03338909149169922,0.01,0.978,False,66.0
625.0,0.03371596336364746,0.01,0.979,False,67.0
125.0,0.0365297794342041,0.01,0.979,False,67.0
25.0,0.034732818603515625,0.01,0.979,False,67.0
5.0,0.03282594680786133,0.01,0.978,False,67.0
1.0,0.03185319900512695,0.01,0.977,False,67.0
0.2,0.03182411193847656,0.01,0.981,False,67.0
0.04,0.03434109687805176,0.01,0.982,False,67.0
0.008,0.03402304649353027,0.01,0.982,False,67.0
0.0016,0.03421497344970703,0.01,0.982,False,67.0
625.0,0.0334019660949707,0.01,0.98,False,68.0
125.0,0.03324103355407715,0.01,0.98,False,68.0
25.0,0.030941009521484375,0.01,0.98,False,68.0
5.0,0.03189706802368164,0.01,0.98,False,68.0
1.0,0.033225059509277344,0.01,0.98,False,68.0
0.2,0.03220486640930176,0.01,0.979,False,68.0
0.04,0.09080886840820312,0.01,0.0,False,68.0
0.008,0.033514976501464844,0.01,0.981,False,68.0
0.0016,0.03170514106750488,0.01,0.979,False,68.0
625.0,0.03303217887878418,0.01,0.972,False,69.0
125.0,0.02977895736694336,0.01,0.972,False,69.0
25.0,0.03524494171142578,0.01,0.972,False,69.0
5.0,0.030161142349243164,0.01,0.972,False,69.0
1.0,0.032742977142333984,0.01,0.976,False,69.0
0.2,0.03360414505004883,0.01,0.974,False,69.0
0.04,0.029265880584716797,0.01,0.967,False,69.0
0.008,0.03188204765319824,0.01,0.0,False,69.0
0.0016,0.03176093101501465,0.01,0.986,False,69.0
625.0,0.03382301330566406,0.01,0.983,False,70.0
125.0,0.030972957611083984,0.01,0.983,False,70.0
25.0,0.034010887145996094,0.01,0.983,False,70.0
5.0,0.03421211242675781,0.01,0.983,False,70.0
1.0,0.03310799598693848,0.01,0.983,False,70.0
0.2,0.030302047729492188,0.01,0.985,False,70.0
0.04,0.03325700759887695,0.01,0.983,False,70.0
0.008,0.03554701805114746,0.01,0.984,False,70.0
0.0016,0.03586316108703613,0.01,0.984,False,70.0
625.0,0.03666090965270996,0.01,0.979,False,71.0
125.0,0.031852006912231445,0.01,0.979,False,71.0
25.0,0.03139209747314453,0.01,0.979,False,71.0
5.0,0.030812978744506836,0.01,0.982,False,71.0
1.0,0.03261113166809082,0.01,0.985,False,71.0
0.2,0.0333409309387207,0.01,0.985,False,71.0
0.04,0.03287220001220703,0.01,0.983,False,71.0
0.008,0.034034013748168945,0.01,0.983,False,71.0
0.0016,0.030625104904174805,0.01,0.981,False,71.0
625.0,0.03558206558227539,0.01,0.977,False,72.0
125.0,0.0344851016998291,0.01,0.977,False,72.0
25.0,0.03441882133483887,0.01,0.978,False,72.0
5.0,0.03238487243652344,0.01,0.978,False,72.0
1.0,0.032212018966674805,0.01,0.981,False,72.0
0.2,0.032865047454833984,0.01,0.982,False,72.0
0.04,0.03297114372253418,0.01,0.98,False,72.0
0.008,0.03391385078430176,0.01,0.983,False,72.0
0.0016,0.06853008270263672,0.01,0.0,False,72.0
625.0,0.031362056732177734,0.01,0.984,False,73.0
125.0,0.028655052185058594,0.01,0.984,False,73.0
25.0,0.03169989585876465,0.01,0.984,False,73.0
5.0,0.028736114501953125,0.01,0.984,False,73.0
1.0,0.03333306312561035,0.01,0.983,False,73.0
0.2,0.030192852020263672,0.01,0.983,False,73.0
0.04,0.06516909599304199,0.01,0.981,False,73.0
0.008,0.030766963958740234,0.01,0.984,False,73.0
0.0016,0.030887126922607422,0.01,0.977,False,73.0
625.0,0.036325931549072266,0.01,0.898,False,74.0
125.0,0.034654855728149414,0.01,0.9,False,74.0
25.0,0.03315997123718262,0.01,0.904,False,74.0
5.0,0.034049034118652344,0.01,0.904,False,74.0
1.0,0.034422874450683594,0.01,0.902,False,74.0
0.2,0.03409218788146973,0.01,0.902,False,74.0
0.04,0.034104108810424805,0.01,0.98,False,74.0
0.008,0.031419992446899414,0.01,0.982,False,74.0
0.0016,0.03113389015197754,0.01,0.983,False,74.0
625.0,0.03565502166748047,0.01,0.969,False,75.0
125.0,0.031577110290527344,0.01,0.969,False,75.0
25.0,0.03402400016784668,0.01,0.969,False,75.0
5.0,0.03267407417297363,0.01,0.969,False,75.0
1.0,0.033570051193237305,0.01,0.969,False,75.0
0.2,0.033442020416259766,0.01,0.974,False,75.0
0.04,0.02994990348815918,0.01,0.973,False,75.0
0.008,0.03157806396484375,0.01,0.974,False,75.0
0.0016,0.034110069274902344,0.01,0.976,False,75.0
625.0,0.03275299072265625,0.01,0.97,False,76.0
125.0,0.031136035919189453,0.01,0.97,False,76.0
25.0,0.029781818389892578,0.01,0.97,False,76.0
5.0,0.031301021575927734,0.01,0.97,False,76.0
1.0,0.03226518630981445,0.01,0.97,False,76.0
0.2,0.03253602981567383,0.01,0.971,False,76.0
0.04,0.03033590316772461,0.01,0.97,False,76.0
0.008,0.029309988021850586,0.01,0.966,False,76.0
0.0016,0.03216195106506348,0.01,0.976,False,76.0
625.0,0.03331899642944336,0.01,0.965,False,77.0
125.0,0.03187394142150879,0.01,0.965,False,77.0
25.0,0.031432151794433594,0.01,0.961,False,77.0
5.0,0.03279995918273926,0.01,0.968,False,77.0
1.0,0.031038999557495117,0.01,0.968,False,77.0
0.2,0.0339968204498291,0.01,0.971,False,77.0
0.04,0.03631305694580078,0.01,0.971,False,77.0
0.008,0.034462928771972656,0.01,0.967,False,77.0
0.0016,0.0308380126953125,0.01,0.981,False,77.0
625.0,0.03390812873840332,0.01,0.975,False,78.0
125.0,0.033844947814941406,0.01,0.975,False,78.0
25.0,0.03544116020202637,0.01,0.975,False,78.0
5.0,0.031459808349609375,0.01,0.97,False,78.0
1.0,0.03269195556640625,0.01,0.967,False,78.0
0.2,0.03204202651977539,0.01,0.963,False,78.0
0.04,0.030917882919311523,0.01,0.977,False,78.0
0.008,0.03222918510437012,0.01,0.984,False,78.0
0.0016,0.032991886138916016,0.01,0.986,False,78.0
625.0,0.03768801689147949,0.01,0.976,False,79.0
125.0,0.03359508514404297,0.01,0.976,False,79.0
25.0,0.03320908546447754,0.01,0.976,False,79.0
5.0,0.036624908447265625,0.01,0.976,False,79.0
1.0,0.033872127532958984,0.01,0.98,False,79.0
0.2,0.03286600112915039,0.01,0.979,False,79.0
0.04,0.03493189811706543,0.01,0.981,False,79.0
0.008,0.03228497505187988,0.01,0.98,False,79.0
0.0016,0.03535580635070801,0.01,0.982,False,79.0
625.0,0.036190032958984375,0.01,0.974,False,80.0
125.0,0.03650403022766113,0.01,0.974,False,80.0
25.0,0.036543846130371094,0.01,0.974,False,80.0
5.0,0.034105777740478516,0.01,0.974,False,80.0
1.0,0.03606390953063965,0.01,0.975,False,80.0
0.2,0.0315401554107666,0.01,0.978,False,80.0
0.04,0.03317999839782715,0.01,0.981,False,80.0
0.008,0.030462980270385742,0.01,0.981,False,80.0
0.0016,0.03316903114318848,0.01,0.98,False,80.0
625.0,0.03269505500793457,0.01,0.976,False,81.0
125.0,0.0370481014251709,0.01,0.976,False,81.0
25.0,0.035881996154785156,0.01,0.976,False,81.0
5.0,0.033782958984375,0.01,0.976,False,81.0
1.0,0.03658890724182129,0.01,0.976,False,81.0
0.2,0.03329896926879883,0.01,0.979,False,81.0
0.04,0.035431861877441406,0.01,0.979,False,81.0
0.008,0.032768964767456055,0.01,0.981,False,81.0
0.0016,0.03268003463745117,0.01,0.982,False,81.0
625.0,0.033177852630615234,0.01,0.98,False,82.0
125.0,0.03369498252868652,0.01,0.98,False,82.0
25.0,0.0315098762512207,0.01,0.98,False,82.0
5.0,0.03505992889404297,0.01,0.98,False,82.0
1.0,0.03610587120056152,0.01,0.975,False,82.0
0.2,0.030723094940185547,0.01,0.978,False,82.0
0.04,0.03189897537231445,0.01,0.985,False,82.0
0.008,0.0330960750579834,0.01,0.986,False,82.0
0.0016,0.03218197822570801,0.01,0.986,False,82.0
625.0,0.0323948860168457,0.01,0.972,False,83.0
125.0,0.03501319885253906,0.01,0.972,False,83.0
25.0,0.030789852142333984,0.01,0.973,False,83.0
5.0,0.031155824661254883,0.01,0.977,False,83.0
1.0,0.032861948013305664,0.01,0.973,False,83.0
0.2,0.03045511245727539,0.01,0.979,False,83.0
0.04,0.034789085388183594,0.01,0.975,False,83.0
0.008,0.03106403350830078,0.01,0.975,False,83.0
0.0016,0.06767392158508301,0.01,0.976,False,83.0
625.0,0.03191208839416504,0.01,0.98,False,84.0
125.0,0.03163003921508789,0.01,0.98,False,84.0
25.0,0.035368919372558594,0.01,0.98,False,84.0
5.0,0.033509016036987305,0.01,0.985,False,84.0
1.0,0.03371906280517578,0.01,0.984,False,84.0
0.2,0.033300161361694336,0.01,0.982,False,84.0
0.04,0.03404593467712402,0.01,0.982,False,84.0
0.008,0.030597925186157227,0.01,0.984,False,84.0
0.0016,0.03600907325744629,0.01,0.985,False,84.0
625.0,0.0335540771484375,0.01,0.974,False,85.0
125.0,0.03262805938720703,0.01,0.974,False,85.0
25.0,0.03624606132507324,0.01,0.974,False,85.0
5.0,0.0343470573425293,0.01,0.974,False,85.0
1.0,0.03174901008605957,0.01,0.974,False,85.0
0.2,0.06937980651855469,0.01,0.982,False,85.0
0.04,0.0307161808013916,0.01,0.98,False,85.0
0.008,0.03245401382446289,0.01,0.979,False,85.0
0.0016,0.03217816352844238,0.01,0.978,False,85.0
625.0,0.03123307228088379,0.01,0.984,False,86.0
125.0,0.03171396255493164,0.01,0.984,False,86.0
25.0,0.02983713150024414,0.01,0.984,False,86.0
5.0,0.028988122940063477,0.01,0.984,False,86.0
1.0,0.03056812286376953,0.01,0.984,False,86.0
0.2,0.03090214729309082,0.01,0.984,False,86.0
0.04,0.033753156661987305,0.01,0.985,False,86.0
0.008,0.03143000602722168,0.01,0.984,False,86.0
0.0016,0.03152608871459961,0.01,0.979,False,86.0
625.0,0.03444504737854004,0.01,0.983,False,87.0
125.0,0.03401994705200195,0.01,0.983,False,87.0
25.0,0.035028934478759766,0.01,0.983,False,87.0
5.0,0.03457999229431152,0.01,0.988,False,87.0
1.0,0.03189492225646973,0.01,0.985,False,87.0
0.2,0.03391909599304199,0.01,0.986,False,87.0
0.04,0.03408193588256836,0.01,0.986,False,87.0
0.008,0.03344297409057617,0.01,0.986,False,87.0
0.0016,0.03449106216430664,0.01,0.983,False,87.0
625.0,0.03164100646972656,0.01,0.95,False,88.0
125.0,0.03400588035583496,0.01,0.95,False,88.0
25.0,0.034200191497802734,0.01,0.95,False,88.0
5.0,0.03275895118713379,0.01,0.956,False,88.0
1.0,0.030403852462768555,0.01,0.955,False,88.0
0.2,0.029556989669799805,0.01,0.958,False,88.0
0.04,0.03196215629577637,0.01,0.974,False,88.0
0.008,0.030426979064941406,0.01,0.98,False,88.0
0.0016,0.03069901466369629,0.01,0.981,False,88.0
625.0,0.033143043518066406,0.01,0.987,False,89.0
125.0,0.03532600402832031,0.01,0.987,False,89.0
25.0,0.032067060470581055,0.01,0.987,False,89.0
5.0,0.03418087959289551,0.01,0.987,False,89.0
1.0,0.030716896057128906,0.01,0.986,False,89.0
0.2,0.03193306922912598,0.01,0.986,False,89.0
0.04,0.030913114547729492,0.01,0.987,False,89.0
0.008,0.030910015106201172,0.01,0.987,False,89.0
0.0016,0.034047842025756836,0.01,0.987,False,89.0
625.0,0.03402590751647949,0.01,0.966,False,90.0
125.0,0.03172779083251953,0.01,0.966,False,90.0
25.0,0.03154397010803223,0.01,0.966,False,90.0
5.0,0.03179597854614258,0.01,0.966,False,90.0
1.0,0.03401923179626465,0.01,0.966,False,90.0
0.2,0.03252100944519043,0.01,0.973,False,90.0
0.04,0.0316619873046875,0.01,0.976,False,90.0
0.008,0.03744101524353027,0.01,0.979,False,90.0
0.0016,0.033149003982543945,0.01,0.978,False,90.0
625.0,0.03294801712036133,0.01,0.975,False,91.0
125.0,0.034561872482299805,0.01,0.975,False,91.0
25.0,0.03231310844421387,0.01,0.975,False,91.0
5.0,0.03568696975708008,0.01,0.975,False,91.0
1.0,0.03532218933105469,0.01,0.982,False,91.0
0.2,0.0355830192565918,0.01,0.981,False,91.0
0.04,0.03452801704406738,0.01,0.98,False,91.0
0.008,0.03301215171813965,0.01,0.98,False,91.0
0.0016,0.032321929931640625,0.01,0.978,False,91.0
625.0,0.03448605537414551,0.01,0.986,False,92.0
125.0,0.03604912757873535,0.01,0.986,False,92.0
25.0,0.0352780818939209,0.01,0.986,False,92.0
5.0,0.0350642204284668,0.01,0.987,False,92.0
1.0,0.035208940505981445,0.01,0.988,False,92.0
0.2,0.032189130783081055,0.01,0.987,False,92.0
0.04,0.03556489944458008,0.01,0.988,False,92.0
0.008,0.032891035079956055,0.01,0.988,False,92.0
0.0016,0.033689022064208984,0.01,0.985,False,92.0
625.0,0.03413200378417969,0.01,0.976,False,93.0
125.0,0.03522801399230957,0.01,0.977,False,93.0
25.0,0.03366589546203613,0.01,0.977,False,93.0
5.0,0.034889936447143555,0.01,0.977,False,93.0
1.0,0.036476850509643555,0.01,0.978,False,93.0
0.2,0.036316871643066406,0.01,0.979,False,93.0
0.04,0.03177499771118164,0.01,0.98,False,93.0
0.008,0.03515815734863281,0.01,0.982,False,93.0
0.0016,0.03517603874206543,0.01,0.982,False,93.0
625.0,0.0370938777923584,0.01,0.979,False,94.0
125.0,0.03624916076660156,0.01,0.979,False,94.0
25.0,0.035331010818481445,0.01,0.979,False,94.0
5.0,0.03473711013793945,0.01,0.98,False,94.0
1.0,0.03601884841918945,0.01,0.978,False,94.0
0.2,0.03337502479553223,0.01,0.981,False,94.0
0.04,0.03604602813720703,0.01,0.979,False,94.0
0.008,0.03166508674621582,0.01,0.981,False,94.0
0.0016,0.03348278999328613,0.01,0.979,False,94.0
625.0,0.030558109283447266,0.01,0.976,False,95.0
125.0,0.0291900634765625,0.01,0.976,False,95.0
25.0,0.030688047409057617,0.01,0.976,False,95.0
5.0,0.029243946075439453,0.01,0.976,False,95.0
1.0,0.029526948928833008,0.01,0.976,False,95.0
0.2,0.03159594535827637,0.01,0.975,False,95.0
0.04,0.028644800186157227,0.01,0.97,False,95.0
0.008,0.030933141708374023,0.01,0.973,False,95.0
0.0016,0.032655954360961914,0.01,0.973,False,95.0
625.0,0.03073596954345703,0.01,0.977,False,96.0
125.0,0.030575037002563477,0.01,0.977,False,96.0
25.0,0.030165910720825195,0.01,0.977,False,96.0
5.0,0.029433012008666992,0.01,0.977,False,96.0
1.0,0.03115105628967285,0.01,0.98,False,96.0
0.2,0.03232097625732422,0.01,0.979,False,96.0
0.04,0.028837919235229492,0.01,0.976,False,96.0
0.008,0.030478954315185547,0.01,0.974,False,96.0
0.0016,0.029600858688354492,0.01,0.977,False,96.0
625.0,0.033171892166137695,0.01,0.982,False,97.0
125.0,0.039550065994262695,0.01,0.982,False,97.0
25.0,0.032562971115112305,0.01,0.982,False,97.0
5.0,0.03637504577636719,0.01,0.982,False,97.0
1.0,0.033225059509277344,0.01,0.982,False,97.0
0.2,0.03381514549255371,0.01,0.986,False,97.0
0.04,0.031111955642700195,0.01,0.985,False,97.0
0.008,0.035034894943237305,0.01,0.982,False,97.0
0.0016,0.03151202201843262,0.01,0.983,False,97.0
625.0,0.03209710121154785,0.01,0.973,False,98.0
125.0,0.03462409973144531,0.01,0.973,False,98.0
25.0,0.031104087829589844,0.01,0.973,False,98.0
5.0,0.03461599349975586,0.01,0.973,False,98.0
1.0,0.03485393524169922,0.01,0.973,False,98.0
0.2,0.034948110580444336,0.01,0.968,False,98.0
0.04,0.03469204902648926,0.01,0.974,False,98.0
0.008,0.0393519401550293,0.01,0.974,False,98.0
0.0016,0.031241893768310547,0.01,0.971,False,98.0
625.0,0.03289198875427246,0.01,0.966,False,99.0
125.0,0.03670692443847656,0.01,0.966,False,99.0
25.0,0.0352780818939209,0.01,0.966,False,99.0
5.0,0.03307604789733887,0.01,0.968,False,99.0
1.0,0.0350041389465332,0.01,0.974,False,99.0
0.2,0.030920982360839844,0.01,0.979,False,99.0
0.04,0.03422999382019043,0.01,0.979,False,99.0
0.008,0.03269600868225098,0.01,0.978,False,99.0
0.0016,0.03121805191040039,0.01,0.976,False,99.0
