ratio,trial,nu,val-acc,val-f,test-acc,test-f,is_convex
0.0,0,0.45,0.8232848232848233,0.43708609271523174,0.7987551867219918,0.44571428571428573,True
0.0,0,0.40625,0.8295218295218295,0.4383561643835616,0.7946058091286307,0.4210526315789474,True
0.0,0,0.36250000000000004,0.8191268191268192,0.3829787234042553,0.7842323651452282,0.3580246913580247,True
0.0,0,0.31875000000000003,0.7858627858627859,0.22556390977443608,0.7614107883817427,0.1958041958041958,True
0.0,0,0.275,0.0,0.0,0.0,0.0,False
0.0,0,0.23125,0.0,0.0,0.0,0.0,False
0.0,0,0.18750000000000006,0.0,0.0,0.0,0.0,False
0.0,0,0.14375000000000004,0.0,0.0,0.0,0.0,False
0.0,0,0.1,0.0,0.0,0.0,0.0,False
0.0,1,0.45,0.7962577962577962,0.505050505050505,0.8112033195020747,0.46153846153846156,True
0.0,1,0.40625,0.7900207900207901,0.46560846560846564,0.8008298755186722,0.36842105263157904,True
0.0,1,0.36250000000000004,0.7941787941787942,0.459016393442623,0.7863070539419087,0.32679738562091504,True
0.0,1,0.31875000000000003,0.7775467775467776,0.3270440251572327,0.7863070539419087,0.20155038759689922,True
0.0,1,0.275,0.738045738045738,0.16,0.7842323651452282,0.21212121212121215,True
0.0,1,0.23125,0.0,0.0,0.0,0.0,False
0.0,1,0.18750000000000006,0.0,0.0,0.0,0.0,False
0.0,1,0.14375000000000004,0.0,0.0,0.0,0.0,False
0.0,1,0.1,0.0,0.0,0.0,0.0,False
0.0,2,0.45,0.8232848232848233,0.4444444444444444,0.8298755186721992,0.4938271604938272,True
0.0,2,0.40625,0.7962577962577962,0.30985915492957744,0.8008298755186722,0.36000000000000004,True
0.0,2,0.36250000000000004,0.7983367983367984,0.291970802919708,0.7883817427385892,0.2816901408450704,True
0.0,2,0.31875000000000003,0.762993762993763,0.017241379310344827,0.7510373443983402,0.03225806451612903,True
0.0,2,0.275,0.0,0.0,0.0,0.0,False
0.0,2,0.23125,0.0,0.0,0.0,0.0,False
0.0,2,0.18750000000000006,0.0,0.0,0.0,0.0,False
0.0,2,0.14375000000000004,0.0,0.0,0.0,0.0,False
0.0,2,0.1,0.0,0.0,0.0,0.0,False
0.0,3,0.45,0.8024948024948025,0.45714285714285713,0.8319502074688797,0.4840764331210191,True
0.0,3,0.40625,0.8024948024948025,0.4311377245508982,0.8257261410788381,0.43243243243243246,True
0.0,3,0.36250000000000004,0.7775467775467776,0.3184713375796178,0.8257261410788381,0.4000000000000001,True
0.0,3,0.31875000000000003,0.7754677754677755,0.3076923076923077,0.8091286307053942,0.3235294117647059,True
0.0,3,0.275,0.0,0.0,0.0,0.0,False
0.0,3,0.23125,0.0,0.0,0.0,0.0,False
0.0,3,0.18750000000000006,0.0,0.0,0.0,0.0,False
0.0,3,0.14375000000000004,0.0,0.0,0.0,0.0,False
0.0,3,0.1,0.0,0.0,0.0,0.0,False
0.0,4,0.45,0.7941787941787942,0.33557046979865773,0.8340248962655602,0.5061728395061729,True
0.0,4,0.40625,0.7920997920997921,0.2857142857142857,0.8236514522821576,0.4516129032258065,True
0.0,4,0.36250000000000004,0.7858627858627859,0.20155038759689922,0.8070539419087137,0.3404255319148936,True
0.0,4,0.31875000000000003,0.7671517671517671,0.0,0.7614107883817427,0.0,True
0.0,4,0.275,0.7900207900207901,0.4419889502762431,0.8236514522821576,0.5303867403314916,True
0.0,4,0.23125,0.8024948024948025,0.5128205128205128,0.8319502074688797,0.5846153846153845,True
0.0,4,0.18750000000000006,0.0,0.0,0.0,0.0,False
0.0,4,0.14375000000000004,0.0,0.0,0.0,0.0,False
0.0,4,0.1,0.0,0.0,0.0,0.0,False
0.0,5,0.45,0.7962577962577962,0.3875,0.8112033195020747,0.4417177914110429,True
0.0,5,0.40625,0.8087318087318087,0.4523809523809524,0.8112033195020747,0.48,True
0.0,5,0.36250000000000004,0.8024948024948025,0.39490445859872614,0.8070539419087137,0.4431137724550898,True
0.0,5,0.31875000000000003,0.7671517671517671,0.19999999999999998,0.7738589211618258,0.2585034013605442,True
0.0,5,0.275,0.7422037422037422,0.03125,0.7365145228215768,0.015503875968992246,True
0.0,5,0.23125,0.0,0.0,0.0,0.0,False
0.0,5,0.18750000000000006,0.0,0.0,0.0,0.0,False
0.0,5,0.14375000000000004,0.0,0.0,0.0,0.0,False
0.0,5,0.1,0.0,0.0,0.0,0.0,False
0.0,6,0.45,0.4677754677754678,0.26436781609195403,0.45020746887966806,0.20420420420420424,True
0.0,6,0.40625,0.7879417879417879,0.46875,0.8132780082987552,0.41558441558441567,True
0.0,6,0.36250000000000004,0.7733887733887734,0.41081081081081083,0.8091286307053942,0.3947368421052631,True
0.0,6,0.31875000000000003,0.7692307692307693,0.3798882681564246,0.7966804979253111,0.3098591549295774,True
0.0,6,0.275,0.0,0.0,0.0,0.0,False
0.0,6,0.23125,0.0,0.0,0.0,0.0,False
0.0,6,0.18750000000000006,0.0,0.0,0.0,0.0,False
0.0,6,0.14375000000000004,0.0,0.0,0.0,0.0,False
0.0,6,0.1,0.0,0.0,0.0,0.0,False
0.0,7,0.45,0.3367983367983368,0.15831134564643798,0.37344398340248963,0.20942408376963353,True
0.0,7,0.40625,0.8087318087318087,0.4102564102564103,0.7780082987551867,0.32704402515723274,True
0.0,7,0.36250000000000004,0.7775467775467776,0.24113475177304966,0.7759336099585062,0.3076923076923077,True
0.0,7,0.31875000000000003,0.7900207900207901,0.3129251700680272,0.7780082987551867,0.32704402515723274,True
0.0,7,0.275,0.7879417879417879,0.3013698630136986,0.7717842323651453,0.27631578947368424,True
0.0,7,0.23125,0.0,0.0,0.0,0.0,False
0.0,7,0.18750000000000006,0.0,0.0,0.0,0.0,False
0.0,7,0.14375000000000004,0.0,0.0,0.0,0.0,False
0.0,7,0.1,0.0,0.0,0.0,0.0,False
0.0,8,0.45,0.7879417879417879,0.3855421686746988,0.8029045643153527,0.3708609271523179,True
0.0,8,0.40625,0.8045738045738046,0.47777777777777775,0.8132780082987552,0.43037974683544306,True
0.0,8,0.36250000000000004,0.8045738045738046,0.4597701149425287,0.8091286307053942,0.4025974025974026,True
0.0,8,0.31875000000000003,0.7546777546777547,0.16901408450704228,0.7717842323651453,0.16666666666666669,True
0.0,8,0.275,0.7546777546777547,0.19178082191780824,0.7634854771784232,0.12307692307692307,True
0.0,8,0.23125,0.0,0.0,0.0,0.0,False
0.0,8,0.18750000000000006,0.0,0.0,0.0,0.0,False
0.0,8,0.14375000000000004,0.0,0.0,0.0,0.0,False
0.0,8,0.1,0.0,0.0,0.0,0.0,False
0.0,9,0.45,0.7588357588357588,0.07936507936507936,0.7572614107883817,0.064,True
0.0,9,0.40625,0.8045738045738046,0.4050632911392405,0.8049792531120332,0.38961038961038963,True
0.0,9,0.36250000000000004,0.8108108108108109,0.44171779141104295,0.8029045643153527,0.3870967741935483,True
0.0,9,0.31875000000000003,0.7837837837837838,0.2676056338028169,0.7821576763485477,0.23357664233576642,True
0.0,9,0.275,0.7484407484407485,0.0,0.7510373443983402,0.0,True
0.0,9,0.23125,0.0,0.0,0.0,0.0,False
0.0,9,0.18750000000000006,0.0,0.0,0.0,0.0,False
0.0,9,0.14375000000000004,0.0,0.0,0.0,0.0,False
0.0,9,0.1,0.0,0.0,0.0,0.0,False
0.0,10,0.45,0.7900207900207901,0.22900763358778625,0.7572614107883817,0.13333333333333333,True
0.0,10,0.40625,0.8440748440748441,0.5614035087719298,0.8112033195020747,0.5027322404371585,True
0.0,10,0.36250000000000004,0.8128898128898129,0.43749999999999994,0.7946058091286307,0.4277456647398844,True
0.0,10,0.31875000000000003,0.0,0.0,0.0,0.0,False
0.0,10,0.275,0.0,0.0,0.0,0.0,False
0.0,10,0.23125,0.0,0.0,0.0,0.0,False
0.0,10,0.18750000000000006,0.0,0.0,0.0,0.0,False
0.0,10,0.14375000000000004,0.0,0.0,0.0,0.0,False
0.0,10,0.1,0.0,0.0,0.0,0.0,False
0.0,11,0.45,0.8357588357588358,0.5269461077844311,0.8091286307053942,0.4588235294117647,True
0.0,11,0.40625,0.7775467775467776,0.144,0.7759336099585062,0.1692307692307692,True
0.0,11,0.36250000000000004,0.7941787941787942,0.32653061224489793,0.7966804979253111,0.33783783783783783,True
0.0,11,0.31875000000000003,0.7692307692307693,0.18978102189781018,0.7780082987551867,0.2302158273381295,True
0.0,11,0.275,0.0,0.0,0.0,0.0,False
0.0,11,0.23125,0.0,0.0,0.0,0.0,False
0.0,11,0.18750000000000006,0.0,0.0,0.0,0.0,False
0.0,11,0.14375000000000004,0.0,0.0,0.0,0.0,False
0.0,11,0.1,0.0,0.0,0.0,0.0,False
0.0,12,0.45,0.817047817047817,0.5,0.8112033195020747,0.3892617449664429,True
0.0,12,0.40625,0.7900207900207901,0.36477987421383645,0.8029045643153527,0.3165467625899281,True
0.0,12,0.36250000000000004,0.7900207900207901,0.35668789808917195,0.8008298755186722,0.28358208955223885,True
0.0,12,0.31875000000000003,0.760914760914761,0.27672955974842767,0.7842323651452282,0.2676056338028169,True
0.0,12,0.275,0.735966735966736,0.0,0.7697095435684648,0.0,True
0.0,12,0.23125,0.0,0.0,0.0,0.0,False
0.0,12,0.18750000000000006,0.0,0.0,0.0,0.0,False
0.0,12,0.14375000000000004,0.0,0.0,0.0,0.0,False
0.0,12,0.1,0.0,0.0,0.0,0.0,False
0.0,13,0.45,0.8045738045738046,0.4835164835164836,0.8257261410788381,0.4878048780487805,True
0.0,13,0.40625,0.7879417879417879,0.3780487804878049,0.8195020746887967,0.43870967741935485,True
0.0,13,0.36250000000000004,0.7817047817047817,0.3225806451612903,0.8132780082987552,0.36619718309859156,True
0.0,13,0.31875000000000003,0.760914760914761,0.267515923566879,0.8049792531120332,0.37333333333333335,True
0.0,13,0.275,0.7297297297297297,0.0,0.7614107883817427,0.0,True
0.0,13,0.23125,0.0,0.0,0.0,0.0,False
0.0,13,0.18750000000000006,0.0,0.0,0.0,0.0,False
0.0,13,0.14375000000000004,0.0,0.0,0.0,0.0,False
0.0,13,0.1,0.0,0.0,0.0,0.0,False
0.0,14,0.45,0.7900207900207901,0.33986928104575165,0.7883817427385892,0.28169014084507044,True
0.0,14,0.40625,0.7713097713097713,0.21428571428571427,0.7780082987551867,0.183206106870229,True
0.0,14,0.36250000000000004,0.7754677754677755,0.23943661971830985,0.7800829875518672,0.22058823529411764,True
0.0,14,0.31875000000000003,0.7775467775467776,0.2517482517482518,0.7863070539419087,0.2589928057553957,True
0.0,14,0.275,0.7463617463617463,0.046875,0.7468879668049793,0.04687499999999999,True
0.0,14,0.23125,0.0,0.0,0.0,0.0,False
0.0,14,0.18750000000000006,0.0,0.0,0.0,0.0,False
0.0,14,0.14375000000000004,0.0,0.0,0.0,0.0,False
0.0,14,0.1,0.0,0.0,0.0,0.0,False
0.0,15,0.45,0.817047817047817,0.24137931034482757,0.7883817427385892,0.39285714285714285,True
0.0,15,0.40625,0.817047817047817,0.2,0.7800829875518672,0.3614457831325301,True
0.0,15,0.36250000000000004,0.8108108108108109,0.14953271028037382,0.7531120331950207,0.2119205298013245,True
0.0,15,0.31875000000000003,0.814968814968815,0.22608695652173913,0.7717842323651453,0.3125,True
0.0,15,0.275,0.0,0.0,0.0,0.0,False
0.0,15,0.23125,0.0,0.0,0.0,0.0,False
0.0,15,0.18750000000000006,0.0,0.0,0.0,0.0,False
0.0,15,0.14375000000000004,0.0,0.0,0.0,0.0,False
0.0,15,0.1,0.0,0.0,0.0,0.0,False
0.0,16,0.45,0.8066528066528067,0.3404255319148936,0.7883817427385892,0.38554216867469876,True
0.0,16,0.40625,0.8066528066528067,0.39215686274509803,0.7966804979253111,0.46739130434782605,True
0.0,16,0.36250000000000004,0.7941787941787942,0.27737226277372257,0.7800829875518672,0.3536585365853659,True
0.0,16,0.31875000000000003,0.7858627858627859,0.22556390977443608,0.7489626556016598,0.20915032679738563,True
0.0,16,0.275,0.0,0.0,0.0,0.0,False
0.0,16,0.23125,0.0,0.0,0.0,0.0,False
0.0,16,0.18750000000000006,0.0,0.0,0.0,0.0,False
0.0,16,0.14375000000000004,0.0,0.0,0.0,0.0,False
0.0,16,0.1,0.0,0.0,0.0,0.0,False
0.0,17,0.45,0.7941787941787942,0.24427480916030533,0.8091286307053942,0.3783783783783784,True
0.0,17,0.40625,0.7983367983367984,0.1983471074380165,0.8029045643153527,0.3448275862068965,True
0.0,17,0.36250000000000004,0.8004158004158004,0.29411764705882354,0.8195020746887967,0.4387096774193548,True
0.0,17,0.31875000000000003,0.7754677754677755,0.01818181818181818,0.7551867219917012,0.016666666666666666,True
0.0,17,0.275,0.0,0.0,0.0,0.0,False
0.0,17,0.23125,0.0,0.0,0.0,0.0,False
0.0,17,0.18750000000000006,0.0,0.0,0.0,0.0,False
0.0,17,0.14375000000000004,0.0,0.0,0.0,0.0,False
0.0,17,0.1,0.0,0.0,0.0,0.0,False
0.0,18,0.45,0.8295218295218295,0.46052631578947373,0.8070539419087137,0.422360248447205,True
0.0,18,0.40625,0.7733887733887734,0.08403361344537816,0.7614107883817427,0.16058394160583941,True
0.0,18,0.36250000000000004,0.8066528066528067,0.3673469387755102,0.8049792531120332,0.4197530864197531,True
0.0,18,0.31875000000000003,0.7962577962577962,0.28985507246376807,0.7738589211618258,0.24827586206896549,True
0.0,18,0.275,0.762993762993763,0.0,0.7406639004149378,0.0,True
0.0,18,0.23125,0.0,0.0,0.0,0.0,False
0.0,18,0.18750000000000006,0.0,0.0,0.0,0.0,False
0.0,18,0.14375000000000004,0.0,0.0,0.0,0.0,False
0.0,18,0.1,0.0,0.0,0.0,0.0,False
0.0,19,0.45,0.7796257796257796,0.273972602739726,0.7966804979253111,0.40963855421686746,True
0.0,19,0.40625,0.8024948024948025,0.4025157232704403,0.8049792531120332,0.4597701149425288,True
0.0,19,0.36250000000000004,0.7879417879417879,0.3289473684210526,0.8008298755186722,0.43529411764705883,True
0.0,19,0.31875000000000003,0.7775467775467776,0.218978102189781,0.7780082987551867,0.3096774193548387,True
0.0,19,0.275,0.0,0.0,0.0,0.0,False
0.0,19,0.23125,0.0,0.0,0.0,0.0,False
0.0,19,0.18750000000000006,0.0,0.0,0.0,0.0,False
0.0,19,0.14375000000000004,0.0,0.0,0.0,0.0,False
0.0,19,0.1,0.0,0.0,0.0,0.0,False
0.0,20,0.45,0.8045738045738046,0.381578947368421,0.8070539419087137,0.4431137724550898,True
0.0,20,0.40625,0.8045738045738046,0.36486486486486486,0.8049792531120332,0.4197530864197531,True
0.0,20,0.36250000000000004,0.8024948024948025,0.3624161073825503,0.7987551867219918,0.39751552795031053,True
0.0,20,0.31875000000000003,0.7733887733887734,0.14173228346456693,0.7842323651452282,0.3157894736842105,True
0.0,20,0.275,0.0,0.0,0.0,0.0,False
0.0,20,0.23125,0.0,0.0,0.0,0.0,False
0.0,20,0.18750000000000006,0.0,0.0,0.0,0.0,False
0.0,20,0.14375000000000004,0.0,0.0,0.0,0.0,False
0.0,20,0.1,0.0,0.0,0.0,0.0,False
0.0,21,0.45,0.8024948024948025,0.45714285714285713,0.8547717842323651,0.513888888888889,True
0.0,21,0.40625,0.7920997920997921,0.39759036144578314,0.8526970954356846,0.4817518248175182,True
0.0,21,0.36250000000000004,0.7567567567567568,0.3076923076923077,0.8236514522821576,0.3511450381679389,True
0.0,21,0.31875000000000003,0.7754677754677755,0.3863636363636364,0.8423236514522822,0.4647887323943662,True
0.0,21,0.275,0.0,0.0,0.0,0.0,False
0.0,21,0.23125,0.0,0.0,0.0,0.0,False
0.0,21,0.18750000000000006,0.0,0.0,0.0,0.0,False
0.0,21,0.14375000000000004,0.0,0.0,0.0,0.0,False
0.0,21,0.1,0.0,0.0,0.0,0.0,False
0.0,22,0.45,0.8440748440748441,0.4966442953020134,0.7946058091286307,0.4870466321243524,True
0.0,22,0.40625,0.83991683991684,0.4761904761904762,0.7925311203319502,0.4791666666666667,True
0.0,22,0.36250000000000004,0.8108108108108109,0.28346456692913385,0.7634854771784232,0.3132530120481927,True
0.0,22,0.31875000000000003,0.8128898128898129,0.3181818181818181,0.7655601659751037,0.3233532934131737,True
0.0,22,0.275,0.7817047817047817,0.07079646017699114,0.7282157676348547,0.12080536912751678,True
0.0,22,0.23125,0.0,0.0,0.0,0.0,False
0.0,22,0.18750000000000006,0.0,0.0,0.0,0.0,False
0.0,22,0.14375000000000004,0.0,0.0,0.0,0.0,False
0.0,22,0.1,0.0,0.0,0.0,0.0,False
0.0,23,0.45,0.8191268191268192,0.4081632653061224,0.8008298755186722,0.40740740740740744,True
0.0,23,0.40625,0.7900207900207901,0.22900763358778625,0.7738589211618258,0.24827586206896549,True
0.0,23,0.36250000000000004,0.8024948024948025,0.31654676258992803,0.7883817427385892,0.35443037974683544,True
0.0,23,0.31875000000000003,0.7983367983367984,0.32167832167832167,0.8029045643153527,0.4311377245508982,True
0.0,23,0.275,0.0,0.0,0.0,0.0,False
0.0,23,0.23125,0.0,0.0,0.0,0.0,False
0.0,23,0.18750000000000006,0.0,0.0,0.0,0.0,False
0.0,23,0.14375000000000004,0.0,0.0,0.0,0.0,False
0.0,23,0.1,0.0,0.0,0.0,0.0,False
0.0,24,0.45,0.7858627858627859,0.22556390977443608,0.7759336099585062,0.2702702702702703,True
0.0,24,0.40625,0.8128898128898129,0.40789473684210525,0.7987551867219918,0.4260355029585799,True
0.0,24,0.36250000000000004,0.8045738045738046,0.39743589743589747,0.8070539419087137,0.44970414201183423,True
0.0,24,0.31875000000000003,0.760914760914761,0.0,0.7406639004149378,0.015748031496062992,True
0.0,24,0.275,0.0,0.0,0.0,0.0,False
0.0,24,0.23125,0.0,0.0,0.0,0.0,False
0.0,24,0.18750000000000006,0.0,0.0,0.0,0.0,False
0.0,24,0.14375000000000004,0.0,0.0,0.0,0.0,False
0.0,24,0.1,0.0,0.0,0.0,0.0,False
0.0,25,0.45,0.7837837837837838,0.2777777777777778,0.8091286307053942,0.32352941176470584,True
0.0,25,0.40625,0.7900207900207901,0.33986928104575165,0.8091286307053942,0.33333333333333337,True
0.0,25,0.36250000000000004,0.7941787941787942,0.3529411764705882,0.8029045643153527,0.316546762589928,True
0.0,25,0.31875000000000003,0.7650727650727651,0.24161073825503354,0.7738589211618258,0.2158273381294964,True
0.0,25,0.275,0.0,0.0,0.0,0.0,False
0.0,25,0.23125,0.0,0.0,0.0,0.0,False
0.0,25,0.18750000000000006,0.0,0.0,0.0,0.0,False
0.0,25,0.14375000000000004,0.0,0.0,0.0,0.0,False
0.0,25,0.1,0.0,0.0,0.0,0.0,False
0.0,26,0.45,0.8253638253638254,0.475,0.8112033195020747,0.5603864734299517,True
0.0,26,0.40625,0.8191268191268192,0.3829787234042553,0.7987551867219918,0.46994535519125685,True
0.0,26,0.36250000000000004,0.8232848232848233,0.38848920863309355,0.7925311203319502,0.43181818181818177,True
0.0,26,0.31875000000000003,0.8045738045738046,0.25396825396825395,0.7717842323651453,0.3209876543209877,True
0.0,26,0.275,0.7858627858627859,0.1487603305785124,0.7240663900414938,0.05673758865248227,True
0.0,26,0.23125,0.0,0.0,0.0,0.0,False
0.0,26,0.18750000000000006,0.0,0.0,0.0,0.0,False
0.0,26,0.14375000000000004,0.0,0.0,0.0,0.0,False
0.0,26,0.1,0.0,0.0,0.0,0.0,False
0.0,27,0.45,0.8087318087318087,0.43902439024390244,0.8132780082987552,0.43750000000000006,True
0.0,27,0.40625,0.7837837837837838,0.29729729729729726,0.7863070539419087,0.2896551724137931,True
0.0,27,0.36250000000000004,0.7733887733887734,0.23776223776223776,0.7863070539419087,0.2695035460992908,True
0.0,27,0.31875000000000003,0.7900207900207901,0.3483870967741935,0.7987551867219918,0.348993288590604,True
0.0,27,0.275,0.7546777546777547,0.1323529411764706,0.7634854771784232,0.14925373134328357,True
0.0,27,0.23125,0.7858627858627859,0.4550264550264551,0.7904564315352697,0.4228571428571429,True
0.0,27,0.18750000000000006,0.0,0.0,0.0,0.0,False
0.0,27,0.14375000000000004,0.0,0.0,0.0,0.0,False
0.0,27,0.1,0.0,0.0,0.0,0.0,False
0.0,28,0.45,0.7962577962577962,0.24615384615384614,0.8070539419087137,0.27906976744186046,True
0.0,28,0.40625,0.7941787941787942,0.2204724409448819,0.8070539419087137,0.27906976744186046,True
0.0,28,0.36250000000000004,0.7754677754677755,0.21739130434782608,0.7780082987551867,0.272108843537415,True
0.0,28,0.31875000000000003,0.7775467775467776,0.08547008547008549,0.7800829875518672,0.07017543859649122,True
0.0,28,0.275,0.8232848232848233,0.42176870748299317,0.7966804979253111,0.37179487179487186,True
0.0,28,0.23125,0.0,0.0,0.0,0.0,False
0.0,28,0.18750000000000006,0.0,0.0,0.0,0.0,False
0.0,28,0.14375000000000004,0.0,0.0,0.0,0.0,False
0.0,28,0.1,0.0,0.0,0.0,0.0,False
0.0,29,0.45,0.8024948024948025,0.44444444444444453,0.8008298755186722,0.3924050632911392,True
0.0,29,0.40625,0.7962577962577962,0.39506172839506176,0.7883817427385892,0.2916666666666667,True
0.0,29,0.36250000000000004,0.7754677754677755,0.28947368421052627,0.7883817427385892,0.2608695652173913,True
0.0,29,0.31875000000000003,0.7900207900207901,0.3803680981595092,0.7966804979253111,0.3466666666666666,True
0.0,29,0.275,0.7505197505197505,0.14285714285714288,0.7738589211618258,0.16793893129770993,True
0.0,29,0.23125,0.0,0.0,0.0,0.0,False
0.0,29,0.18750000000000006,0.0,0.0,0.0,0.0,False
0.0,29,0.14375000000000004,0.0,0.0,0.0,0.0,False
0.0,29,0.1,0.0,0.0,0.0,0.0,False
0.03,0,0.45,0.7796257796257796,0.273972602739726,0.7738589211618258,0.20437956204379562,True
0.03,0,0.40625,0.8066528066528067,0.45614035087719296,0.7987551867219918,0.3576158940397351,True
0.03,0,0.36250000000000004,0.8024948024948025,0.43113772455089816,0.7966804979253111,0.3378378378378379,True
0.03,0,0.31875000000000003,0.7983367983367984,0.42603550295857984,0.7697095435684648,0.26490066225165565,True
0.03,0,0.275,0.7567567567567568,0.13333333333333333,0.7510373443983402,0.07692307692307691,True
0.03,0,0.23125,0.7567567567567568,0.21476510067114096,0.7634854771784232,0.1230769230769231,False
0.03,0,0.18750000000000006,0.3367983367983368,0.42728904847396765,0.2966804979253112,0.40211640211640215,False
0.03,0,0.14375000000000004,0.02079002079002079,0.012578616352201257,0.0,0.0,False
0.03,0,0.1,0.48232848232848236,0.4404494382022472,0.43775933609958506,0.3623529411764706,False
0.03,1,0.45,0.8191268191268192,0.4458598726114649,0.8112033195020747,0.48000000000000004,True
0.03,1,0.40625,0.8087318087318087,0.3783783783783784,0.7946058091286307,0.39263803680981596,True
0.03,1,0.36250000000000004,0.8045738045738046,0.3733333333333333,0.7904564315352697,0.3878787878787879,True
0.03,1,0.31875000000000003,0.7567567567567568,0.033057851239669415,0.7385892116182573,0.0,True
0.03,1,0.275,0.8108108108108109,0.39735099337748353,0.7925311203319502,0.3902439024390244,True
0.03,1,0.23125,0.014553014553014554,0.008368200836820083,0.0,0.0,False
0.03,1,0.18750000000000006,0.23284823284823286,0.3670668953687821,0.26141078838174275,0.4125412541254126,False
0.03,1,0.14375000000000004,0.014553014553014554,0.008368200836820083,0.0,0.0,False
0.03,1,0.1,0.23076923076923078,0.3686006825938566,0.26141078838174275,0.4125412541254126,False
0.03,2,0.45,0.7422037422037422,0.015873015873015872,0.7821576763485477,0.0,True
0.03,2,0.40625,0.7817047817047817,0.39306358381502887,0.8402489626556017,0.46153846153846156,True
0.03,2,0.36250000000000004,0.7837837837837838,0.388235294117647,0.8257261410788381,0.41666666666666663,True
0.03,2,0.31875000000000003,0.7422037422037422,0.0,0.7821576763485477,0.0,True
0.03,2,0.275,0.7796257796257796,0.41758241758241765,0.8402489626556017,0.5157232704402516,True
0.03,2,0.23125,0.010395010395010396,0.0041841004184100415,0.0,0.0,False
0.03,2,0.18750000000000006,0.010395010395010396,0.0041841004184100415,0.0,0.0,False
0.03,2,0.14375000000000004,0.7276507276507277,0.015037593984962405,0.7821576763485477,0.01869158878504673,False
0.03,2,0.1,0.010395010395010396,0.0,0.0,0.0,False
0.03,3,0.45,0.5509355509355509,0.42857142857142855,0.47717842323651455,0.32620320855614976,True
0.03,3,0.40625,0.7193347193347194,0.014598540145985401,0.7593360995850622,0.0,True
0.03,3,0.36250000000000004,0.7172557172557172,0.0,0.7593360995850622,0.0,True
0.03,3,0.31875000000000003,0.7401247401247402,0.19354838709677416,0.7946058091286307,0.2556390977443609,True
0.03,3,0.275,0.7234927234927235,0.06993006993006994,0.7697095435684648,0.09756097560975609,True
0.03,3,0.23125,0.760914760914761,0.3646408839779005,0.8008298755186722,0.3924050632911392,True
0.03,3,0.18750000000000006,0.3804573804573805,0.46209386281588444,0.31742738589211617,0.4135472370766488,False
0.03,3,0.14375000000000004,0.2972972972972973,0.4440789473684211,0.24066390041493776,0.3879598662207358,False
0.03,3,0.1,0.28274428274428276,0.4334975369458128,0.24273858921161826,0.38860971524288107,False
0.03,4,0.45,0.7110187110187111,0.0,0.7697095435684648,0.0,True
0.03,4,0.40625,0.7546777546777547,0.3516483516483516,0.8278008298755186,0.47133757961783435,True
0.03,4,0.36250000000000004,0.7505197505197505,0.33333333333333337,0.8174273858921162,0.3972602739726027,True
0.03,4,0.31875000000000003,0.7297297297297297,0.14473684210526316,0.7821576763485477,0.14634146341463414,True
0.03,4,0.275,0.7151767151767152,0.1045751633986928,0.7821576763485477,0.14634146341463414,True
0.03,4,0.23125,0.7505197505197505,0.38144329896907214,0.8153526970954357,0.4105960264900662,False
0.03,4,0.18750000000000006,0.7671517671517671,0.41052631578947374,0.8174273858921162,0.4430379746835443,False
0.03,4,0.14375000000000004,0.7130977130977131,0.04166666666666667,0.7697095435684648,0.0,False
0.03,4,0.1,0.014553014553014554,0.008368200836820085,0.0,0.0,False
0.03,5,0.45,0.7671517671517671,0.3170731707317073,0.8049792531120332,0.40506329113924056,True
0.03,5,0.40625,0.738045738045738,0.0,0.7551867219917012,0.0,True
0.03,5,0.36250000000000004,0.762993762993763,0.3522727272727273,0.8049792531120332,0.44705882352941173,True
0.03,5,0.31875000000000003,0.7401247401247402,0.0,0.7551867219917012,0.0,True
0.03,5,0.275,0.7422037422037422,0.0,0.7551867219917012,0.0,True
0.03,5,0.23125,0.7255717255717256,0.26666666666666666,0.7759336099585062,0.3414634146341463,False
0.03,5,0.18750000000000006,0.46153846153846156,0.485089463220676,0.4211618257261411,0.4518664047151278,False
0.03,5,0.14375000000000004,0.014553014553014554,0.008368200836820083,0.0,0.0,False
0.03,5,0.1,0.014553014553014554,0.004201680672268907,0.0,0.0,False
0.03,6,0.45,0.7754677754677755,0.23943661971830982,0.8029045643153527,0.29629629629629634,True
0.03,6,0.40625,0.7713097713097713,0.1791044776119403,0.7966804979253111,0.2575757575757575,True
0.03,6,0.36250000000000004,0.7671517671517671,0.0,0.7634854771784232,0.0,True
0.03,6,0.31875000000000003,0.735966735966736,0.045112781954887216,0.7738589211618258,0.09917355371900825,True
0.03,6,0.275,0.7671517671517671,0.0,0.7634854771784232,0.0,True
0.03,6,0.23125,0.02079002079002079,0.0,0.0,0.0,False
0.03,6,0.18750000000000006,0.008316008316008316,0.0041753653444676405,0.0,0.0,False
0.03,6,0.14375000000000004,0.2494802494802495,0.3829059829059829,0.23651452282157676,0.38255033557046975,False
0.03,6,0.1,0.010395010395010396,0.004184100418410042,0.0,0.0,False
0.03,7,0.45,0.5758835758835759,0.423728813559322,0.5414937759336099,0.34808259587020646,True
0.03,7,0.40625,0.7817047817047817,0.36363636363636365,0.7842323651452282,0.3246753246753246,True
0.03,7,0.36250000000000004,0.7733887733887734,0.32298136645962733,0.7759336099585062,0.26027397260273977,True
0.03,7,0.31875000000000003,0.7588357588357588,0.21621621621621623,0.7572614107883817,0.145985401459854,True
0.03,7,0.275,0.7546777546777547,0.2236842105263158,0.7697095435684648,0.22377622377622378,True
0.03,7,0.23125,0.7401247401247402,0.031007751937984496,0.7385892116182573,0.0,False
0.03,7,0.18750000000000006,0.014553014553014554,0.004201680672268908,0.0,0.0,False
0.03,7,0.14375000000000004,0.7297297297297297,0.01515151515151515,0.7385892116182573,0.0,False
0.03,7,0.1,0.014553014553014554,0.004201680672268908,0.0,0.0,False
0.03,8,0.45,0.7546777546777547,0.03278688524590164,0.7572614107883817,0.0,True
0.03,8,0.40625,0.7525987525987526,0.01652892561983471,0.7572614107883817,0.0,True
0.03,8,0.36250000000000004,0.7525987525987526,0.01652892561983471,0.7572614107883817,0.0,True
0.03,8,0.31875000000000003,0.7962577962577962,0.35526315789473684,0.7821576763485477,0.2758620689655173,True
0.03,8,0.275,0.7525987525987526,0.01652892561983471,0.7572614107883817,0.0,True
0.03,8,0.23125,0.016632016632016633,0.008385744234800837,0.0,0.0,False
0.03,8,0.18750000000000006,0.2577962577962578,0.3979763912310286,0.24481327800829875,0.391304347826087,False
0.03,8,0.14375000000000004,0.018711018711018712,0.016666666666666666,0.0,0.0,False
0.03,8,0.1,0.016632016632016633,0.008385744234800837,0.0,0.0,False
0.03,9,0.45,0.7796257796257796,0.0,0.7365145228215768,0.0,True
0.03,9,0.40625,0.8232848232848233,0.3609022556390977,0.7800829875518672,0.3291139240506329,True
0.03,9,0.36250000000000004,0.8253638253638254,0.3913043478260869,0.7759336099585062,0.33333333333333337,True
0.03,9,0.31875000000000003,0.7879417879417879,0.2714285714285714,0.7468879668049793,0.1285714285714286,True
0.03,9,0.275,0.8108108108108109,0.3546099290780142,0.7738589211618258,0.34730538922155685,False
0.03,9,0.23125,0.7692307692307693,0.0,0.7365145228215768,0.0,False
0.03,9,0.18750000000000006,0.7817047817047817,0.05405405405405406,0.7365145228215768,0.0,False
0.03,9,0.14375000000000004,0.010395010395010396,0.004184100418410042,0.0,0.0,False
0.03,9,0.1,0.2286902286902287,0.35701906412478335,0.2697095435684647,0.4191419141914191,False
0.03,10,0.45,0.7692307692307693,0.0,0.7282157676348547,0.0,True
0.03,10,0.40625,0.7962577962577962,0.3,0.7717842323651453,0.32098765432098764,True
0.03,10,0.36250000000000004,0.7941787941787942,0.28776978417266186,0.7655601659751037,0.2802547770700637,True
0.03,10,0.31875000000000003,0.7858627858627859,0.23703703703703705,0.7593360995850622,0.2162162162162162,True
0.03,10,0.275,0.7941787941787942,0.3172413793103448,0.7531120331950207,0.2222222222222222,True
0.03,10,0.23125,0.817047817047817,0.4499999999999999,0.7966804979253111,0.430232558139535,False
0.03,10,0.18750000000000006,0.014553014553014554,0.004201680672268908,0.0,0.0,False
0.03,10,0.14375000000000004,0.23492723492723494,0.3720136518771331,0.2676348547717842,0.4222585924713584,False
0.03,10,0.1,0.014553014553014554,0.004201680672268908,0.0,0.0,False
0.03,11,0.45,0.7422037422037422,0.0,0.7448132780082988,0.0,True
0.03,11,0.40625,0.7733887733887734,0.31446540880503143,0.7966804979253111,0.39506172839506176,True
0.03,11,0.36250000000000004,0.735966735966736,0.015503875968992248,0.7448132780082988,0.0,True
0.03,11,0.31875000000000003,0.735966735966736,0.015503875968992248,0.7448132780082988,0.0,True
0.03,11,0.275,0.7567567567567568,0.29940119760479045,0.7780082987551867,0.3435582822085889,True
0.03,11,0.23125,0.7318087318087318,0.0851063829787234,0.7510373443983402,0.10447761194029852,False
0.03,11,0.18750000000000006,0.2681912681912682,0.4054054054054054,0.2572614107883817,0.4053156146179402,False
0.03,11,0.14375000000000004,0.018711018711018712,0.008403361344537815,0.0,0.0,False
0.03,11,0.1,0.010395010395010396,0.008333333333333333,0.0,0.0,False
0.03,12,0.45,0.7837837837837838,0.0,0.7593360995850622,0.0,True
0.03,12,0.40625,0.7837837837837838,0.0,0.7593360995850622,0.0,True
0.03,12,0.36250000000000004,0.7796257796257796,0.05357142857142857,0.7634854771784232,0.03389830508474576,True
0.03,12,0.31875000000000003,0.7775467775467776,0.01834862385321101,0.7593360995850622,0.0,True
0.03,12,0.275,0.7837837837837838,0.0,0.7593360995850622,0.0,False
0.03,12,0.23125,0.7713097713097713,0.03508771929824562,0.7593360995850622,0.0,False
0.03,12,0.18750000000000006,0.010395010395010396,0.008333333333333333,0.0,0.0,False
0.03,12,0.14375000000000004,0.010395010395010396,0.012448132780082987,0.0,0.0,False
0.03,12,0.1,0.012474012474012475,0.012474012474012475,0.0,0.0,False
0.03,13,0.45,0.7006237006237006,0.0,0.7821576763485477,0.0,True
0.03,13,0.40625,0.7318087318087318,0.254335260115607,0.8132780082987552,0.296875,True
0.03,13,0.36250000000000004,0.7006237006237006,0.0136986301369863,0.7821576763485477,0.0,True
0.03,13,0.31875000000000003,0.7172557172557172,0.18072289156626506,0.8091286307053942,0.23333333333333334,True
0.03,13,0.275,0.6964656964656964,0.08750000000000001,0.7883817427385892,0.08928571428571427,True
0.03,13,0.23125,0.014553014553014554,0.008368200836820085,0.0,0.0,False
0.03,13,0.18750000000000006,0.31392931392931395,0.46428571428571436,0.21991701244813278,0.35836177474402736,False
0.03,13,0.14375000000000004,0.02079002079002079,0.008421052631578949,0.006224066390041493,0.0,False
0.03,13,0.1,0.010395010395010396,0.0,0.0,0.0,False
0.03,14,0.45,0.8045738045738046,0.36486486486486486,0.7842323651452282,0.2676056338028169,True
0.03,14,0.40625,0.8087318087318087,0.3698630136986301,0.7883817427385892,0.2714285714285714,True
0.03,14,0.36250000000000004,0.7941787941787942,0.2773722627737226,0.7800829875518672,0.208955223880597,True
0.03,14,0.31875000000000003,0.7817047817047817,0.2335766423357664,0.7738589211618258,0.19259259259259257,True
0.03,14,0.275,0.7713097713097713,0.0,0.7593360995850622,0.0,False
0.03,14,0.23125,0.7484407484407485,0.016260162601626015,0.7406639004149378,0.0,False
0.03,14,0.18750000000000006,0.014553014553014554,0.004201680672268908,0.0,0.0,False
0.03,14,0.14375000000000004,0.014553014553014554,0.004201680672268908,0.0,0.0,False
0.03,14,0.1,0.012474012474012475,0.004192872117400419,0.0,0.0,False
0.03,15,0.45,0.7941787941787942,0.2773722627737226,0.7759336099585062,0.28947368421052627,True
0.03,15,0.40625,0.7692307692307693,0.0,0.7365145228215768,0.0,True
0.03,15,0.36250000000000004,0.7692307692307693,0.0,0.7365145228215768,0.0,True
0.03,15,0.31875000000000003,0.7817047817047817,0.1984732824427481,0.7572614107883817,0.18181818181818182,True
0.03,15,0.275,0.7733887733887734,0.0,0.7365145228215768,0.0,True
0.03,15,0.23125,0.004158004158004158,0.0,0.0,0.0,False
0.03,15,0.18750000000000006,0.004158004158004158,0.0,0.0,0.0,False
0.03,15,0.14375000000000004,0.24740124740124741,0.37586206896551727,0.26141078838174275,0.41447368421052627,False
0.03,15,0.1,0.012474012474012475,0.0041928721174004195,0.004149377593360996,0.008264462809917356,False
0.03,16,0.45,0.8004158004158004,0.32394366197183094,0.8070539419087137,0.40764331210191085,True
0.03,16,0.40625,0.7650727650727651,0.0,0.7448132780082988,0.0,True
0.03,16,0.36250000000000004,0.8024948024948025,0.316546762589928,0.7966804979253111,0.3552631578947368,True
0.03,16,0.31875000000000003,0.7941787941787942,0.28776978417266186,0.7966804979253111,0.3636363636363636,True
0.03,16,0.275,0.8128898128898129,0.423076923076923,0.8091286307053942,0.48314606741573035,True
0.03,16,0.23125,0.24324324324324326,0.3745704467353952,0.25311203319502074,0.40397350993377484,False
0.03,16,0.18750000000000006,0.018711018711018712,0.012552301255230127,0.0,0.0,False
0.03,16,0.14375000000000004,0.24116424116424118,0.3739279588336192,0.2572614107883817,0.40728476821192056,False
0.03,16,0.1,0.23700623700623702,0.3683304647160069,0.25933609958506226,0.40796019900497504,False
0.03,17,0.45,0.7858627858627859,0.3439490445859873,0.7966804979253111,0.36363636363636365,True
0.03,17,0.40625,0.7422037422037422,0.0,0.7489626556016598,0.0,True
0.03,17,0.36250000000000004,0.7546777546777547,0.15714285714285714,0.7738589211618258,0.18045112781954886,True
0.03,17,0.31875000000000003,0.7525987525987526,0.13138686131386862,0.7717842323651453,0.17910447761194032,True
0.03,17,0.275,0.7401247401247402,0.07407407407407407,0.7531120331950207,0.048,True
0.03,17,0.23125,0.7338877338877339,0.015384615384615385,0.7489626556016598,0.0,False
0.03,17,0.18750000000000006,0.7401247401247402,0.031007751937984496,0.7489626556016598,0.0,False
0.03,17,0.14375000000000004,0.018711018711018712,0.008403361344537815,0.0,0.0,False
0.03,17,0.1,0.018711018711018712,0.008403361344537815,0.0,0.0,False
0.03,18,0.45,0.7692307692307693,0.0,0.7302904564315352,0.0,True
0.03,18,0.40625,0.7817047817047817,0.1732283464566929,0.7634854771784232,0.22972972972972974,True
0.03,18,0.36250000000000004,0.7692307692307693,0.0,0.7302904564315352,0.0,True
0.03,18,0.31875000000000003,0.7588357588357588,0.01694915254237288,0.7302904564315352,0.015151515151515154,True
0.03,18,0.275,0.7754677754677755,0.18181818181818182,0.7717842323651453,0.2666666666666667,False
0.03,18,0.23125,0.7817047817047817,0.25531914893617025,0.7946058091286307,0.40718562874251496,False
0.03,18,0.18750000000000006,0.010395010395010396,0.0,0.0,0.0,False
0.03,18,0.14375000000000004,0.760914760914761,0.017094017094017096,0.7302904564315352,0.0,False
0.03,18,0.1,0.7546777546777547,0.03278688524590164,0.7261410788381742,0.0,False
0.03,19,0.45,0.7671517671517671,0.017543859649122806,0.7593360995850622,0.0,True
0.03,19,0.40625,0.7671517671517671,0.017543859649122806,0.7593360995850622,0.0,True
0.03,19,0.36250000000000004,0.760914760914761,0.017094017094017092,0.7593360995850622,0.0,True
0.03,19,0.31875000000000003,0.7692307692307693,0.017699115044247787,0.7593360995850622,0.0,True
0.03,19,0.275,0.7962577962577962,0.3194444444444445,0.7904564315352697,0.3034482758620689,True
0.03,19,0.23125,0.010395010395010396,0.004184100418410042,0.0,0.0,False
0.03,19,0.18750000000000006,0.018711018711018712,0.004219409282700422,0.0,0.0,False
0.03,19,0.14375000000000004,0.008316008316008316,0.0,0.0,0.0,False
0.03,19,0.1,0.010395010395010396,0.004184100418410042,0.0,0.0,False
0.03,20,0.45,0.7484407484407485,0.0,0.7323651452282157,0.0,True
0.03,20,0.40625,0.7858627858627859,0.32679738562091504,0.7883817427385892,0.3855421686746988,True
0.03,20,0.36250000000000004,0.7567567567567568,0.1702127659574468,0.7468879668049793,0.10294117647058823,True
0.03,20,0.31875000000000003,0.7837837837837838,0.32467532467532473,0.7904564315352697,0.4023668639053254,True
0.03,20,0.275,0.7484407484407485,0.0,0.7323651452282157,0.0,True
0.03,20,0.23125,0.7484407484407485,0.0,0.7323651452282157,0.0,False
0.03,20,0.18750000000000006,0.25571725571725573,0.3993288590604027,0.26556016597510373,0.419672131147541,False
0.03,20,0.14375000000000004,0.014553014553014554,0.012500000000000002,0.0,0.0,False
0.03,20,0.1,0.014553014553014554,0.012500000000000002,0.0,0.0,False
0.03,21,0.45,0.7692307692307693,0.2838709677419355,0.7987551867219918,0.25954198473282436,True
0.03,21,0.40625,0.7422037422037422,0.0,0.7676348547717843,0.0,True
0.03,21,0.36250000000000004,0.7796257796257796,0.3291139240506329,0.8029045643153527,0.2748091603053435,True
0.03,21,0.31875000000000003,0.7297297297297297,0.02985074626865672,0.7634854771784232,0.03389830508474576,True
0.03,21,0.275,0.7442827442827443,0.0,0.7676348547717843,0.0,True
0.03,21,0.23125,0.8128898128898129,0.5161290322580646,0.7987551867219918,0.3741935483870968,False
0.03,21,0.18750000000000006,0.29313929313929316,0.41580756013745707,0.25103734439834025,0.3829059829059829,False
0.03,21,0.14375000000000004,0.7338877338877339,0.030303030303030307,0.7655601659751037,0.0,False
0.03,21,0.1,0.7338877338877339,0.030303030303030307,0.7655601659751037,0.0,False
0.03,22,0.45,0.760914760914761,0.0,0.7448132780082988,0.0,True
0.03,22,0.40625,0.760914760914761,0.0,0.7448132780082988,0.0,True
0.03,22,0.36250000000000004,0.7983367983367984,0.3120567375886525,0.7738589211618258,0.2269503546099291,True
0.03,22,0.31875000000000003,0.8024948024948025,0.3448275862068965,0.7738589211618258,0.2482758620689655,True
0.03,22,0.275,0.760914760914761,0.0,0.7448132780082988,0.0,False
0.03,22,0.23125,0.02286902286902287,0.012605042016806723,0.0,0.0,False
0.03,22,0.18750000000000006,0.02286902286902287,0.012605042016806723,0.0,0.0,False
0.03,22,0.14375000000000004,0.012474012474012475,0.008350730688935283,0.0,0.0,False
0.03,22,0.1,0.012474012474012475,0.008350730688935283,0.0,0.0,False
0.03,23,0.45,0.7401247401247402,0.0,0.7572614107883817,0.0,True
0.03,23,0.40625,0.738045738045738,0.015625,0.7572614107883817,0.0,True
0.03,23,0.36250000000000004,0.7525987525987526,0.20134228187919465,0.7966804979253111,0.2898550724637681,True
0.03,23,0.31875000000000003,0.762993762993763,0.2597402597402597,0.8049792531120332,0.35616438356164376,True
0.03,23,0.275,0.7692307692307693,0.4126984126984126,0.8153526970954357,0.49142857142857144,True
0.03,23,0.23125,0.2661122661122661,0.4067226890756303,0.24273858921161826,0.39065108514190316,False
0.03,23,0.18750000000000006,0.014553014553014554,0.004201680672268907,0.0,0.0,False
0.03,23,0.14375000000000004,0.018711018711018712,0.0042194092827004225,0.002074688796680498,0.0,False
0.03,23,0.1,0.012474012474012475,0.008350730688935281,0.0,0.0,False
0.03,24,0.45,0.7817047817047817,0.0,0.7551867219917012,0.0,True
0.03,24,0.40625,0.7775467775467776,0.0,0.7551867219917012,0.0,True
0.03,24,0.36250000000000004,0.7837837837837838,0.0,0.7551867219917012,0.0,True
0.03,24,0.31875000000000003,0.7837837837837838,0.0,0.7551867219917012,0.0,True
0.03,24,0.275,0.8316008316008316,0.5149700598802395,0.7987551867219918,0.42603550295857995,True
0.03,24,0.23125,0.016632016632016633,0.0,0.0,0.0,False
0.03,24,0.18750000000000006,0.2286902286902287,0.35701906412478335,0.24481327800829875,0.3933333333333333,False
0.03,24,0.14375000000000004,0.016632016632016633,0.0,0.0,0.0,False
0.03,24,0.1,0.22661122661122662,0.3541666666666667,0.24481327800829875,0.3933333333333333,False
0.03,25,0.45,0.762993762993763,0.0,0.7551867219917012,0.0,True
0.03,25,0.40625,0.762993762993763,0.0,0.7551867219917012,0.0,True
0.03,25,0.36250000000000004,0.7650727650727651,0.017391304347826087,0.7551867219917012,0.0,True
0.03,25,0.31875000000000003,0.762993762993763,0.0,0.7551867219917012,0.0,True
0.03,25,0.275,0.7920997920997921,0.45054945054945056,0.8278008298755186,0.5464480874316939,True
0.03,25,0.23125,0.25363825363825365,0.3884156729131175,0.24481327800829875,0.3933333333333333,False
0.03,25,0.18750000000000006,0.2494802494802495,0.38290598290598293,0.24481327800829875,0.3933333333333333,False
0.03,25,0.14375000000000004,0.016632016632016633,0.008385744234800839,0.0,0.0,False
0.03,25,0.1,0.7546777546777547,0.03278688524590164,0.7551867219917012,0.0,False
0.03,26,0.45,0.7422037422037422,0.0,0.7614107883817427,0.0,True
0.03,26,0.40625,0.8024948024948025,0.47513812154696133,0.8153526970954357,0.4472049689440994,True
0.03,26,0.36250000000000004,0.7442827442827443,0.016,0.7614107883817427,0.0,True
0.03,26,0.31875000000000003,0.7401247401247402,0.06015037593984962,0.7655601659751037,0.03418803418803419,True
0.03,26,0.275,0.7422037422037422,0.0,0.7614107883817427,0.0,True
0.03,26,0.23125,0.012474012474012475,0.012474012474012475,0.0,0.0,False
0.03,26,0.18750000000000006,0.3991683991683992,0.455743879472693,0.4107883817427386,0.4431372549019608,False
0.03,26,0.14375000000000004,0.26195426195426197,0.4053601340033501,0.23858921161825727,0.3852596314907873,False
0.03,26,0.1,0.2681912681912682,0.4133333333333334,0.23858921161825727,0.3852596314907873,False
0.03,27,0.45,0.7962577962577962,0.32876712328767127,0.8236514522821576,0.3795620437956204,True
0.03,27,0.40625,0.7941787941787942,0.326530612244898,0.8215767634854771,0.36764705882352944,True
0.03,27,0.36250000000000004,0.7837837837837838,0.2571428571428571,0.8008298755186722,0.2380952380952381,True
0.03,27,0.31875000000000003,0.7546777546777547,0.04838709677419355,0.7738589211618258,0.0,True
0.03,27,0.275,0.014553014553014554,0.008368200836820083,0.0,0.0,False
0.03,27,0.23125,0.8045738045738046,0.520408163265306,0.8112033195020747,0.5027322404371585,False
0.03,27,0.18750000000000006,0.012474012474012475,0.0041928721174004195,0.0,0.0,False
0.03,27,0.14375000000000004,0.012474012474012475,0.0041928721174004195,0.0,0.0,False
0.03,27,0.1,0.2515592515592516,0.3918918918918919,0.22821576763485477,0.3694915254237289,False
0.03,28,0.45,0.8212058212058212,0.47560975609756106,0.7987551867219918,0.43274853801169594,True
0.03,28,0.40625,0.814968814968815,0.4472049689440994,0.8029045643153527,0.4171779141104295,True
0.03,28,0.36250000000000004,0.8212058212058212,0.41891891891891886,0.7925311203319502,0.3421052631578947,True
0.03,28,0.31875000000000003,0.7671517671517671,0.0,0.7489626556016598,0.0,True
0.03,28,0.275,0.8212058212058212,0.5865384615384616,0.8091286307053942,0.5700934579439253,True
0.03,28,0.23125,0.018711018711018712,0.004219409282700422,0.0,0.0,False
0.03,28,0.18750000000000006,0.2390852390852391,0.37542662116040953,0.25311203319502074,0.4019933554817276,False
0.03,28,0.14375000000000004,0.014553014553014554,0.004201680672268907,0.0,0.0,False
0.03,28,0.1,0.018711018711018712,0.004219409282700422,0.0,0.0,False
0.03,29,0.45,0.7650727650727651,0.0,0.7385892116182573,0.0,True
0.03,29,0.40625,0.817047817047817,0.45,0.7946058091286307,0.3850931677018633,True
0.03,29,0.36250000000000004,0.7650727650727651,0.0,0.7385892116182573,0.0,True
0.03,29,0.31875000000000003,0.7650727650727651,0.0,0.7385892116182573,0.0,True
0.03,29,0.275,0.7775467775467776,0.183206106870229,0.7655601659751037,0.1870503597122302,False
0.03,29,0.23125,0.7546777546777547,0.016666666666666663,0.7302904564315352,0.0,False
0.03,29,0.18750000000000006,0.014553014553014554,0.0,0.0,0.0,False
0.03,29,0.14375000000000004,0.014553014553014554,0.004201680672268907,0.0,0.0,False
0.03,29,0.1,0.2494802494802495,0.38290598290598293,0.26141078838174275,0.4144736842105263,False
0.05,0,0.45,0.8232848232848233,0.49101796407185627,0.7925311203319502,0.45054945054945056,True
0.05,0,0.40625,0.8128898128898129,0.44444444444444436,0.7883817427385892,0.4137931034482759,True
0.05,0,0.36250000000000004,0.7588357588357588,0.016949152542372878,0.7344398340248963,0.0,True
0.05,0,0.31875000000000003,0.762993762993763,0.033898305084745756,0.7344398340248963,0.0,True
0.05,0,0.275,0.762993762993763,0.0,0.7344398340248963,0.0,True
0.05,0,0.23125,0.016632016632016633,0.020703933747412008,0.0,0.0,False
0.05,0,0.18750000000000006,0.02494802494802495,0.02494802494802495,0.0,0.0,False
0.05,0,0.14375000000000004,0.016632016632016633,0.020703933747412008,0.0,0.0,False
0.05,0,0.1,0.2390852390852391,0.37755102040816324,0.2676348547717842,0.4203612479474549,False
0.05,1,0.45,0.7505197505197505,0.0,0.7551867219917012,0.0,True
0.05,1,0.40625,0.7505197505197505,0.0,0.7551867219917012,0.0,True
0.05,1,0.36250000000000004,0.7463617463617463,0.0,0.7551867219917012,0.0,True
0.05,1,0.31875000000000003,0.7588357588357588,0.20547945205479448,0.7863070539419087,0.25899280575539574,True
0.05,1,0.275,0.7546777546777547,0.0,0.7551867219917012,0.0,True
0.05,1,0.23125,0.7879417879417879,0.5,0.8215767634854771,0.5113636363636364,False
0.05,1,0.18750000000000006,0.2661122661122661,0.39658119658119656,0.24273858921161826,0.39065108514190316,False
0.05,1,0.14375000000000004,0.25571725571725573,0.39322033898305087,0.24481327800829875,0.3933333333333333,False
0.05,1,0.1,0.029106029106029108,0.008492569002123142,0.0,0.0,False
0.05,2,0.45,0.7588357588357588,0.0,0.7614107883817427,0.0,True
0.05,2,0.40625,0.7588357588357588,0.0,0.7614107883817427,0.0,True
0.05,2,0.36250000000000004,0.760914760914761,0.0,0.7614107883817427,0.0,True
0.05,2,0.31875000000000003,0.7463617463617463,0.0,0.7614107883817427,0.0,True
0.05,2,0.275,0.762993762993763,0.0,0.7614107883817427,0.0,True
0.05,2,0.23125,0.7401247401247402,0.015748031496062992,0.7614107883817427,0.017094017094017096,False
0.05,2,0.18750000000000006,0.814968814968815,0.5291005291005292,0.8029045643153527,0.4311377245508982,False
0.05,2,0.14375000000000004,0.02079002079002079,0.004228329809725159,0.0,0.0,False
0.05,2,0.1,0.2661122661122661,0.388214904679376,0.23858921161825727,0.3852596314907873,False
0.05,3,0.45,0.7546777546777547,0.0,0.7800829875518672,0.0,True
0.05,3,0.40625,0.7567567567567568,0.0,0.7800829875518672,0.0,True
0.05,3,0.36250000000000004,0.7546777546777547,0.0,0.7800829875518672,0.0,True
0.05,3,0.31875000000000003,0.7546777546777547,0.0,0.7800829875518672,0.0,True
0.05,3,0.275,0.8087318087318087,0.5257731958762887,0.8091286307053942,0.46511627906976744,True
0.05,3,0.23125,0.25571725571725573,0.38698630136986306,0.21991701244813278,0.3605442176870748,False
0.05,3,0.18750000000000006,0.7941787941787942,0.4923076923076924,0.7966804979253111,0.3950617283950617,False
0.05,3,0.14375000000000004,0.7338877338877339,0.0,0.7800829875518672,0.0,False
0.05,3,0.1,0.031185031185031187,0.021008403361344536,0.0,0.0,False
0.05,4,0.45,0.7484407484407485,0.032,0.7468879668049793,0.0,True
0.05,4,0.40625,0.7505197505197505,0.0,0.7468879668049793,0.0,True
0.05,4,0.36250000000000004,0.7505197505197505,0.0,0.7468879668049793,0.0,True
0.05,4,0.31875000000000003,0.7463617463617463,0.0,0.7468879668049793,0.0,True
0.05,4,0.275,0.7463617463617463,0.06153846153846154,0.7468879668049793,0.0,False
0.05,4,0.23125,0.762993762993763,0.1739130434782609,0.7800829875518672,0.23188405797101452,False
0.05,4,0.18750000000000006,0.02494802494802495,0.016771488469601675,0.0,0.0,False
0.05,4,0.14375000000000004,0.7276507276507277,0.18633540372670807,0.7406639004149378,0.1379310344827586,False
0.05,4,0.1,0.02079002079002079,0.016701461377870562,0.0,0.0,False
0.05,5,0.45,0.7546777546777547,0.03278688524590164,0.7510373443983402,0.0,True
0.05,5,0.40625,0.7588357588357588,0.03333333333333333,0.7510373443983402,0.0,True
0.05,5,0.36250000000000004,0.7588357588357588,0.03333333333333333,0.7510373443983402,0.0,True
0.05,5,0.31875000000000003,0.7567567567567568,0.03305785123966942,0.7510373443983402,0.0,True
0.05,5,0.275,0.7588357588357588,0.03333333333333333,0.7510373443983402,0.0,True
0.05,5,0.23125,0.7900207900207901,0.4419889502762431,0.8153526970954357,0.49142857142857144,False
0.05,5,0.18750000000000006,0.25363825363825365,0.38841567291311757,0.25103734439834025,0.3993344425956739,False
0.05,5,0.14375000000000004,0.029106029106029108,0.012684989429175474,0.0,0.0,False
0.05,5,0.1,0.2286902286902287,0.35253054101221637,0.2074688796680498,0.34364261168384874,False
0.05,6,0.45,0.7817047817047817,0.41988950276243103,0.8423236514522822,0.46478873239436624,True
0.05,6,0.40625,0.7338877338877339,0.0,0.7883817427385892,0.0,True
0.05,6,0.36250000000000004,0.7733887733887734,0.39779005524861877,0.8443983402489627,0.4827586206896552,True
0.05,6,0.31875000000000003,0.7775467775467776,0.4729064039408867,0.8485477178423236,0.5730994152046783,True
0.05,6,0.275,0.7255717255717256,0.05714285714285714,0.7883817427385892,0.0,False
0.05,6,0.23125,0.018711018711018712,0.008403361344537815,0.0,0.0,False
0.05,6,0.18750000000000006,0.02286902286902287,0.020833333333333332,0.0,0.0,False
0.05,6,0.14375000000000004,0.031185031185031187,0.025104602510460258,0.0,0.0,False
0.05,6,0.1,0.27442827442827444,0.41736227045075125,0.21369294605809128,0.34991423670668953,False
0.05,7,0.45,0.7442827442827443,0.016,0.7468879668049793,0.0,True
0.05,7,0.40625,0.7422037422037422,0.0,0.7468879668049793,0.0,True
0.05,7,0.36250000000000004,0.7422037422037422,0.015873015873015872,0.7468879668049793,0.0,True
0.05,7,0.31875000000000003,0.7422037422037422,0.0,0.7468879668049793,0.0,True
0.05,7,0.275,0.7442827442827443,0.016,0.7468879668049793,0.0,True
0.05,7,0.23125,0.7422037422037422,0.0,0.7468879668049793,0.0,False
0.05,7,0.18750000000000006,0.2681912681912682,0.4054054054054054,0.25103734439834025,0.4013266998341625,False
0.05,7,0.14375000000000004,0.02702702702702703,0.01680672268907563,0.0,0.0,False
0.05,7,0.1,0.27234927234927236,0.4087837837837839,0.25103734439834025,0.39933444259567386,False
0.05,8,0.45,0.7671517671517671,0.2112676056338028,0.8298755186721992,0.32786885245901637,True
0.05,8,0.40625,0.7401247401247402,0.031007751937984496,0.8049792531120332,0.11320754716981131,True
0.05,8,0.36250000000000004,0.7692307692307693,0.2237762237762238,0.8257261410788381,0.288135593220339,True
0.05,8,0.31875000000000003,0.7338877338877339,0.0,0.7925311203319502,0.0,True
0.05,8,0.275,0.7733887733887734,0.3393939393939394,0.8278008298755186,0.37593984962406013,False
0.05,8,0.23125,0.031185031185031187,0.004273504273504273,0.0,0.0,False
0.05,8,0.18750000000000006,0.735966735966736,0.030534351145038163,0.7925311203319502,0.0,False
0.05,8,0.14375000000000004,0.031185031185031187,0.004273504273504273,0.0,0.0,False
0.05,8,0.1,0.7276507276507277,0.015037593984962405,0.7925311203319502,0.0,False
0.05,9,0.45,0.8024948024948025,0.35374149659863946,0.8132780082987552,0.4444444444444445,True
0.05,9,0.40625,0.7650727650727651,0.017391304347826087,0.7489626556016598,0.0,True
0.05,9,0.36250000000000004,0.7817047817047817,0.2105263157894737,0.7800829875518672,0.22058823529411764,True
0.05,9,0.31875000000000003,0.760914760914761,0.07999999999999999,0.7489626556016598,0.0,True
0.05,9,0.275,0.8045738045738046,0.4534883720930233,0.8174273858921162,0.4942528735632184,True
0.05,9,0.23125,0.27234927234927236,0.3859649122807018,0.2842323651452282,0.4122657580919931,False
0.05,9,0.18750000000000006,0.02286902286902287,0.008438818565400845,0.0,0.0,False
0.05,9,0.14375000000000004,0.029106029106029108,0.012684989429175477,0.0,0.0,False
0.05,9,0.1,0.02494802494802495,0.008456659619450317,0.002074688796680498,0.0,False
0.05,10,0.45,0.7567567567567568,0.0,0.7448132780082988,0.0,True
0.05,10,0.40625,0.7525987525987526,0.0,0.7448132780082988,0.0,True
0.05,10,0.36250000000000004,0.7505197505197505,0.0,0.7448132780082988,0.0,True
0.05,10,0.31875000000000003,0.7567567567567568,0.0,0.7448132780082988,0.0,True
0.05,10,0.275,0.7442827442827443,0.016,0.7448132780082988,0.0,True
0.05,10,0.23125,0.7962577962577962,0.40243902439024387,0.8049792531120332,0.4470588235294118,False
0.05,10,0.18750000000000006,0.02494802494802495,0.0,0.0,0.0,False
0.05,10,0.14375000000000004,0.7422037422037422,0.03125,0.7448132780082988,0.0,False
0.05,10,0.1,0.2598752598752599,0.3904109589041096,0.2551867219917012,0.40464344941956876,False
0.05,11,0.45,0.7920997920997921,0.4897959183673469,0.8174273858921162,0.5,True
0.05,11,0.40625,0.7505197505197505,0.0,0.7655601659751037,0.0,True
0.05,11,0.36250000000000004,0.7650727650727651,0.25165562913907286,0.7821576763485477,0.2446043165467626,True
0.05,11,0.31875000000000003,0.7505197505197505,0.0,0.7655601659751037,0.0,True
0.05,11,0.275,0.7650727650727651,0.3687150837988827,0.8215767634854771,0.5113636363636364,True
0.05,11,0.23125,0.7920997920997921,0.42528735632183906,0.8174273858921162,0.44303797468354433,False
0.05,11,0.18750000000000006,0.02494802494802495,0.024948024948024953,0.0,0.0,False
0.05,11,0.14375000000000004,0.02494802494802495,0.024948024948024953,0.0,0.0,False
0.05,11,0.1,0.25571725571725573,0.39730639730639733,0.23236514522821577,0.37500000000000006,False
0.05,12,0.45,0.7463617463617463,0.1643835616438356,0.7925311203319502,0.15254237288135594,True
0.05,12,0.40625,0.735966735966736,0.030534351145038167,0.7780082987551867,0.0,True
0.05,12,0.36250000000000004,0.7318087318087318,0.03007518796992481,0.7780082987551867,0.0,True
0.05,12,0.31875000000000003,0.738045738045738,0.0,0.7780082987551867,0.0,True
0.05,12,0.275,0.738045738045738,0.0,0.7780082987551867,0.0,False
0.05,12,0.23125,0.7796257796257796,0.4044943820224719,0.8215767634854771,0.40277777777777773,False
0.05,12,0.18750000000000006,0.014553014553014554,0.016597510373443983,0.0,0.0,False
0.05,12,0.14375000000000004,0.014553014553014554,0.004201680672268907,0.0,0.0,False
0.05,12,0.1,0.02494802494802495,0.024948024948024942,0.0,0.0,False
0.05,13,0.45,0.7754677754677755,0.018181818181818184,0.7448132780082988,0.0,True
0.05,13,0.40625,0.7775467775467776,0.03603603603603604,0.7448132780082988,0.0,True
0.05,13,0.36250000000000004,0.7754677754677755,0.018181818181818184,0.7448132780082988,0.0,True
0.05,13,0.31875000000000003,0.7754677754677755,0.018181818181818184,0.7448132780082988,0.0,True
0.05,13,0.275,0.7754677754677755,0.018181818181818184,0.7448132780082988,0.0,True
0.05,13,0.23125,0.7837837837837838,0.2238805970149254,0.7614107883817427,0.16058394160583941,False
0.05,13,0.18750000000000006,0.033264033264033266,0.021052631578947364,0.0,0.0,False
0.05,13,0.14375000000000004,0.760914760914761,0.08,0.7448132780082988,0.0,False
0.05,13,0.1,0.02494802494802495,0.020876826722338204,0.0,0.0,False
0.05,14,0.45,0.7484407484407485,0.0,0.7551867219917012,0.0,True
0.05,14,0.40625,0.7505197505197505,0.0,0.7551867219917012,0.0,True
0.05,14,0.36250000000000004,0.7484407484407485,0.0,0.7551867219917012,0.0,True
0.05,14,0.31875000000000003,0.7505197505197505,0.0,0.7551867219917012,0.0,True
0.05,14,0.275,0.7505197505197505,0.0,0.7551867219917012,0.0,True
0.05,14,0.23125,0.7484407484407485,0.06201550387596899,0.7551867219917012,0.0,False
0.05,14,0.18750000000000006,0.02286902286902287,0.00423728813559322,0.0,0.0,False
0.05,14,0.14375000000000004,0.02286902286902287,0.00423728813559322,0.0,0.0,False
0.05,14,0.1,0.02494802494802495,0.008456659619450316,0.0,0.0,False
0.05,15,0.45,0.7733887733887734,0.0,0.7780082987551867,0.0,True
0.05,15,0.40625,0.7692307692307693,0.0,0.7780082987551867,0.0,True
0.05,15,0.36250000000000004,0.7713097713097713,0.01785714285714286,0.7780082987551867,0.0,True
0.05,15,0.31875000000000003,0.8004158004158004,0.4666666666666667,0.8091286307053942,0.4888888888888888,True
0.05,15,0.275,0.7983367983367984,0.4457142857142858,0.8008298755186722,0.47826086956521735,True
0.05,15,0.23125,0.8004158004158004,0.4074074074074074,0.8112033195020747,0.4052287581699346,False
0.05,15,0.18750000000000006,0.02079002079002079,0.016701461377870562,0.0,0.0,False
0.05,15,0.14375000000000004,0.23076923076923078,0.3554006968641115,0.22199170124481327,0.36332767402376903,False
0.05,15,0.1,0.7692307692307693,0.0975609756097561,0.7759336099585062,0.0,False
0.05,16,0.45,0.7941787941787942,0.3850931677018634,0.8174273858921162,0.3230769230769231,True
0.05,16,0.40625,0.7505197505197505,0.06250000000000001,0.7759336099585062,0.0,True
0.05,16,0.36250000000000004,0.7733887733887734,0.23776223776223776,0.7883817427385892,0.13559322033898305,True
0.05,16,0.31875000000000003,0.7588357588357588,0.016949152542372885,0.7759336099585062,0.0,True
0.05,16,0.275,0.7900207900207901,0.44198895027624313,0.8091286307053942,0.35211267605633806,True
0.05,16,0.23125,0.7546777546777547,0.078125,0.7738589211618258,0.0,False
0.05,16,0.18750000000000006,0.029106029106029108,0.020964360587002094,0.0,0.0,False
0.05,16,0.14375000000000004,0.7567567567567568,0.07874015748031497,0.7759336099585062,0.0,False
0.05,16,0.1,0.029106029106029108,0.020964360587002094,0.0,0.0,False
0.05,17,0.45,0.7525987525987526,0.032520325203252036,0.7551867219917012,0.0,True
0.05,17,0.40625,0.7567567567567568,0.01680672268907563,0.7551867219917012,0.0,True
0.05,17,0.36250000000000004,0.7567567567567568,0.01680672268907563,0.7551867219917012,0.0,True
0.05,17,0.31875000000000003,0.760914760914761,0.017094017094017096,0.7551867219917012,0.0,True
0.05,17,0.275,0.7588357588357588,0.01694915254237288,0.7551867219917012,0.0,False
0.05,17,0.23125,0.6403326403326404,0.08465608465608465,0.6369294605809128,0.03314917127071823,False
0.05,17,0.18750000000000006,0.738045738045738,0.2222222222222222,0.7199170124481328,0.10596026490066225,False
0.05,17,0.14375000000000004,0.02494802494802495,0.01263157894736842,0.0,0.0,False
0.05,17,0.1,0.738045738045738,0.015625,0.7531120331950207,0.0,False
0.05,18,0.45,0.7796257796257796,0.3116883116883116,0.7883817427385892,0.2608695652173913,True
0.05,18,0.40625,0.7754677754677755,0.2894736842105263,0.7842323651452282,0.22388059701492538,True
0.05,18,0.36250000000000004,0.7671517671517671,0.0,0.7634854771784232,0.0,True
0.05,18,0.31875000000000003,0.7588357588357588,0.18309859154929575,0.7759336099585062,0.15625,True
0.05,18,0.275,0.7920997920997921,0.4382022471910112,0.7883817427385892,0.37037037037037035,False
0.05,18,0.23125,0.24740124740124741,0.3715277777777778,0.2551867219917012,0.3884156729131175,False
0.05,18,0.18750000000000006,0.029106029106029108,0.016842105263157894,0.0,0.0,False
0.05,18,0.14375000000000004,0.02079002079002079,0.012578616352201257,0.0,0.0,False
0.05,18,0.1,0.02079002079002079,0.016701461377870562,0.0,0.0,False
0.05,19,0.45,0.7214137214137214,0.0,0.7676348547717843,0.0,True
0.05,19,0.40625,0.7214137214137214,0.0,0.7676348547717843,0.0,True
0.05,19,0.36250000000000004,0.7214137214137214,0.0,0.7676348547717843,0.0,True
0.05,19,0.31875000000000003,0.7151767151767152,0.0,0.7676348547717843,0.0,True
0.05,19,0.275,0.7110187110187111,0.041379310344827586,0.7614107883817427,0.03361344537815126,True
0.05,19,0.23125,0.7297297297297297,0.17721518987341772,0.7614107883817427,0.08,False
0.05,19,0.18750000000000006,0.02702702702702703,0.00847457627118644,0.0,0.0,False
0.05,19,0.14375000000000004,0.02494802494802495,0.012631578947368423,0.0,0.0,False
0.05,19,0.1,0.7027027027027027,0.027210884353741496,0.7676348547717843,0.0,False
0.05,20,0.45,0.8024948024948025,0.04040404040404041,0.7365145228215768,0.0,True
0.05,20,0.40625,0.8024948024948025,0.020618556701030927,0.7365145228215768,0.0,True
0.05,20,0.36250000000000004,0.8024948024948025,0.04040404040404041,0.7365145228215768,0.0,True
0.05,20,0.31875000000000003,0.8045738045738046,0.04081632653061225,0.7365145228215768,0.0,True
0.05,20,0.275,0.8232848232848233,0.4295302013422819,0.7987551867219918,0.481283422459893,True
0.05,20,0.23125,0.8087318087318087,0.24590163934426226,0.7863070539419087,0.37575757575757573,False
0.05,20,0.18750000000000006,0.7837837837837838,0.037037037037037035,0.7365145228215768,0.0,False
0.05,20,0.14375000000000004,0.018711018711018712,0.008403361344537815,0.0,0.0,False
0.05,20,0.1,0.7941787941787942,0.07476635514018691,0.7365145228215768,0.0,False
0.05,21,0.45,0.7796257796257796,0.35365853658536583,0.8029045643153527,0.4378698224852071,True
0.05,21,0.40625,0.7692307692307693,0.2550335570469799,0.7738589211618258,0.2684563758389262,True
0.05,21,0.36250000000000004,0.7817047817047817,0.31372549019607837,0.7883817427385892,0.3544303797468354,True
0.05,21,0.31875000000000003,0.7567567567567568,0.016806722689075633,0.7385892116182573,0.0,True
0.05,21,0.275,0.7567567567567568,0.0,0.7385892116182573,0.0,True
0.05,21,0.23125,0.7858627858627859,0.45502645502645506,0.7863070539419087,0.502415458937198,True
0.05,21,0.18750000000000006,0.02286902286902287,0.01673640167364017,0.0,0.0,False
0.05,21,0.14375000000000004,0.031185031185031187,0.021008403361344536,0.0,0.0,False
0.05,21,0.1,0.018711018711018712,0.012552301255230127,0.0,0.0,False
0.05,22,0.45,0.7338877338877339,0.05882352941176471,0.7614107883817427,0.0,True
0.05,22,0.40625,0.7297297297297297,0.0,0.7614107883817427,0.0,True
0.05,22,0.36250000000000004,0.7318087318087318,0.015267175572519085,0.7614107883817427,0.0,True
0.05,22,0.31875000000000003,0.7463617463617463,0.18666666666666665,0.7883817427385892,0.2272727272727273,True
0.05,22,0.275,0.7297297297297297,0.0,0.7614107883817427,0.0,True
0.05,22,0.23125,0.033264033264033266,0.029227557411273492,0.0,0.0,False
0.05,22,0.18750000000000006,0.7151767151767152,0.04195804195804197,0.7614107883817427,0.0,False
0.05,22,0.14375000000000004,0.2702702702702703,0.4120603015075377,0.23858921161825727,0.3852596314907873,False
0.05,22,0.1,0.42411642411642414,0.4723809523809524,0.44190871369294604,0.4543610547667343,False
0.05,23,0.45,0.7567567567567568,0.0,0.7427385892116183,0.0,True
0.05,23,0.40625,0.8024948024948025,0.3708609271523179,0.7676348547717843,0.17647058823529413,True
0.05,23,0.36250000000000004,0.7754677754677755,0.2285714285714286,0.7572614107883817,0.10687022900763359,True
0.05,23,0.31875000000000003,0.7588357588357588,0.01694915254237288,0.7427385892116183,0.0,True
0.05,23,0.275,0.7588357588357588,0.0,0.7427385892116183,0.0,True
0.05,23,0.23125,0.7983367983367984,0.41916167664670656,0.7738589211618258,0.2875816993464052,False
0.05,23,0.18750000000000006,0.04573804573804574,0.017130620985010708,0.008298755186721992,0.0,False
0.05,23,0.14375000000000004,0.24116424116424118,0.38030560271646857,0.26141078838174275,0.41059602649006627,False
0.05,23,0.1,0.014553014553014554,0.008368200836820083,0.0,0.0,False
0.05,24,0.45,0.7567567567567568,0.016806722689075633,0.7448132780082988,0.0,True
0.05,24,0.40625,0.7713097713097713,0.2948717948717949,0.8049792531120332,0.40506329113924056,True
0.05,24,0.36250000000000004,0.7713097713097713,0.2567567567567568,0.7946058091286307,0.3529411764705882,True
0.05,24,0.31875000000000003,0.7796257796257796,0.2933333333333333,0.7842323651452282,0.2876712328767123,True
0.05,24,0.275,0.7567567567567568,0.0,0.7448132780082988,0.0,True
0.05,24,0.23125,0.7733887733887734,0.31446540880503143,0.7759336099585062,0.2987012987012987,False
0.05,24,0.18750000000000006,0.037422037422037424,0.02526315789473684,0.0,0.0,False
0.05,24,0.14375000000000004,0.018711018711018712,0.016666666666666666,0.0,0.0,False
0.05,24,0.1,0.02702702702702703,0.012658227848101267,0.0,0.0,False
0.05,25,0.45,0.7817047817047817,0.01869158878504673,0.7614107883817427,0.0,True
0.05,25,0.40625,0.814968814968815,0.3945578231292517,0.7904564315352697,0.22900763358778628,True
0.05,25,0.36250000000000004,0.8066528066528067,0.3404255319148936,0.7800829875518672,0.20895522388059704,True
0.05,25,0.31875000000000003,0.7837837837837838,0.14754098360655737,0.7717842323651453,0.08333333333333333,True
0.05,25,0.275,0.8191268191268192,0.5245901639344263,0.8298755186721992,0.5232558139534884,True
0.05,25,0.23125,0.7983367983367984,0.5125628140703518,0.7717842323651453,0.3820224719101124,False
0.05,25,0.18750000000000006,0.033264033264033266,0.016913319238900635,0.0,0.0,False
0.05,25,0.14375000000000004,0.22245322245322247,0.3484320557491289,0.23858921161825727,0.3852596314907873,False
0.05,25,0.1,0.23076923076923078,0.3531468531468532,0.23858921161825727,0.3852596314907873,False
0.05,26,0.45,0.7671517671517671,0.017543859649122806,0.7738589211618258,0.0,True
0.05,26,0.40625,0.7671517671517671,0.017543859649122806,0.7738589211618258,0.0,True
0.05,26,0.36250000000000004,0.7837837837837838,0.2972972972972973,0.7946058091286307,0.26666666666666666,True
0.05,26,0.31875000000000003,0.7671517671517671,0.017543859649122806,0.7738589211618258,0.0,True
0.05,26,0.275,0.814968814968815,0.46706586826347307,0.8029045643153527,0.3356643356643357,True
0.05,26,0.23125,0.7900207900207901,0.4873096446700508,0.7676348547717843,0.3488372093023256,False
0.05,26,0.18750000000000006,0.02079002079002079,0.012578616352201259,0.0,0.0,False
0.05,26,0.14375000000000004,0.029106029106029108,0.008492569002123142,0.0,0.0,False
0.05,26,0.1,0.3991683991683992,0.43222003929273084,0.36721991701244816,0.4145873320537427,False
0.05,27,0.45,0.7671517671517671,0.0,0.7323651452282157,0.0,True
0.05,27,0.40625,0.7588357588357588,0.0,0.7323651452282157,0.0,True
0.05,27,0.36250000000000004,0.7567567567567568,0.01680672268907563,0.7323651452282157,0.0,True
0.05,27,0.31875000000000003,0.7484407484407485,0.016260162601626015,0.7302904564315352,0.0,True
0.05,27,0.275,0.7671517671517671,0.0,0.7323651452282157,0.0,True
0.05,27,0.23125,0.7858627858627859,0.36809815950920244,0.8091286307053942,0.5157894736842106,False
0.05,27,0.18750000000000006,0.7650727650727651,0.3233532934131737,0.7510373443983402,0.38144329896907214,False
0.05,27,0.14375000000000004,0.2390852390852391,0.3711340206185567,0.2676348547717842,0.42225859247135844,False
0.05,27,0.1,0.02494802494802495,0.02494802494802495,0.0,0.0,False
0.05,28,0.45,0.7505197505197505,0.0,0.7344398340248963,0.0,True
0.05,28,0.40625,0.7484407484407485,0.12949640287769784,0.7759336099585062,0.28,True
0.05,28,0.36250000000000004,0.7401247401247402,0.0,0.7344398340248963,0.0,True
0.05,28,0.31875000000000003,0.7505197505197505,0.0,0.7344398340248963,0.0,True
0.05,28,0.275,0.7505197505197505,0.0,0.7344398340248963,0.0,True
0.05,28,0.23125,0.7733887733887734,0.3229813664596274,0.7863070539419087,0.4046242774566474,True
0.05,28,0.18750000000000006,0.02702702702702703,0.012658227848101267,0.0,0.0,False
0.05,28,0.14375000000000004,0.735966735966736,0.045112781954887216,0.7344398340248963,0.0,False
0.05,28,0.1,0.02286902286902287,0.012605042016806723,0.0,0.0,False
0.05,29,0.45,0.7650727650727651,0.017391304347826087,0.7427385892116183,0.0,True
0.05,29,0.40625,0.7650727650727651,0.017391304347826087,0.7427385892116183,0.0,True
0.05,29,0.36250000000000004,0.7650727650727651,0.017391304347826087,0.7427385892116183,0.0,True
0.05,29,0.31875000000000003,0.7650727650727651,0.017391304347826087,0.7427385892116183,0.0,True
0.05,29,0.275,0.7650727650727651,0.017391304347826087,0.7427385892116183,0.0,False
0.05,29,0.23125,0.8024948024948025,0.4025157232704402,0.7987551867219918,0.4699453551912569,False
0.05,29,0.18750000000000006,0.7941787941787942,0.481675392670157,0.7780082987551867,0.4780487804878049,False
0.05,29,0.14375000000000004,0.029106029106029108,0.03312629399585921,0.0,0.0,False
0.05,29,0.1,0.02494802494802495,0.02494802494802495,0.0,0.0,False
0.1,0,0.45,0.7193347193347194,0.02877697841726619,0.7738589211618258,0.0,True
0.1,0,0.40625,0.7255717255717256,0.029411764705882353,0.7738589211618258,0.0,True
0.1,0,0.36250000000000004,0.7255717255717256,0.029411764705882353,0.7738589211618258,0.0,True
0.1,0,0.31875000000000003,0.7255717255717256,0.029411764705882353,0.7738589211618258,0.0,True
0.1,0,0.275,0.7255717255717256,0.014925373134328356,0.7738589211618258,0.0,True
0.1,0,0.23125,0.7068607068607069,0.15568862275449102,0.7842323651452282,0.10344827586206896,True
0.1,0,0.18750000000000006,0.3866943866943867,0.15954415954415954,0.3755186721991701,0.1615598885793872,False
0.1,0,0.14375000000000004,0.04158004158004158,0.021231422505307854,0.0,0.0,False
0.1,0,0.1,0.5592515592515592,0.06194690265486726,0.558091286307054,0.009302325581395349,False
0.1,1,0.45,0.7442827442827443,0.031496062992125984,0.7551867219917012,0.0,True
0.1,1,0.40625,0.735966735966736,0.045112781954887216,0.7551867219917012,0.0,True
0.1,1,0.36250000000000004,0.738045738045738,0.045454545454545456,0.7551867219917012,0.0,True
0.1,1,0.31875000000000003,0.7401247401247402,0.015748031496062992,0.7551867219917012,0.0,True
0.1,1,0.275,0.7422037422037422,0.015873015873015872,0.7551867219917012,0.0,True
0.1,1,0.23125,0.7255717255717256,0.25,0.7759336099585062,0.2987012987012987,False
0.1,1,0.18750000000000006,0.7068607068607069,0.05369127516778524,0.7551867219917012,0.0,False
0.1,1,0.14375000000000004,0.7193347193347194,0.055944055944055944,0.7551867219917012,0.0,False
0.1,1,0.1,0.062370062370062374,0.017429193899782137,0.012448132780082987,0.0,False
0.1,2,0.45,0.7546777546777547,0.03278688524590164,0.7551867219917012,0.0,True
0.1,2,0.40625,0.7546777546777547,0.03278688524590164,0.7551867219917012,0.0,True
0.1,2,0.36250000000000004,0.7588357588357588,0.03333333333333333,0.7551867219917012,0.0,True
0.1,2,0.31875000000000003,0.762993762993763,0.03389830508474576,0.7551867219917012,0.0,True
0.1,2,0.275,0.760914760914761,0.0,0.7551867219917012,0.0,True
0.1,2,0.23125,0.7588357588357588,0.4020618556701031,0.8153526970954357,0.4855491329479769,True
0.1,2,0.18750000000000006,0.7318087318087318,0.0851063829787234,0.7510373443983402,0.0,False
0.1,2,0.14375000000000004,0.738045738045738,0.07352941176470588,0.7510373443983402,0.0,False
0.1,2,0.1,0.062370062370062374,0.021691973969631236,0.0,0.0,False
0.1,3,0.45,0.7463617463617463,0.016129032258064516,0.7717842323651453,0.0,True
0.1,3,0.40625,0.7463617463617463,0.016129032258064516,0.7717842323651453,0.0,True
0.1,3,0.36250000000000004,0.7463617463617463,0.016129032258064516,0.7717842323651453,0.0,True
0.1,3,0.31875000000000003,0.7525987525987526,0.01652892561983471,0.7717842323651453,0.0,True
0.1,3,0.275,0.7463617463617463,0.0,0.7717842323651453,0.0,True
0.1,3,0.23125,0.7422037422037422,0.29545454545454547,0.7987551867219918,0.3401360544217687,True
0.1,3,0.18750000000000006,0.29521829521829523,0.3978685612788632,0.26348547717842324,0.3804537521815009,False
0.1,3,0.14375000000000004,0.05405405405405406,0.025695931477516067,0.0,0.0,False
0.1,3,0.1,0.7214137214137214,0.056338028169014086,0.7697095435684648,0.0,False
0.1,4,0.45,0.5405405405405406,0.4075067024128686,0.4730290456431535,0.34536082474226804,True
0.1,4,0.40625,0.7318087318087318,0.015267175572519083,0.7406639004149378,0.0,True
0.1,4,0.36250000000000004,0.7318087318087318,0.015267175572519083,0.7406639004149378,0.0,True
0.1,4,0.31875000000000003,0.7297297297297297,0.0,0.7406639004149378,0.0,True
0.1,4,0.275,0.7297297297297297,0.0,0.7406639004149378,0.0,True
0.1,4,0.23125,0.7338877338877339,0.0,0.7406639004149378,0.0,True
0.1,4,0.18750000000000006,0.7525987525987526,0.43062200956937796,0.7987551867219918,0.5314009661835749,False
0.1,4,0.14375000000000004,0.22245322245322247,0.010582010582010581,0.1887966804979253,0.0,False
0.1,4,0.1,0.05405405405405406,0.021505376344086023,0.0,0.0,False
0.1,5,0.45,0.7796257796257796,0.05357142857142857,0.7323651452282157,0.0,True
0.1,5,0.40625,0.7775467775467776,0.036036036036036036,0.7323651452282157,0.0,True
0.1,5,0.36250000000000004,0.7775467775467776,0.036036036036036036,0.7323651452282157,0.0,True
0.1,5,0.31875000000000003,0.7775467775467776,0.036036036036036036,0.7323651452282157,0.0,True
0.1,5,0.275,0.7817047817047817,0.0,0.7323651452282157,0.0,True
0.1,5,0.23125,0.8108108108108109,0.44171779141104295,0.7863070539419087,0.44324324324324327,True
0.1,5,0.18750000000000006,0.7567567567567568,0.13333333333333333,0.7302904564315352,0.0,False
0.1,5,0.14375000000000004,0.760914760914761,0.13533834586466165,0.7302904564315352,0.0,False
0.1,5,0.1,0.22661122661122662,0.3404255319148936,0.2697095435684647,0.42295081967213116,False
0.1,6,0.45,0.7484407484407485,0.047244094488188976,0.7385892116182573,0.0,True
0.1,6,0.40625,0.7567567567567568,0.03305785123966942,0.7385892116182573,0.0,True
0.1,6,0.36250000000000004,0.7567567567567568,0.03305785123966942,0.7385892116182573,0.0,True
0.1,6,0.31875000000000003,0.7276507276507277,0.029629629629629634,0.7385892116182573,0.0,True
0.1,6,0.275,0.7505197505197505,0.0,0.7385892116182573,0.0,True
0.1,6,0.23125,0.7733887733887734,0.3910614525139665,0.8008298755186722,0.4216867469879519,True
0.1,6,0.18750000000000006,0.2806652806652807,0.38869257950530034,0.26348547717842324,0.41515650741350907,False
0.1,6,0.14375000000000004,0.7401247401247402,0.08759124087591241,0.7385892116182573,0.0,False
0.1,6,0.1,0.05405405405405406,0.021505376344086023,0.0,0.0,False
0.1,7,0.45,0.7650727650727651,0.0,0.7572614107883817,0.0,True
0.1,7,0.40625,0.7671517671517671,0.0,0.7572614107883817,0.0,True
0.1,7,0.36250000000000004,0.7692307692307693,0.0,0.7572614107883817,0.0,True
0.1,7,0.31875000000000003,0.7588357588357588,0.016949152542372878,0.7572614107883817,0.0,True
0.1,7,0.275,0.7650727650727651,0.26143790849673204,0.7966804979253111,0.3466666666666667,True
0.1,7,0.23125,0.7837837837837838,0.4799999999999999,0.8360995850622407,0.6255924170616114,True
0.1,7,0.18750000000000006,0.7837837837837838,0.44086021505376344,0.8236514522821576,0.5728643216080401,False
0.1,7,0.14375000000000004,0.4158004158004158,0.4229979466119096,0.43775933609958506,0.46336633663366333,False
0.1,7,0.1,0.735966735966736,0.05925925925925925,0.7572614107883817,0.0,False
0.1,8,0.45,0.7442827442827443,0.031496062992125984,0.7406639004149378,0.0,True
0.1,8,0.40625,0.7463617463617463,0.016129032258064516,0.7406639004149378,0.0,True
0.1,8,0.36250000000000004,0.7463617463617463,0.016129032258064516,0.7406639004149378,0.0,True
0.1,8,0.31875000000000003,0.7442827442827443,0.031496062992125984,0.7406639004149378,0.0,True
0.1,8,0.275,0.7401247401247402,0.031007751937984496,0.7406639004149378,0.0,True
0.1,8,0.23125,0.7525987525987526,0.31213872832369943,0.8029045643153527,0.4751381215469613,False
0.1,8,0.18750000000000006,0.7276507276507277,0.05755395683453237,0.7385892116182573,0.0,False
0.1,8,0.14375000000000004,0.0498960498960499,0.012958963282937367,0.0,0.0,False
0.1,8,0.1,0.5093555093555093,0.46606334841628966,0.483402489626556,0.44543429844097987,False
0.1,9,0.45,0.7401247401247402,0.0,0.7572614107883817,0.0,True
0.1,9,0.40625,0.7276507276507277,0.015037593984962405,0.7572614107883817,0.0,True
0.1,9,0.36250000000000004,0.7255717255717256,0.0,0.7572614107883817,0.0,True
0.1,9,0.31875000000000003,0.735966735966736,0.0,0.7572614107883817,0.0,True
0.1,9,0.275,0.7297297297297297,0.015151515151515152,0.7572614107883817,0.0,True
0.1,9,0.23125,0.738045738045738,0.3,0.8112033195020747,0.4203821656050955,False
0.1,9,0.18750000000000006,0.7713097713097713,0.5217391304347827,0.8319502074688797,0.6048780487804879,False
0.1,9,0.14375000000000004,0.7338877338877339,0.1794871794871795,0.7676348547717843,0.13846153846153847,False
0.1,9,0.1,0.7338877338877339,0.1794871794871795,0.7676348547717843,0.13846153846153847,False
0.1,10,0.45,0.5114345114345115,0.36997319034852544,0.4315352697095436,0.2864583333333333,True
0.1,10,0.40625,0.7338877338877339,0.0,0.7157676348547718,0.0,True
0.1,10,0.36250000000000004,0.738045738045738,0.0,0.7157676348547718,0.0,True
0.1,10,0.31875000000000003,0.7338877338877339,0.0,0.7157676348547718,0.0,True
0.1,10,0.275,0.7318087318087318,0.0,0.7157676348547718,0.0,True
0.1,10,0.23125,0.738045738045738,0.0,0.7157676348547718,0.0,True
0.1,10,0.18750000000000006,0.7484407484407485,0.22929936305732485,0.7697095435684648,0.3798882681564246,False
0.1,10,0.14375000000000004,0.446985446985447,0.46586345381526106,0.47717842323651455,0.5172413793103449,False
0.1,10,0.1,0.44490644490644493,0.46060606060606063,0.47925311203319504,0.5182341650671786,False
0.1,11,0.45,0.7442827442827443,0.031496062992125984,0.7676348547717843,0.0,True
0.1,11,0.40625,0.7442827442827443,0.031496062992125984,0.7676348547717843,0.0,True
0.1,11,0.36250000000000004,0.7484407484407485,0.032,0.7676348547717843,0.0,True
0.1,11,0.31875000000000003,0.7484407484407485,0.032,0.7676348547717843,0.0,True
0.1,11,0.275,0.7442827442827443,0.0,0.7676348547717843,0.0,True
0.1,11,0.23125,0.7442827442827443,0.016,0.7676348547717843,0.0,False
0.1,11,0.18750000000000006,0.446985446985447,0.4637096774193549,0.3900414937759336,0.4302325581395349,False
0.1,11,0.14375000000000004,0.2869022869022869,0.4034782608695652,0.23858921161825727,0.3790186125211506,False
0.1,11,0.1,0.48440748440748443,0.43891402714932126,0.47925311203319504,0.4334085778781039,False
0.1,12,0.45,0.735966735966736,0.030534351145038167,0.7510373443983402,0.0,True
0.1,12,0.40625,0.738045738045738,0.0,0.7510373443983402,0.0,True
0.1,12,0.36250000000000004,0.738045738045738,0.0,0.7510373443983402,0.0,True
0.1,12,0.31875000000000003,0.7276507276507277,0.0437956204379562,0.7510373443983402,0.0,True
0.1,12,0.275,0.738045738045738,0.0,0.7510373443983402,0.0,True
0.1,12,0.23125,0.7796257796257796,0.46464646464646464,0.8091286307053942,0.5053763440860216,True
0.1,12,0.18750000000000006,0.04781704781704782,0.04583333333333334,0.0,0.0,False
0.1,12,0.14375000000000004,0.2681912681912682,0.40136054421768713,0.24896265560165975,0.39666666666666667,False
0.1,12,0.1,0.05405405405405406,0.05797101449275362,0.0,0.0,False
0.1,13,0.45,0.7463617463617463,0.0,0.7759336099585062,0.0,True
0.1,13,0.40625,0.7463617463617463,0.0,0.7759336099585062,0.0,True
0.1,13,0.36250000000000004,0.7463617463617463,0.0,0.7759336099585062,0.0,True
0.1,13,0.31875000000000003,0.7463617463617463,0.0,0.7759336099585062,0.0,True
0.1,13,0.275,0.7484407484407485,0.0,0.7759336099585062,0.0,True
0.1,13,0.23125,0.7567567567567568,0.31578947368421056,0.8112033195020747,0.3636363636363636,False
0.1,13,0.18750000000000006,0.28274428274428276,0.3979057591623037,0.22406639004149378,0.36610169491525424,False
0.1,13,0.14375000000000004,0.04573804573804574,0.017130620985010704,0.0,0.0,False
0.1,13,0.1,0.7130977130977131,0.06756756756756757,0.7738589211618258,0.0,False
0.1,14,0.45,0.5634095634095634,0.396551724137931,0.58298755186722,0.45528455284552843,True
0.1,14,0.40625,0.7422037422037422,0.04615384615384615,0.7282157676348547,0.0,True
0.1,14,0.36250000000000004,0.738045738045738,0.045454545454545456,0.7282157676348547,0.0,True
0.1,14,0.31875000000000003,0.738045738045738,0.0,0.7282157676348547,0.0,True
0.1,14,0.275,0.7442827442827443,0.04651162790697675,0.7282157676348547,0.0,True
0.1,14,0.23125,0.7463617463617463,0.0,0.7282157676348547,0.0,True
0.1,14,0.18750000000000006,0.762993762993763,0.4242424242424242,0.7759336099585062,0.41304347826086957,False
0.1,14,0.14375000000000004,0.4677754677754678,0.46218487394957986,0.44398340248962653,0.49242424242424243,False
0.1,14,0.1,0.7214137214137214,0.10666666666666666,0.7282157676348547,0.0,False
0.1,15,0.45,0.7484407484407485,0.07633587786259542,0.7634854771784232,0.0,True
0.1,15,0.40625,0.7463617463617463,0.031746031746031744,0.7634854771784232,0.0,True
0.1,15,0.36250000000000004,0.7442827442827443,0.016000000000000004,0.7634854771784232,0.0,True
0.1,15,0.31875000000000003,0.7484407484407485,0.016260162601626018,0.7634854771784232,0.0,True
0.1,15,0.275,0.7463617463617463,0.031746031746031744,0.7634854771784232,0.0,True
0.1,15,0.23125,0.7941787941787942,0.5074626865671642,0.8195020746887967,0.5084745762711864,True
0.1,15,0.18750000000000006,0.8024948024948025,0.5739910313901345,0.8236514522821576,0.5549738219895288,False
0.1,15,0.14375000000000004,0.6216216216216216,0.14953271028037385,0.6410788381742739,0.08465608465608465,False
0.1,15,0.1,0.27234927234927236,0.396551724137931,0.23651452282157676,0.38255033557046975,False
0.1,16,0.45,0.7817047817047817,0.054054054054054064,0.7531120331950207,0.0,True
0.1,16,0.40625,0.7858627858627859,0.055045871559633024,0.7531120331950207,0.0,True
0.1,16,0.36250000000000004,0.7879417879417879,0.03773584905660377,0.7531120331950207,0.0,True
0.1,16,0.31875000000000003,0.7858627858627859,0.07207207207207209,0.7531120331950207,0.0,True
0.1,16,0.275,0.7713097713097713,0.3529411764705882,0.7987551867219918,0.4699453551912568,False
0.1,16,0.23125,0.7941787941787942,0.48704663212435234,0.8215767634854771,0.5865384615384615,False
0.1,16,0.18750000000000006,0.7733887733887734,0.128,0.7531120331950207,0.0,False
0.1,16,0.14375000000000004,0.22661122661122662,0.3404255319148936,0.24481327800829875,0.3933333333333333,False
0.1,16,0.1,0.23700623700623702,0.33393829401088926,0.24688796680497926,0.39398998330550916,False
0.1,17,0.45,0.7318087318087318,0.015267175572519085,0.7697095435684648,0.0,True
0.1,17,0.40625,0.7338877338877339,0.015384615384615384,0.7697095435684648,0.0,True
0.1,17,0.36250000000000004,0.735966735966736,0.015503875968992248,0.7697095435684648,0.0,True
0.1,17,0.31875000000000003,0.7234927234927235,0.014814814814814817,0.7697095435684648,0.0,True
0.1,17,0.275,0.7484407484407485,0.016260162601626018,0.7697095435684648,0.0,True
0.1,17,0.23125,0.7463617463617463,0.3510638297872341,0.7800829875518672,0.29333333333333333,False
0.1,17,0.18750000000000006,0.7193347193347194,0.055944055944055944,0.7676348547717843,0.0,False
0.1,17,0.14375000000000004,0.2661122661122661,0.3903281519861831,0.23029045643153526,0.37436762225969644,False
0.1,17,0.1,0.7255717255717256,0.08333333333333333,0.7676348547717843,0.0,False
0.1,18,0.45,0.7754677754677755,0.0,0.7406639004149378,0.0,True
0.1,18,0.40625,0.7754677754677755,0.06896551724137931,0.7406639004149378,0.0,True
0.1,18,0.36250000000000004,0.7733887733887734,0.06837606837606837,0.7406639004149378,0.0,True
0.1,18,0.31875000000000003,0.7796257796257796,0.03636363636363636,0.7406639004149378,0.0,True
0.1,18,0.275,0.7775467775467776,0.0,0.7406639004149378,0.0,True
0.1,18,0.23125,0.7484407484407485,0.2754491017964072,0.7738589211618258,0.3771428571428571,False
0.1,18,0.18750000000000006,0.05405405405405406,0.021505376344086023,0.0,0.0,False
0.1,18,0.14375000000000004,0.2702702702702703,0.3629764065335753,0.26141078838174275,0.4105960264900662,False
0.1,18,0.1,0.7422037422037422,0.0606060606060606,0.7406639004149378,0.0,False
0.1,19,0.45,0.7525987525987526,0.048,0.7655601659751037,0.0,True
0.1,19,0.40625,0.7484407484407485,0.016260162601626018,0.7655601659751037,0.0,True
0.1,19,0.36250000000000004,0.7505197505197505,0.03225806451612903,0.7655601659751037,0.0,True
0.1,19,0.31875000000000003,0.7567567567567568,0.07874015748031497,0.7655601659751037,0.0,True
0.1,19,0.275,0.7879417879417879,0.41379310344827586,0.8070539419087137,0.43636363636363634,True
0.1,19,0.23125,0.760914760914761,0.4444444444444445,0.8049792531120332,0.49462365591397844,False
0.1,19,0.18750000000000006,0.05197505197505198,0.029787234042553193,0.0,0.0,False
0.1,19,0.14375000000000004,0.2661122661122661,0.3839441535776615,0.23443983402489627,0.3798319327731092,False
0.1,19,0.1,0.05197505197505198,0.029787234042553193,0.0,0.0,False
0.1,20,0.45,0.7588357588357588,0.03333333333333333,0.7531120331950207,0.0,True
0.1,20,0.40625,0.7567567567567568,0.01680672268907563,0.7531120331950207,0.0,True
0.1,20,0.36250000000000004,0.7567567567567568,0.01680672268907563,0.7531120331950207,0.0,True
0.1,20,0.31875000000000003,0.7567567567567568,0.01680672268907563,0.7531120331950207,0.0,True
0.1,20,0.275,0.7754677754677755,0.3571428571428572,0.8132780082987552,0.4078947368421053,True
0.1,20,0.23125,0.7214137214137214,0.23863636363636367,0.7697095435684648,0.25503355704697983,False
0.1,20,0.18750000000000006,0.41995841995842,0.434077079107505,0.45435684647302904,0.4708249496981892,False
0.1,20,0.14375000000000004,0.4698544698544699,0.3971631205673759,0.46887966804979253,0.40740740740740733,False
0.1,20,0.1,0.41995841995842,0.434077079107505,0.45435684647302904,0.4708249496981892,False
0.1,21,0.45,0.7442827442827443,0.0,0.7676348547717843,0.0,True
0.1,21,0.40625,0.7442827442827443,0.0,0.7676348547717843,0.0,True
0.1,21,0.36250000000000004,0.7567567567567568,0.0,0.7676348547717843,0.0,True
0.1,21,0.31875000000000003,0.7318087318087318,0.015267175572519083,0.7676348547717843,0.0,True
0.1,21,0.275,0.7879417879417879,0.3928571428571429,0.8091286307053942,0.3783783783783784,True
0.1,21,0.23125,0.7401247401247402,0.3386243386243386,0.7780082987551867,0.36686390532544383,False
0.1,21,0.18750000000000006,0.21205821205821207,0.015584415584415583,0.2033195020746888,0.0,False
0.1,21,0.14375000000000004,0.7276507276507277,0.05755395683453237,0.7676348547717843,0.0,False
0.1,21,0.1,0.7172557172557172,0.04225352112676057,0.7676348547717843,0.0,False
0.1,22,0.45,0.762993762993763,0.05,0.7572614107883817,0.0,True
0.1,22,0.40625,0.7588357588357588,0.03333333333333333,0.7572614107883817,0.0,True
0.1,22,0.36250000000000004,0.7588357588357588,0.03333333333333333,0.7572614107883817,0.0,True
0.1,22,0.31875000000000003,0.760914760914761,0.049586776859504134,0.7572614107883817,0.0,True
0.1,22,0.275,0.7567567567567568,0.03305785123966942,0.7572614107883817,0.0,True
0.1,22,0.23125,0.058212058212058215,0.029978586723768737,0.0,0.0,False
0.1,22,0.18750000000000006,0.062370062370062374,0.04651162790697675,0.0,0.0,False
0.1,22,0.14375000000000004,0.7525987525987526,0.15602836879432624,0.7572614107883817,0.0,False
0.1,22,0.1,0.05197505197505198,0.0379746835443038,0.0,0.0,False
0.1,23,0.45,0.7318087318087318,0.04444444444444444,0.7946058091286307,0.0,True
0.1,23,0.40625,0.7338877338877339,0.04477611940298507,0.7946058091286307,0.0,True
0.1,23,0.36250000000000004,0.7318087318087318,0.04444444444444444,0.7946058091286307,0.0,True
0.1,23,0.31875000000000003,0.7338877338877339,0.058823529411764705,0.7946058091286307,0.0,True
0.1,23,0.275,0.7276507276507277,0.2598870056497175,0.8153526970954357,0.31007751937984496,True
0.1,23,0.23125,0.062370062370062374,0.034261241970021415,0.0,0.0,False
0.1,23,0.18750000000000006,0.04781704781704782,0.021367521367521368,0.0,0.0,False
0.1,23,0.14375000000000004,0.060291060291060294,0.034188034188034185,0.0,0.0,False
0.1,23,0.1,0.060291060291060294,0.034188034188034185,0.0,0.0,False
0.1,24,0.45,0.7733887733887734,0.018018018018018018,0.7406639004149378,0.0,True
0.1,24,0.40625,0.7754677754677755,0.01818181818181818,0.7406639004149378,0.0,True
0.1,24,0.36250000000000004,0.7754677754677755,0.01818181818181818,0.7406639004149378,0.0,True
0.1,24,0.31875000000000003,0.7733887733887734,0.018018018018018018,0.7406639004149378,0.0,True
0.1,24,0.275,0.7754677754677755,0.0,0.7406639004149378,0.0,True
0.1,24,0.23125,0.43451143451143454,0.423728813559322,0.44398340248962653,0.4745098039215686,False
0.1,24,0.18750000000000006,0.7442827442827443,0.08888888888888888,0.7406639004149378,0.0,False
0.1,24,0.14375000000000004,0.4261954261954262,0.4225941422594142,0.43983402489626555,0.47470817120622566,False
0.1,24,0.1,0.04781704781704782,0.029661016949152543,0.0,0.0,False
0.1,25,0.45,0.7546777546777547,0.04838709677419354,0.7655601659751037,0.0,True
0.1,25,0.40625,0.7588357588357588,0.04918032786885246,0.7655601659751037,0.0,True
0.1,25,0.36250000000000004,0.7525987525987526,0.047999999999999994,0.7655601659751037,0.0,True
0.1,25,0.31875000000000003,0.7567567567567568,0.03305785123966942,0.7655601659751037,0.0,True
0.1,25,0.275,0.762993762993763,0.017241379310344827,0.7655601659751037,0.0,True
0.1,25,0.23125,0.7588357588357588,0.4579439252336448,0.7987551867219918,0.4812834224598931,True
0.1,25,0.18750000000000006,0.22245322245322247,0.02094240837696335,0.18672199170124482,0.0,False
0.1,25,0.14375000000000004,0.0395010395010395,0.004310344827586207,0.0,0.0,False
0.1,25,0.1,0.25571725571725573,0.3741258741258741,0.23651452282157676,0.3804713804713805,False
0.1,26,0.45,0.7505197505197505,0.0625,0.7427385892116183,0.0,True
0.1,26,0.40625,0.7505197505197505,0.047619047619047616,0.7427385892116183,0.0,True
0.1,26,0.36250000000000004,0.7505197505197505,0.047619047619047616,0.7427385892116183,0.0,True
0.1,26,0.31875000000000003,0.7484407484407485,0.047244094488188976,0.7427385892116183,0.0,True
0.1,26,0.275,0.7484407484407485,0.047244094488188976,0.7427385892116183,0.0,True
0.1,26,0.23125,0.7900207900207901,0.4656084656084655,0.8049792531120332,0.4534883720930233,True
0.1,26,0.18750000000000006,0.7941787941787942,0.5308056872037915,0.8070539419087137,0.5230769230769231,False
0.1,26,0.14375000000000004,0.7318087318087318,0.1342281879194631,0.7427385892116183,0.0,False
0.1,26,0.1,0.7297297297297297,0.13333333333333333,0.7427385892116183,0.0,False
0.1,27,0.45,0.7733887733887734,0.01801801801801802,0.7489626556016598,0.0,True
0.1,27,0.40625,0.7733887733887734,0.01801801801801802,0.7489626556016598,0.0,True
0.1,27,0.36250000000000004,0.7692307692307693,0.034782608695652174,0.7489626556016598,0.0,True
0.1,27,0.31875000000000003,0.7546777546777547,0.04838709677419355,0.7489626556016598,0.0,True
0.1,27,0.275,0.760914760914761,0.3850267379679144,0.8049792531120332,0.44705882352941173,True
0.1,27,0.23125,0.7796257796257796,0.32911392405063294,0.8112033195020747,0.4484848484848485,False
0.1,27,0.18750000000000006,0.7422037422037422,0.03125,0.7448132780082988,0.0,False
0.1,27,0.14375000000000004,0.058212058212058215,0.01735357917570499,0.0,0.0,False
0.1,27,0.1,0.2494802494802495,0.36331569664902996,0.25103734439834025,0.4013266998341625,False
0.1,28,0.45,0.7546777546777547,0.016666666666666663,0.7634854771784232,0.0,True
0.1,28,0.40625,0.7525987525987526,0.016528925619834708,0.7634854771784232,0.0,True
0.1,28,0.36250000000000004,0.7525987525987526,0.016528925619834708,0.7634854771784232,0.0,True
0.1,28,0.31875000000000003,0.7505197505197505,0.016393442622950817,0.7634854771784232,0.0,True
0.1,28,0.275,0.7796257796257796,0.369047619047619,0.7946058091286307,0.31724137931034485,True
0.1,28,0.23125,0.7837837837837838,0.4022988505747126,0.7821576763485477,0.2953020134228188,False
0.1,28,0.18750000000000006,0.27442827442827444,0.38010657193605685,0.24896265560165975,0.3864406779661017,False
0.1,28,0.14375000000000004,0.04781704781704782,0.021367521367521368,0.0,0.0,False
0.1,28,0.1,0.056133056133056136,0.025751072961373394,0.0,0.0,False
0.1,29,0.45,0.501039501039501,0.2982456140350877,0.475103734439834,0.32171581769436997,True
0.1,29,0.40625,0.7297297297297297,0.015151515151515154,0.7406639004149378,0.0,True
0.1,29,0.36250000000000004,0.7255717255717256,0.029411764705882356,0.7406639004149378,0.0,True
0.1,29,0.31875000000000003,0.7255717255717256,0.029411764705882356,0.7406639004149378,0.0,True
0.1,29,0.275,0.7255717255717256,0.029411764705882356,0.7406639004149378,0.0,True
0.1,29,0.23125,0.7297297297297297,0.015151515151515154,0.7406639004149378,0.0,True
0.1,29,0.18750000000000006,0.7983367983367984,0.58008658008658,0.8070539419087137,0.5279187817258882,False
0.1,29,0.14375000000000004,0.0395010395010395,0.01702127659574468,0.0,0.0,False
0.1,29,0.1,0.4553014553014553,0.4822134387351778,0.47717842323651455,0.496,False
0.15,0,0.45,0.7692307692307693,0.05128205128205128,0.7427385892116183,0.0,True
0.15,0,0.40625,0.7567567567567568,0.064,0.7427385892116183,0.0,True
0.15,0,0.36250000000000004,0.7588357588357588,0.06451612903225806,0.7427385892116183,0.0,True
0.15,0,0.31875000000000003,0.7692307692307693,0.06722689075630252,0.7427385892116183,0.0,True
0.15,0,0.275,0.7713097713097713,0.017857142857142856,0.7427385892116183,0.0,True
0.15,0,0.23125,0.7775467775467776,0.4568527918781726,0.8029045643153527,0.527363184079602,True
0.15,0,0.18750000000000006,0.43243243243243246,0.4078091106290673,0.43983402489626555,0.47265625000000006,False
0.15,0,0.14375000000000004,0.43451143451143454,0.41125541125541126,0.44190871369294604,0.47766990291262135,False
0.15,0,0.1,0.7110187110187111,0.0915032679738562,0.7427385892116183,0.0,False
0.15,1,0.45,0.7297297297297297,0.0,0.7655601659751037,0.0,True
0.15,1,0.40625,0.7338877338877339,0.04477611940298508,0.7655601659751037,0.0,True
0.15,1,0.36250000000000004,0.7338877338877339,0.04477611940298508,0.7655601659751037,0.0,True
0.15,1,0.31875000000000003,0.7297297297297297,0.0,0.7655601659751037,0.0,True
0.15,1,0.275,0.7297297297297297,0.0,0.7655601659751037,0.0,True
0.15,1,0.23125,0.7172557172557172,0.31999999999999995,0.8008298755186722,0.3684210526315789,False
0.15,1,0.18750000000000006,0.738045738045738,0.34374999999999994,0.8132780082987552,0.3835616438356164,False
0.15,1,0.14375000000000004,0.6964656964656964,0.12048192771084337,0.7697095435684648,0.034782608695652174,False
0.15,1,0.1,0.5426195426195426,0.09090909090909091,0.5726141078838174,0.009615384615384616,False
0.15,2,0.45,0.738045738045738,0.030769230769230767,0.7406639004149378,0.0,True
0.15,2,0.40625,0.7401247401247402,0.031007751937984496,0.7406639004149378,0.0,True
0.15,2,0.36250000000000004,0.7422037422037422,0.03125,0.7406639004149378,0.0,True
0.15,2,0.31875000000000003,0.7401247401247402,0.031007751937984496,0.7406639004149378,0.0,True
0.15,2,0.275,0.7442827442827443,0.015999999999999997,0.7406639004149378,0.0,True
0.15,2,0.23125,0.7442827442827443,0.015999999999999997,0.7406639004149378,0.0,True
0.15,2,0.18750000000000006,0.4656964656964657,0.3981264637002342,0.475103734439834,0.469601677148847,False
0.15,2,0.14375000000000004,0.7006237006237006,0.06493506493506493,0.7406639004149378,0.0,False
0.15,2,0.1,0.07276507276507277,0.04291845493562232,0.0,0.0,False
0.15,3,0.45,0.7318087318087318,0.0979020979020979,0.7489626556016598,0.0,True
0.15,3,0.40625,0.735966735966736,0.07299270072992702,0.7489626556016598,0.0,True
0.15,3,0.36250000000000004,0.735966735966736,0.08633093525179857,0.7489626556016598,0.0,True
0.15,3,0.31875000000000003,0.7338877338877339,0.08571428571428572,0.7489626556016598,0.0,True
0.15,3,0.275,0.7463617463617463,0.06153846153846154,0.7489626556016598,0.0,True
0.15,3,0.23125,0.7442827442827443,0.031496062992125984,0.7489626556016598,0.0,True
